year,district,district_en,lat,lon,crop,yield_c_ha,tmean_mjja,precip_mjja,gdd5,heat30,dry_max,et0,p30_anom
2005,Атбасарский,Atbasar,51.81,68.36,barley,11.4,18.16,212.9,1488.6,11,17,478.0,48.9
2005,Атбасарский,Atbasar,51.81,68.36,flax,4.27,18.16,212.9,1488.6,11,17,478.0,48.9
2005,Атбасарский,Atbasar,51.81,68.36,oats,10.92,18.16,212.9,1488.6,11,17,478.0,48.9
2005,Атбасарский,Atbasar,51.81,68.36,rapeseed,6.17,18.16,212.9,1488.6,11,17,478.0,48.9
2005,Атбасарский,Atbasar,51.81,68.36,spring_wheat,10.64,18.16,212.9,1488.6,11,17,478.0,48.9
2005,Атбасарский,Atbasar,51.81,68.36,sunflower,4.56,18.16,212.9,1488.6,11,17,478.0,48.9
2005,Буландынский,Bulandy,52.63,70.42,barley,12.48,17.46,311.9,1359.9,3,9,424.6,53.3
2005,Буландынский,Bulandy,52.63,70.42,flax,4.68,17.46,311.9,1359.9,3,9,424.6,53.3
2005,Буландынский,Bulandy,52.63,70.42,oats,11.96,17.46,311.9,1359.9,3,9,424.6,53.3
2005,Буландынский,Bulandy,52.63,70.42,rapeseed,6.76,17.46,311.9,1359.9,3,9,424.6,53.3
2005,Буландынский,Bulandy,52.63,70.42,spring_wheat,11.65,17.46,311.9,1359.9,3,9,424.6,53.3
2005,Буландынский,Bulandy,52.63,70.42,sunflower,4.99,17.46,311.9,1359.9,3,9,424.6,53.3
2005,Бурабайский,Burabay,52.94,70.31,barley,12.6,17.29,311.1,1282.2,2,9,404.7,37.0
2005,Бурабайский,Burabay,52.94,70.31,flax,4.73,17.29,311.1,1282.2,2,9,404.7,37.0
2005,Бурабайский,Burabay,52.94,70.31,oats,12.08,17.29,311.1,1282.2,2,9,404.7,37.0
2005,Бурабайский,Burabay,52.94,70.31,rapeseed,6.83,17.29,311.1,1282.2,2,9,404.7,37.0
2005,Бурабайский,Burabay,52.94,70.31,spring_wheat,11.76,17.29,311.1,1282.2,2,9,404.7,37.0
2005,Бурабайский,Burabay,52.94,70.31,sunflower,5.04,17.29,311.1,1282.2,2,9,404.7,37.0
2005,Есильский,Esil,51.95,66.4,barley,11.16,19.25,171.6,1546.2,12,16,497.9,25.0
2005,Есильский,Esil,51.95,66.4,flax,4.19,19.25,171.6,1546.2,12,16,497.9,25.0
2005,Есильский,Esil,51.95,66.4,oats,10.7,19.25,171.6,1546.2,12,16,497.9,25.0
2005,Есильский,Esil,51.95,66.4,rapeseed,6.04,19.25,171.6,1546.2,12,16,497.9,25.0
2005,Есильский,Esil,51.95,66.4,spring_wheat,10.42,19.25,171.6,1546.2,12,16,497.9,25.0
2005,Есильский,Esil,51.95,66.4,sunflower,4.46,19.25,171.6,1546.2,12,16,497.9,25.0
2005,Жаксынский,Zhaksy,51.9,67.3,barley,11.04,18.23,239.5,1441.3,6,16,468.1,53.6
2005,Жаксынский,Zhaksy,51.9,67.3,flax,4.14,18.23,239.5,1441.3,6,16,468.1,53.6
2005,Жаксынский,Zhaksy,51.9,67.3,oats,10.58,18.23,239.5,1441.3,6,16,468.1,53.6
2005,Жаксынский,Zhaksy,51.9,67.3,rapeseed,5.98,18.23,239.5,1441.3,6,16,468.1,53.6
2005,Жаксынский,Zhaksy,51.9,67.3,spring_wheat,10.3,18.23,239.5,1441.3,6,16,468.1,53.6
2005,Жаксынский,Zhaksy,51.9,67.3,sunflower,4.42,18.23,239.5,1441.3,6,16,468.1,53.6
2005,Зерендинский,Zerenda,53.05,69.15,barley,12.72,17.14,312.5,1360.7,2,14,418.6,41.4
2005,Зерендинский,Zerenda,53.05,69.15,flax,4.77,17.14,312.5,1360.7,2,14,418.6,41.4
2005,Зерендинский,Zerenda,53.05,69.15,oats,12.19,17.14,312.5,1360.7,2,14,418.6,41.4
2005,Зерендинский,Zerenda,53.05,69.15,rapeseed,6.89,17.14,312.5,1360.7,2,14,418.6,41.4
2005,Зерендинский,Zerenda,53.05,69.15,spring_wheat,11.87,17.14,312.5,1360.7,2,14,418.6,41.4
2005,Зерендинский,Zerenda,53.05,69.15,sunflower,5.09,17.14,312.5,1360.7,2,14,418.6,41.4
2005,Кокшетау,Kokshetau,53.29,69.39,barley,12.24,17.83,290.1,1424.3,7,9,427.8,36.4
2005,Кокшетау,Kokshetau,53.29,69.39,flax,4.59,17.83,290.1,1424.3,7,9,427.8,36.4
2005,Кокшетау,Kokshetau,53.29,69.39,oats,11.73,17.83,290.1,1424.3,7,9,427.8,36.4
2005,Кокшетау,Kokshetau,53.29,69.39,rapeseed,6.63,17.83,290.1,1424.3,7,9,427.8,36.4
2005,Кокшетау,Kokshetau,53.29,69.39,spring_wheat,11.42,17.83,290.1,1424.3,7,9,427.8,36.4
2005,Кокшетау,Kokshetau,53.29,69.39,sunflower,4.9,17.83,290.1,1424.3,7,9,427.8,36.4
2005,Сандыктауский,Sandyktau,52.45,68.75,barley,12.36,17.11,296.2,1327.8,1,14,416.0,51.3
2005,Сандыктауский,Sandyktau,52.45,68.75,flax,4.63,17.11,296.2,1327.8,1,14,416.0,51.3
2005,Сандыктауский,Sandyktau,52.45,68.75,oats,11.85,17.11,296.2,1327.8,1,14,416.0,51.3
2005,Сандыктауский,Sandyktau,52.45,68.75,rapeseed,6.7,17.11,296.2,1327.8,1,14,416.0,51.3
2005,Сандыктауский,Sandyktau,52.45,68.75,spring_wheat,11.54,17.11,296.2,1327.8,1,14,416.0,51.3
2005,Сандыктауский,Sandyktau,52.45,68.75,sunflower,4.94,17.11,296.2,1327.8,1,14,416.0,51.3
2005,Целиноградский,Tselinograd,51.18,71.03,barley,11.76,18.9,154.6,1535.8,15,17,505.1,10.4
2005,Целиноградский,Tselinograd,51.18,71.03,flax,4.41,18.9,154.6,1535.8,15,17,505.1,10.4
2005,Целиноградский,Tselinograd,51.18,71.03,oats,11.27,18.9,154.6,1535.8,15,17,505.1,10.4
2005,Целиноградский,Tselinograd,51.18,71.03,rapeseed,6.37,18.9,154.6,1535.8,15,17,505.1,10.4
2005,Целиноградский,Tselinograd,51.18,71.03,spring_wheat,10.98,18.9,154.6,1535.8,15,17,505.1,10.4
2005,Целиноградский,Tselinograd,51.18,71.03,sunflower,4.7,18.9,154.6,1535.8,15,17,505.1,10.4
2005,Шортандинский,Shortandy,51.7,70.99,barley,12.0,18.38,223.6,1449.2,12,13,470.5,33.6
2005,Шортандинский,Shortandy,51.7,70.99,flax,4.5,18.38,223.6,1449.2,12,13,470.5,33.6
2005,Шортандинский,Shortandy,51.7,70.99,oats,11.5,18.38,223.6,1449.2,12,13,470.5,33.6
2005,Шортандинский,Shortandy,51.7,70.99,rapeseed,6.5,18.38,223.6,1449.2,12,13,470.5,33.6
2005,Шортандинский,Shortandy,51.7,70.99,spring_wheat,11.2,18.38,223.6,1449.2,12,13,470.5,33.6
2005,Шортандинский,Shortandy,51.7,70.99,sunflower,4.8,18.38,223.6,1449.2,12,13,470.5,33.6
2006,Атбасарский,Atbasar,51.81,68.36,barley,12.54,17.5,82.9,1538.0,16,17,528.4,-42.0
2006,Атбасарский,Atbasar,51.81,68.36,flax,4.75,17.5,82.9,1538.0,16,17,528.4,-42.0
2006,Атбасарский,Atbasar,51.81,68.36,oats,12.16,17.5,82.9,1538.0,16,17,528.4,-42.0
2006,Атбасарский,Atbasar,51.81,68.36,rapeseed,6.65,17.5,82.9,1538.0,16,17,528.4,-42.0
2006,Атбасарский,Atbasar,51.81,68.36,spring_wheat,11.88,17.5,82.9,1538.0,16,17,528.4,-42.0
2006,Атбасарский,Atbasar,51.81,68.36,sunflower,4.94,17.5,82.9,1538.0,16,17,528.4,-42.0
2006,Буландынский,Bulandy,52.63,70.42,barley,13.73,16.72,187.5,1341.3,4,7,446.9,-7.8
2006,Буландынский,Bulandy,52.63,70.42,flax,5.2,16.72,187.5,1341.3,4,7,446.9,-7.8
2006,Буландынский,Bulandy,52.63,70.42,oats,13.31,16.72,187.5,1341.3,4,7,446.9,-7.8
2006,Буландынский,Bulandy,52.63,70.42,rapeseed,7.28,16.72,187.5,1341.3,4,7,446.9,-7.8
2006,Буландынский,Bulandy,52.63,70.42,spring_wheat,13.0,16.72,187.5,1341.3,4,7,446.9,-7.8
2006,Буландынский,Bulandy,52.63,70.42,sunflower,5.41,16.72,187.5,1341.3,4,7,446.9,-7.8
2006,Бурабайский,Burabay,52.94,70.31,barley,13.86,16.54,204.1,1254.3,3,11,423.9,-10.1
2006,Бурабайский,Burabay,52.94,70.31,flax,5.25,16.54,204.1,1254.3,3,11,423.9,-10.1
2006,Бурабайский,Burabay,52.94,70.31,oats,13.44,16.54,204.1,1254.3,3,11,423.9,-10.1
2006,Бурабайский,Burabay,52.94,70.31,rapeseed,7.35,16.54,204.1,1254.3,3,11,423.9,-10.1
2006,Бурабайский,Burabay,52.94,70.31,spring_wheat,13.12,16.54,204.1,1254.3,3,11,423.9,-10.1
2006,Бурабайский,Burabay,52.94,70.31,sunflower,5.46,16.54,204.1,1254.3,3,11,423.9,-10.1
2006,Есильский,Esil,51.95,66.4,barley,12.28,18.54,88.0,1571.5,20,14,537.4,-35.9
2006,Есильский,Esil,51.95,66.4,flax,4.65,18.54,88.0,1571.5,20,14,537.4,-35.9
2006,Есильский,Esil,51.95,66.4,oats,11.9,18.54,88.0,1571.5,20,14,537.4,-35.9
2006,Есильский,Esil,51.95,66.4,rapeseed,6.51,18.54,88.0,1571.5,20,14,537.4,-35.9
2006,Есильский,Esil,51.95,66.4,spring_wheat,11.62,18.54,88.0,1571.5,20,14,537.4,-35.9
2006,Есильский,Esil,51.95,66.4,sunflower,4.84,18.54,88.0,1571.5,20,14,537.4,-35.9
2006,Жаксынский,Zhaksy,51.9,67.3,barley,12.14,17.53,99.3,1476.9,13,16,516.1,-36.3
2006,Жаксынский,Zhaksy,51.9,67.3,flax,4.6,17.53,99.3,1476.9,13,16,516.1,-36.3
2006,Жаксынский,Zhaksy,51.9,67.3,oats,11.78,17.53,99.3,1476.9,13,16,516.1,-36.3
2006,Жаксынский,Zhaksy,51.9,67.3,rapeseed,6.44,17.53,99.3,1476.9,13,16,516.1,-36.3
2006,Жаксынский,Zhaksy,51.9,67.3,spring_wheat,11.5,17.53,99.3,1476.9,13,16,516.1,-36.3
2006,Жаксынский,Zhaksy,51.9,67.3,sunflower,4.78,17.53,99.3,1476.9,13,16,516.1,-36.3
2006,Зерендинский,Zerenda,53.05,69.15,barley,13.99,16.45,184.6,1331.3,4,7,433.4,-16.5
2006,Зерендинский,Zerenda,53.05,69.15,flax,5.3,16.45,184.6,1331.3,4,7,433.4,-16.5
2006,Зерендинский,Zerenda,53.05,69.15,oats,13.57,16.45,184.6,1331.3,4,7,433.4,-16.5
2006,Зерендинский,Zerenda,53.05,69.15,rapeseed,7.42,16.45,184.6,1331.3,4,7,433.4,-16.5
2006,Зерендинский,Zerenda,53.05,69.15,spring_wheat,13.25,16.45,184.6,1331.3,4,7,433.4,-16.5
2006,Зерендинский,Zerenda,53.05,69.15,sunflower,5.51,16.45,184.6,1331.3,4,7,433.4,-16.5
2006,Кокшетау,Kokshetau,53.29,69.39,barley,13.46,17.12,201.9,1386.3,6,7,443.2,-5.1
2006,Кокшетау,Kokshetau,53.29,69.39,flax,5.1,17.12,201.9,1386.3,6,7,443.2,-5.1
2006,Кокшетау,Kokshetau,53.29,69.39,oats,13.06,17.12,201.9,1386.3,6,7,443.2,-5.1
2006,Кокшетау,Kokshetau,53.29,69.39,rapeseed,7.14,17.12,201.9,1386.3,6,7,443.2,-5.1
2006,Кокшетау,Kokshetau,53.29,69.39,spring_wheat,12.75,17.12,201.9,1386.3,6,7,443.2,-5.1
2006,Кокшетау,Kokshetau,53.29,69.39,sunflower,5.3,17.12,201.9,1386.3,6,7,443.2,-5.1
2006,Сандыктауский,Sandyktau,52.45,68.75,barley,13.6,16.58,164.3,1347.7,5,8,446.4,-16.1
2006,Сандыктауский,Sandyktau,52.45,68.75,flax,5.15,16.58,164.3,1347.7,5,8,446.4,-16.1
2006,Сандыктауский,Sandyktau,52.45,68.75,oats,13.18,16.58,164.3,1347.7,5,8,446.4,-16.1
2006,Сандыктауский,Sandyktau,52.45,68.75,rapeseed,7.21,16.58,164.3,1347.7,5,8,446.4,-16.1
2006,Сандыктауский,Sandyktau,52.45,68.75,spring_wheat,12.88,16.58,164.3,1347.7,5,8,446.4,-16.1
2006,Сандыктауский,Sandyktau,52.45,68.75,sunflower,5.36,16.58,164.3,1347.7,5,8,446.4,-16.1
2006,Целиноградский,Tselinograd,51.18,71.03,barley,12.94,18.12,128.2,1516.1,17,10,512.4,-8.4
2006,Целиноградский,Tselinograd,51.18,71.03,flax,4.9,18.12,128.2,1516.1,17,10,512.4,-8.4
2006,Целиноградский,Tselinograd,51.18,71.03,oats,12.54,18.12,128.2,1516.1,17,10,512.4,-8.4
2006,Целиноградский,Tselinograd,51.18,71.03,rapeseed,6.86,18.12,128.2,1516.1,17,10,512.4,-8.4
2006,Целиноградский,Tselinograd,51.18,71.03,spring_wheat,12.25,18.12,128.2,1516.1,17,10,512.4,-8.4
2006,Целиноградский,Tselinograd,51.18,71.03,sunflower,5.1,18.12,128.2,1516.1,17,10,512.4,-8.4
2006,Шортандинский,Shortandy,51.7,70.99,barley,13.2,17.52,160.7,1437.0,12,10,483.6,-4.0
2006,Шортандинский,Shortandy,51.7,70.99,flax,5.0,17.52,160.7,1437.0,12,10,483.6,-4.0
2006,Шортандинский,Shortandy,51.7,70.99,oats,12.8,17.52,160.7,1437.0,12,10,483.6,-4.0
2006,Шортандинский,Shortandy,51.7,70.99,rapeseed,7.0,17.52,160.7,1437.0,12,10,483.6,-4.0
2006,Шортандинский,Shortandy,51.7,70.99,spring_wheat,12.5,17.52,160.7,1437.0,12,10,483.6,-4.0
2006,Шортандинский,Shortandy,51.7,70.99,sunflower,5.2,17.52,160.7,1437.0,12,10,483.6,-4.0
2007,Атбасарский,Atbasar,51.81,68.36,barley,13.77,17.63,76.7,1510.1,13,13,520.9,-46.4
2007,Атбасарский,Atbasar,51.81,68.36,flax,5.22,17.63,76.7,1510.1,13,13,520.9,-46.4
2007,Атбасарский,Atbasar,51.81,68.36,oats,13.3,17.63,76.7,1510.1,13,13,520.9,-46.4
2007,Атбасарский,Atbasar,51.81,68.36,rapeseed,7.41,17.63,76.7,1510.1,13,13,520.9,-46.4
2007,Атбасарский,Atbasar,51.81,68.36,spring_wheat,13.11,17.63,76.7,1510.1,13,13,520.9,-46.4
2007,Атбасарский,Atbasar,51.81,68.36,sunflower,5.51,17.63,76.7,1510.1,13,13,520.9,-46.4
2007,Буландынский,Bulandy,52.63,70.42,barley,15.08,17.02,199.4,1358.9,10,7,468.1,-2.0
2007,Буландынский,Bulandy,52.63,70.42,flax,5.72,17.02,199.4,1358.9,10,7,468.1,-2.0
2007,Буландынский,Bulandy,52.63,70.42,oats,14.56,17.02,199.4,1358.9,10,7,468.1,-2.0
2007,Буландынский,Bulandy,52.63,70.42,rapeseed,8.11,17.02,199.4,1358.9,10,7,468.1,-2.0
2007,Буландынский,Bulandy,52.63,70.42,spring_wheat,14.35,17.02,199.4,1358.9,10,7,468.1,-2.0
2007,Буландынский,Bulandy,52.63,70.42,sunflower,6.03,17.02,199.4,1358.9,10,7,468.1,-2.0
2007,Бурабайский,Burabay,52.94,70.31,barley,15.23,16.7,222.0,1270.5,5,8,443.7,-2.3
2007,Бурабайский,Burabay,52.94,70.31,flax,5.78,16.7,222.0,1270.5,5,8,443.7,-2.3
2007,Бурабайский,Burabay,52.94,70.31,oats,14.7,16.7,222.0,1270.5,5,8,443.7,-2.3
2007,Бурабайский,Burabay,52.94,70.31,rapeseed,8.19,16.7,222.0,1270.5,5,8,443.7,-2.3
2007,Бурабайский,Burabay,52.94,70.31,spring_wheat,14.49,16.7,222.0,1270.5,5,8,443.7,-2.3
2007,Бурабайский,Burabay,52.94,70.31,sunflower,6.09,16.7,222.0,1270.5,5,8,443.7,-2.3
2007,Есильский,Esil,51.95,66.4,barley,13.49,18.54,159.6,1529.8,13,9,513.9,16.2
2007,Есильский,Esil,51.95,66.4,flax,5.12,18.54,159.6,1529.8,13,9,513.9,16.2
2007,Есильский,Esil,51.95,66.4,oats,13.02,18.54,159.6,1529.8,13,9,513.9,16.2
2007,Есильский,Esil,51.95,66.4,rapeseed,7.25,18.54,159.6,1529.8,13,9,513.9,16.2
2007,Есильский,Esil,51.95,66.4,spring_wheat,12.83,18.54,159.6,1529.8,13,9,513.9,16.2
2007,Есильский,Esil,51.95,66.4,sunflower,5.39,18.54,159.6,1529.8,13,9,513.9,16.2
2007,Жаксынский,Zhaksy,51.9,67.3,barley,13.34,17.59,139.3,1441.3,10,23,495.5,-10.7
2007,Жаксынский,Zhaksy,51.9,67.3,flax,5.06,17.59,139.3,1441.3,10,23,495.5,-10.7
2007,Жаксынский,Zhaksy,51.9,67.3,oats,12.88,17.59,139.3,1441.3,10,23,495.5,-10.7
2007,Жаксынский,Zhaksy,51.9,67.3,rapeseed,7.18,17.59,139.3,1441.3,10,23,495.5,-10.7
2007,Жаксынский,Zhaksy,51.9,67.3,spring_wheat,12.7,17.59,139.3,1441.3,10,23,495.5,-10.7
2007,Жаксынский,Zhaksy,51.9,67.3,sunflower,5.34,17.59,139.3,1441.3,10,23,495.5,-10.7
2007,Зерендинский,Zerenda,53.05,69.15,barley,15.37,16.5,217.4,1338.1,8,9,444.8,-1.6
2007,Зерендинский,Zerenda,53.05,69.15,flax,5.83,16.5,217.4,1338.1,8,9,444.8,-1.6
2007,Зерендинский,Zerenda,53.05,69.15,oats,14.84,16.5,217.4,1338.1,8,9,444.8,-1.6
2007,Зерендинский,Zerenda,53.05,69.15,rapeseed,8.27,16.5,217.4,1338.1,8,9,444.8,-1.6
2007,Зерендинский,Zerenda,53.05,69.15,spring_wheat,14.63,16.5,217.4,1338.1,8,9,444.8,-1.6
2007,Зерендинский,Zerenda,53.05,69.15,sunflower,6.15,16.5,217.4,1338.1,8,9,444.8,-1.6
2007,Кокшетау,Kokshetau,53.29,69.39,barley,14.79,17.16,200.6,1402.5,9,11,458.0,-5.7
2007,Кокшетау,Kokshetau,53.29,69.39,flax,5.61,17.16,200.6,1402.5,9,11,458.0,-5.7
2007,Кокшетау,Kokshetau,53.29,69.39,oats,14.28,17.16,200.6,1402.5,9,11,458.0,-5.7
2007,Кокшетау,Kokshetau,53.29,69.39,rapeseed,7.96,17.16,200.6,1402.5,9,11,458.0,-5.7
2007,Кокшетау,Kokshetau,53.29,69.39,spring_wheat,14.08,17.16,200.6,1402.5,9,11,458.0,-5.7
2007,Кокшетау,Kokshetau,53.29,69.39,sunflower,5.92,17.16,200.6,1402.5,9,11,458.0,-5.7
2007,Сандыктауский,Sandyktau,52.45,68.75,barley,14.94,16.59,155.9,1340.2,7,9,455.4,-20.4
2007,Сандыктауский,Sandyktau,52.45,68.75,flax,5.67,16.59,155.9,1340.2,7,9,455.4,-20.4
2007,Сандыктауский,Sandyktau,52.45,68.75,oats,14.42,16.59,155.9,1340.2,7,9,455.4,-20.4
2007,Сандыктауский,Sandyktau,52.45,68.75,rapeseed,8.03,16.59,155.9,1340.2,7,9,455.4,-20.4
2007,Сандыктауский,Sandyktau,52.45,68.75,spring_wheat,14.21,16.59,155.9,1340.2,7,9,455.4,-20.4
2007,Сандыктауский,Sandyktau,52.45,68.75,sunflower,5.97,16.59,155.9,1340.2,7,9,455.4,-20.4
2007,Целиноградский,Tselinograd,51.18,71.03,barley,14.21,18.59,92.6,1521.1,17,16,530.2,-33.9
2007,Целиноградский,Tselinograd,51.18,71.03,flax,5.39,18.59,92.6,1521.1,17,16,530.2,-33.9
2007,Целиноградский,Tselinograd,51.18,71.03,oats,13.72,18.59,92.6,1521.1,17,16,530.2,-33.9
2007,Целиноградский,Tselinograd,51.18,71.03,rapeseed,7.64,18.59,92.6,1521.1,17,16,530.2,-33.9
2007,Целиноградский,Tselinograd,51.18,71.03,spring_wheat,13.52,18.59,92.6,1521.1,17,16,530.2,-33.9
2007,Целиноградский,Tselinograd,51.18,71.03,sunflower,5.68,18.59,92.6,1521.1,17,16,530.2,-33.9
2007,Шортандинский,Shortandy,51.7,70.99,barley,14.5,18.04,137.9,1439.0,11,16,503.2,-17.6
2007,Шортандинский,Shortandy,51.7,70.99,flax,5.5,18.04,137.9,1439.0,11,16,503.2,-17.6
2007,Шортандинский,Shortandy,51.7,70.99,oats,14.0,18.04,137.9,1439.0,11,16,503.2,-17.6
2007,Шортандинский,Shortandy,51.7,70.99,rapeseed,7.8,18.04,137.9,1439.0,11,16,503.2,-17.6
2007,Шортандинский,Shortandy,51.7,70.99,spring_wheat,13.8,18.04,137.9,1439.0,11,16,503.2,-17.6
2007,Шортандинский,Shortandy,51.7,70.99,sunflower,5.8,18.04,137.9,1439.0,11,16,503.2,-17.6
2008,Атбасарский,Atbasar,51.81,68.36,barley,10.64,19.54,97.9,1712.8,19,20,577.9,-31.5
2008,Атбасарский,Atbasar,51.81,68.36,flax,3.99,19.54,97.9,1712.8,19,20,577.9,-31.5
2008,Атбасарский,Atbasar,51.81,68.36,oats,10.26,19.54,97.9,1712.8,19,20,577.9,-31.5
2008,Атбасарский,Atbasar,51.81,68.36,rapeseed,5.7,19.54,97.9,1712.8,19,20,577.9,-31.5
2008,Атбасарский,Atbasar,51.81,68.36,spring_wheat,9.88,19.54,97.9,1712.8,19,20,577.9,-31.5
2008,Атбасарский,Atbasar,51.81,68.36,sunflower,4.27,19.54,97.9,1712.8,19,20,577.9,-31.5
2008,Буландынский,Bulandy,52.63,70.42,barley,11.65,19.15,129.0,1526.2,10,19,517.2,-36.6
2008,Буландынский,Bulandy,52.63,70.42,flax,4.37,19.15,129.0,1526.2,10,19,517.2,-36.6
2008,Буландынский,Bulandy,52.63,70.42,oats,11.23,19.15,129.0,1526.2,10,19,517.2,-36.6
2008,Буландынский,Bulandy,52.63,70.42,rapeseed,6.24,19.15,129.0,1526.2,10,19,517.2,-36.6
2008,Буландынский,Bulandy,52.63,70.42,spring_wheat,10.82,19.15,129.0,1526.2,10,19,517.2,-36.6
2008,Буландынский,Bulandy,52.63,70.42,sunflower,4.68,19.15,129.0,1526.2,10,19,517.2,-36.6
2008,Бурабайский,Burabay,52.94,70.31,barley,11.76,18.82,156.9,1437.4,5,19,494.5,-30.9
2008,Бурабайский,Burabay,52.94,70.31,flax,4.41,18.82,156.9,1437.4,5,19,494.5,-30.9
2008,Бурабайский,Burabay,52.94,70.31,oats,11.34,18.82,156.9,1437.4,5,19,494.5,-30.9
2008,Бурабайский,Burabay,52.94,70.31,rapeseed,6.3,18.82,156.9,1437.4,5,19,494.5,-30.9
2008,Бурабайский,Burabay,52.94,70.31,spring_wheat,10.92,18.82,156.9,1437.4,5,19,494.5,-30.9
2008,Бурабайский,Burabay,52.94,70.31,sunflower,4.73,18.82,156.9,1437.4,5,19,494.5,-30.9
2008,Есильский,Esil,51.95,66.4,barley,10.42,20.09,113.5,1734.2,27,20,578.0,-17.3
2008,Есильский,Esil,51.95,66.4,flax,3.91,20.09,113.5,1734.2,27,20,578.0,-17.3
2008,Есильский,Esil,51.95,66.4,oats,10.04,20.09,113.5,1734.2,27,20,578.0,-17.3
2008,Есильский,Esil,51.95,66.4,rapeseed,5.58,20.09,113.5,1734.2,27,20,578.0,-17.3
2008,Есильский,Esil,51.95,66.4,spring_wheat,9.67,20.09,113.5,1734.2,27,20,578.0,-17.3
2008,Есильский,Esil,51.95,66.4,sunflower,4.19,20.09,113.5,1734.2,27,20,578.0,-17.3
2008,Жаксынский,Zhaksy,51.9,67.3,barley,10.3,19.44,134.4,1650.5,16,16,558.9,-13.8
2008,Жаксынский,Zhaksy,51.9,67.3,flax,3.86,19.44,134.4,1650.5,16,16,558.9,-13.8
2008,Жаксынский,Zhaksy,51.9,67.3,oats,9.94,19.44,134.4,1650.5,16,16,558.9,-13.8
2008,Жаксынский,Zhaksy,51.9,67.3,rapeseed,5.52,19.44,134.4,1650.5,16,16,558.9,-13.8
2008,Жаксынский,Zhaksy,51.9,67.3,spring_wheat,9.57,19.44,134.4,1650.5,16,16,558.9,-13.8
2008,Жаксынский,Zhaksy,51.9,67.3,sunflower,4.14,19.44,134.4,1650.5,16,16,558.9,-13.8
2008,Зерендинский,Zerenda,53.05,69.15,barley,11.87,18.66,150.1,1528.2,10,19,506.9,-32.1
2008,Зерендинский,Zerenda,53.05,69.15,flax,4.45,18.66,150.1,1528.2,10,19,506.9,-32.1
2008,Зерендинский,Zerenda,53.05,69.15,oats,11.45,18.66,150.1,1528.2,10,19,506.9,-32.1
2008,Зерендинский,Zerenda,53.05,69.15,rapeseed,6.36,18.66,150.1,1528.2,10,19,506.9,-32.1
2008,Зерендинский,Zerenda,53.05,69.15,spring_wheat,11.02,18.66,150.1,1528.2,10,19,506.9,-32.1
2008,Зерендинский,Zerenda,53.05,69.15,sunflower,4.77,18.66,150.1,1528.2,10,19,506.9,-32.1
2008,Кокшетау,Kokshetau,53.29,69.39,barley,11.42,19.03,141.8,1581.2,12,19,516.1,-33.3
2008,Кокшетау,Kokshetau,53.29,69.39,flax,4.28,19.03,141.8,1581.2,12,19,516.1,-33.3
2008,Кокшетау,Kokshetau,53.29,69.39,oats,11.02,19.03,141.8,1581.2,12,19,516.1,-33.3
2008,Кокшетау,Kokshetau,53.29,69.39,rapeseed,6.12,19.03,141.8,1581.2,12,19,516.1,-33.3
2008,Кокшетау,Kokshetau,53.29,69.39,spring_wheat,10.61,19.03,141.8,1581.2,12,19,516.1,-33.3
2008,Кокшетау,Kokshetau,53.29,69.39,sunflower,4.59,19.03,141.8,1581.2,12,19,516.1,-33.3
2008,Сандыктауский,Sandyktau,52.45,68.75,barley,11.54,18.71,120.0,1539.6,9,20,511.8,-38.7
2008,Сандыктауский,Sandyktau,52.45,68.75,flax,4.33,18.71,120.0,1539.6,9,20,511.8,-38.7
2008,Сандыктауский,Sandyktau,52.45,68.75,oats,11.12,18.71,120.0,1539.6,9,20,511.8,-38.7
2008,Сандыктауский,Sandyktau,52.45,68.75,rapeseed,6.18,18.71,120.0,1539.6,9,20,511.8,-38.7
2008,Сандыктауский,Sandyktau,52.45,68.75,spring_wheat,10.71,18.71,120.0,1539.6,9,20,511.8,-38.7
2008,Сандыктауский,Sandyktau,52.45,68.75,sunflower,4.63,18.71,120.0,1539.6,9,20,511.8,-38.7
2008,Целиноградский,Tselinograd,51.18,71.03,barley,10.98,20.16,96.2,1713.6,22,20,578.7,-31.3
2008,Целиноградский,Tselinograd,51.18,71.03,flax,4.12,20.16,96.2,1713.6,22,20,578.7,-31.3
2008,Целиноградский,Tselinograd,51.18,71.03,oats,10.58,20.16,96.2,1713.6,22,20,578.7,-31.3
2008,Целиноградский,Tselinograd,51.18,71.03,rapeseed,5.88,20.16,96.2,1713.6,22,20,578.7,-31.3
2008,Целиноградский,Tselinograd,51.18,71.03,spring_wheat,10.19,20.16,96.2,1713.6,22,20,578.7,-31.3
2008,Целиноградский,Tselinograd,51.18,71.03,sunflower,4.41,20.16,96.2,1713.6,22,20,578.7,-31.3
2008,Шортандинский,Shortandy,51.7,70.99,barley,11.2,19.81,117.5,1644.9,16,20,559.8,-29.8
2008,Шортандинский,Shortandy,51.7,70.99,flax,4.2,19.81,117.5,1644.9,16,20,559.8,-29.8
2008,Шортандинский,Shortandy,51.7,70.99,oats,10.8,19.81,117.5,1644.9,16,20,559.8,-29.8
2008,Шортандинский,Shortandy,51.7,70.99,rapeseed,6.0,19.81,117.5,1644.9,16,20,559.8,-29.8
2008,Шортандинский,Shortandy,51.7,70.99,spring_wheat,10.4,19.81,117.5,1644.9,16,20,559.8,-29.8
2008,Шортандинский,Shortandy,51.7,70.99,sunflower,4.5,19.81,117.5,1644.9,16,20,559.8,-29.8
2009,Атбасарский,Atbasar,51.81,68.36,barley,12.35,16.79,194.8,1357.6,6,17,484.0,36.2
2009,Атбасарский,Atbasar,51.81,68.36,flax,4.56,16.79,194.8,1357.6,6,17,484.0,36.2
2009,Атбасарский,Atbasar,51.81,68.36,oats,11.88,16.79,194.8,1357.6,6,17,484.0,36.2
2009,Атбасарский,Atbasar,51.81,68.36,rapeseed,6.46,16.79,194.8,1357.6,6,17,484.0,36.2
2009,Атбасарский,Atbasar,51.81,68.36,spring_wheat,11.59,16.79,194.8,1357.6,6,17,484.0,36.2
2009,Атбасарский,Atbasar,51.81,68.36,sunflower,4.75,16.79,194.8,1357.6,6,17,484.0,36.2
2009,Буландынский,Bulandy,52.63,70.42,barley,13.52,15.95,250.9,1220.3,4,8,430.6,23.3
2009,Буландынский,Bulandy,52.63,70.42,flax,4.99,15.95,250.9,1220.3,4,8,430.6,23.3
2009,Буландынский,Bulandy,52.63,70.42,oats,13.0,15.95,250.9,1220.3,4,8,430.6,23.3
2009,Буландынский,Bulandy,52.63,70.42,rapeseed,7.07,15.95,250.9,1220.3,4,8,430.6,23.3
2009,Буландынский,Bulandy,52.63,70.42,spring_wheat,12.69,15.95,250.9,1220.3,4,8,430.6,23.3
2009,Буландынский,Bulandy,52.63,70.42,sunflower,5.2,15.95,250.9,1220.3,4,8,430.6,23.3
2009,Бурабайский,Burabay,52.94,70.31,barley,13.65,15.95,260.4,1154.5,2,9,416.9,14.6
2009,Бурабайский,Burabay,52.94,70.31,flax,5.04,15.95,260.4,1154.5,2,9,416.9,14.6
2009,Бурабайский,Burabay,52.94,70.31,oats,13.12,15.95,260.4,1154.5,2,9,416.9,14.6
2009,Бурабайский,Burabay,52.94,70.31,rapeseed,7.14,15.95,260.4,1154.5,2,9,416.9,14.6
2009,Бурабайский,Burabay,52.94,70.31,spring_wheat,12.81,15.95,260.4,1154.5,2,9,416.9,14.6
2009,Бурабайский,Burabay,52.94,70.31,sunflower,5.25,15.95,260.4,1154.5,2,9,416.9,14.6
2009,Есильский,Esil,51.95,66.4,barley,12.09,17.89,131.9,1426.4,9,18,509.0,-4.0
2009,Есильский,Esil,51.95,66.4,flax,4.46,17.89,131.9,1426.4,9,18,509.0,-4.0
2009,Есильский,Esil,51.95,66.4,oats,11.62,17.89,131.9,1426.4,9,18,509.0,-4.0
2009,Есильский,Esil,51.95,66.4,rapeseed,6.32,17.89,131.9,1426.4,9,18,509.0,-4.0
2009,Есильский,Esil,51.95,66.4,spring_wheat,11.35,17.89,131.9,1426.4,9,18,509.0,-4.0
2009,Есильский,Esil,51.95,66.4,sunflower,4.65,17.89,131.9,1426.4,9,18,509.0,-4.0
2009,Жаксынский,Zhaksy,51.9,67.3,barley,11.96,16.82,157.7,1324.6,5,18,485.2,1.1
2009,Жаксынский,Zhaksy,51.9,67.3,flax,4.42,16.82,157.7,1324.6,5,18,485.2,1.1
2009,Жаксынский,Zhaksy,51.9,67.3,oats,11.5,16.82,157.7,1324.6,5,18,485.2,1.1
2009,Жаксынский,Zhaksy,51.9,67.3,rapeseed,6.26,16.82,157.7,1324.6,5,18,485.2,1.1
2009,Жаксынский,Zhaksy,51.9,67.3,spring_wheat,11.22,16.82,157.7,1324.6,5,18,485.2,1.1
2009,Жаксынский,Zhaksy,51.9,67.3,sunflower,4.6,16.82,157.7,1324.6,5,18,485.2,1.1
2009,Зерендинский,Zerenda,53.05,69.15,barley,13.78,15.86,252.4,1267.9,8,12,445.8,14.2
2009,Зерендинский,Zerenda,53.05,69.15,flax,5.09,15.86,252.4,1267.9,8,12,445.8,14.2
2009,Зерендинский,Zerenda,53.05,69.15,oats,13.25,15.86,252.4,1267.9,8,12,445.8,14.2
2009,Зерендинский,Zerenda,53.05,69.15,rapeseed,7.21,15.86,252.4,1267.9,8,12,445.8,14.2
2009,Зерендинский,Zerenda,53.05,69.15,spring_wheat,12.93,15.86,252.4,1267.9,8,12,445.8,14.2
2009,Зерендинский,Zerenda,53.05,69.15,sunflower,5.3,15.86,252.4,1267.9,8,12,445.8,14.2
2009,Кокшетау,Kokshetau,53.29,69.39,barley,13.26,16.6,249.0,1323.8,8,9,456.3,17.0
2009,Кокшетау,Kokshetau,53.29,69.39,flax,4.9,16.6,249.0,1323.8,8,9,456.3,17.0
2009,Кокшетау,Kokshetau,53.29,69.39,oats,12.75,16.6,249.0,1323.8,8,9,456.3,17.0
2009,Кокшетау,Kokshetau,53.29,69.39,rapeseed,6.94,16.6,249.0,1323.8,8,9,456.3,17.0
2009,Кокшетау,Kokshetau,53.29,69.39,spring_wheat,12.44,16.6,249.0,1323.8,8,9,456.3,17.0
2009,Кокшетау,Kokshetau,53.29,69.39,sunflower,5.1,16.6,249.0,1323.8,8,9,456.3,17.0
2009,Сандыктауский,Sandyktau,52.45,68.75,barley,13.39,15.76,228.2,1231.2,4,10,438.3,16.6
2009,Сандыктауский,Sandyktau,52.45,68.75,flax,4.94,15.76,228.2,1231.2,4,10,438.3,16.6
2009,Сандыктауский,Sandyktau,52.45,68.75,oats,12.88,15.76,228.2,1231.2,4,10,438.3,16.6
2009,Сандыктауский,Sandyktau,52.45,68.75,rapeseed,7.0,15.76,228.2,1231.2,4,10,438.3,16.6
2009,Сандыктауский,Sandyktau,52.45,68.75,spring_wheat,12.57,15.76,228.2,1231.2,4,10,438.3,16.6
2009,Сандыктауский,Sandyktau,52.45,68.75,sunflower,5.15,15.76,228.2,1231.2,4,10,438.3,16.6
2009,Целиноградский,Tselinograd,51.18,71.03,barley,12.74,17.25,176.3,1395.5,6,17,493.6,25.9
2009,Целиноградский,Tselinograd,51.18,71.03,flax,4.7,17.25,176.3,1395.5,6,17,493.6,25.9
2009,Целиноградский,Tselinograd,51.18,71.03,oats,12.25,17.25,176.3,1395.5,6,17,493.6,25.9
2009,Целиноградский,Tselinograd,51.18,71.03,rapeseed,6.66,17.25,176.3,1395.5,6,17,493.6,25.9
2009,Целиноградский,Tselinograd,51.18,71.03,spring_wheat,11.96,17.25,176.3,1395.5,6,17,493.6,25.9
2009,Целиноградский,Tselinograd,51.18,71.03,sunflower,4.9,17.25,176.3,1395.5,6,17,493.6,25.9
2009,Шортандинский,Shortandy,51.7,70.99,barley,13.0,16.59,236.4,1309.2,5,15,464.4,41.2
2009,Шортандинский,Shortandy,51.7,70.99,flax,4.8,16.59,236.4,1309.2,5,15,464.4,41.2
2009,Шортандинский,Shortandy,51.7,70.99,oats,12.5,16.59,236.4,1309.2,5,15,464.4,41.2
2009,Шортандинский,Shortandy,51.7,70.99,rapeseed,6.8,16.59,236.4,1309.2,5,15,464.4,41.2
2009,Шортандинский,Shortandy,51.7,70.99,spring_wheat,12.2,16.59,236.4,1309.2,5,15,464.4,41.2
2009,Шортандинский,Shortandy,51.7,70.99,sunflower,5.0,16.59,236.4,1309.2,5,15,464.4,41.2
2010,Атбасарский,Atbasar,51.81,68.36,barley,8.07,19.38,69.1,1682.2,33,15,615.8,-51.7
2010,Атбасарский,Atbasar,51.81,68.36,flax,3.32,19.38,69.1,1682.2,33,15,615.8,-51.7
2010,Атбасарский,Atbasar,51.81,68.36,oats,7.6,19.38,69.1,1682.2,33,15,615.8,-51.7
2010,Атбасарский,Atbasar,51.81,68.36,rapeseed,4.94,19.38,69.1,1682.2,33,15,615.8,-51.7
2010,Атбасарский,Atbasar,51.81,68.36,spring_wheat,7.41,19.38,69.1,1682.2,33,15,615.8,-51.7
2010,Атбасарский,Atbasar,51.81,68.36,sunflower,3.61,19.38,69.1,1682.2,33,15,615.8,-51.7
2010,Буландынский,Bulandy,52.63,70.42,barley,8.84,18.08,99.4,1467.0,17,12,543.7,-51.1
2010,Буландынский,Bulandy,52.63,70.42,flax,3.64,18.08,99.4,1467.0,17,12,543.7,-51.1
2010,Буландынский,Bulandy,52.63,70.42,oats,8.32,18.08,99.4,1467.0,17,12,543.7,-51.1
2010,Буландынский,Bulandy,52.63,70.42,rapeseed,5.41,18.08,99.4,1467.0,17,12,543.7,-51.1
2010,Буландынский,Bulandy,52.63,70.42,spring_wheat,8.11,18.08,99.4,1467.0,17,12,543.7,-51.1
2010,Буландынский,Bulandy,52.63,70.42,sunflower,3.95,18.08,99.4,1467.0,17,12,543.7,-51.1
2010,Бурабайский,Burabay,52.94,70.31,barley,8.93,17.99,84.5,1390.4,14,15,524.2,-62.8
2010,Бурабайский,Burabay,52.94,70.31,flax,3.68,17.99,84.5,1390.4,14,15,524.2,-62.8
2010,Бурабайский,Burabay,52.94,70.31,oats,8.4,17.99,84.5,1390.4,14,15,524.2,-62.8
2010,Бурабайский,Burabay,52.94,70.31,rapeseed,5.46,17.99,84.5,1390.4,14,15,524.2,-62.8
2010,Бурабайский,Burabay,52.94,70.31,spring_wheat,8.19,17.99,84.5,1390.4,14,15,524.2,-62.8
2010,Бурабайский,Burabay,52.94,70.31,sunflower,3.99,17.99,84.5,1390.4,14,15,524.2,-62.8
2010,Есильский,Esil,51.95,66.4,barley,7.91,20.42,69.5,1751.4,33,25,628.5,-49.4
2010,Есильский,Esil,51.95,66.4,flax,3.26,20.42,69.5,1751.4,33,25,628.5,-49.4
2010,Есильский,Esil,51.95,66.4,oats,7.44,20.42,69.5,1751.4,33,25,628.5,-49.4
2010,Есильский,Esil,51.95,66.4,rapeseed,4.84,20.42,69.5,1751.4,33,25,628.5,-49.4
2010,Есильский,Esil,51.95,66.4,spring_wheat,7.25,20.42,69.5,1751.4,33,25,628.5,-49.4
2010,Есильский,Esil,51.95,66.4,sunflower,3.53,20.42,69.5,1751.4,33,25,628.5,-49.4
2010,Жаксынский,Zhaksy,51.9,67.3,barley,7.82,19.43,83.9,1645.9,26,15,601.8,-46.2
2010,Жаксынский,Zhaksy,51.9,67.3,flax,3.22,19.43,83.9,1645.9,26,15,601.8,-46.2
2010,Жаксынский,Zhaksy,51.9,67.3,oats,7.36,19.43,83.9,1645.9,26,15,601.8,-46.2
2010,Жаксынский,Zhaksy,51.9,67.3,rapeseed,4.78,19.43,83.9,1645.9,26,15,601.8,-46.2
2010,Жаксынский,Zhaksy,51.9,67.3,spring_wheat,7.18,19.43,83.9,1645.9,26,15,601.8,-46.2
2010,Жаксынский,Zhaksy,51.9,67.3,sunflower,3.5,19.43,83.9,1645.9,26,15,601.8,-46.2
2010,Зерендинский,Zerenda,53.05,69.15,barley,9.01,18.08,73.3,1495.1,21,15,539.7,-66.8
2010,Зерендинский,Zerenda,53.05,69.15,flax,3.71,18.08,73.3,1495.1,21,15,539.7,-66.8
2010,Зерендинский,Zerenda,53.05,69.15,oats,8.48,18.08,73.3,1495.1,21,15,539.7,-66.8
2010,Зерендинский,Zerenda,53.05,69.15,rapeseed,5.51,18.08,73.3,1495.1,21,15,539.7,-66.8
2010,Зерендинский,Zerenda,53.05,69.15,spring_wheat,8.27,18.08,73.3,1495.1,21,15,539.7,-66.8
2010,Зерендинский,Zerenda,53.05,69.15,sunflower,4.03,18.08,73.3,1495.1,21,15,539.7,-66.8
2010,Кокшетау,Kokshetau,53.29,69.39,barley,8.67,18.63,70.7,1548.0,24,14,550.2,-66.8
2010,Кокшетау,Kokshetau,53.29,69.39,flax,3.57,18.63,70.7,1548.0,24,14,550.2,-66.8
2010,Кокшетау,Kokshetau,53.29,69.39,oats,8.16,18.63,70.7,1548.0,24,14,550.2,-66.8
2010,Кокшетау,Kokshetau,53.29,69.39,rapeseed,5.3,18.63,70.7,1548.0,24,14,550.2,-66.8
2010,Кокшетау,Kokshetau,53.29,69.39,spring_wheat,7.96,18.63,70.7,1548.0,24,14,550.2,-66.8
2010,Кокшетау,Kokshetau,53.29,69.39,sunflower,3.88,18.63,70.7,1548.0,24,14,550.2,-66.8
2010,Сандыктауский,Sandyktau,52.45,68.75,barley,8.76,18.34,81.0,1510.5,17,25,546.8,-58.6
2010,Сандыктауский,Sandyktau,52.45,68.75,flax,3.6,18.34,81.0,1510.5,17,25,546.8,-58.6
2010,Сандыктауский,Sandyktau,52.45,68.75,oats,8.24,18.34,81.0,1510.5,17,25,546.8,-58.6
2010,Сандыктауский,Sandyktau,52.45,68.75,rapeseed,5.36,18.34,81.0,1510.5,17,25,546.8,-58.6
2010,Сандыктауский,Sandyktau,52.45,68.75,spring_wheat,8.03,18.34,81.0,1510.5,17,25,546.8,-58.6
2010,Сандыктауский,Sandyktau,52.45,68.75,sunflower,3.91,18.34,81.0,1510.5,17,25,546.8,-58.6
2010,Целиноградский,Tselinograd,51.18,71.03,barley,8.33,18.78,76.9,1602.8,31,10,586.8,-45.1
2010,Целиноградский,Tselinograd,51.18,71.03,flax,3.43,18.78,76.9,1602.8,31,10,586.8,-45.1
2010,Целиноградский,Tselinograd,51.18,71.03,oats,7.84,18.78,76.9,1602.8,31,10,586.8,-45.1
2010,Целиноградский,Tselinograd,51.18,71.03,rapeseed,5.1,18.78,76.9,1602.8,31,10,586.8,-45.1
2010,Целиноградский,Tselinograd,51.18,71.03,spring_wheat,7.64,18.78,76.9,1602.8,31,10,586.8,-45.1
2010,Целиноградский,Tselinograd,51.18,71.03,sunflower,3.72,18.78,76.9,1602.8,31,10,586.8,-45.1
2010,Шортандинский,Shortandy,51.7,70.99,barley,8.5,18.52,98.1,1544.4,28,16,573.4,-41.4
2010,Шортандинский,Shortandy,51.7,70.99,flax,3.5,18.52,98.1,1544.4,28,16,573.4,-41.4
2010,Шортандинский,Shortandy,51.7,70.99,oats,8.0,18.52,98.1,1544.4,28,16,573.4,-41.4
2010,Шортандинский,Shortandy,51.7,70.99,rapeseed,5.2,18.52,98.1,1544.4,28,16,573.4,-41.4
2010,Шортандинский,Shortandy,51.7,70.99,spring_wheat,7.8,18.52,98.1,1544.4,28,16,573.4,-41.4
2010,Шортандинский,Shortandy,51.7,70.99,sunflower,3.8,18.52,98.1,1544.4,28,16,573.4,-41.4
2011,Атбасарский,Atbasar,51.81,68.36,barley,16.34,16.41,236.0,1378.7,8,9,468.7,65.0
2011,Атбасарский,Atbasar,51.81,68.36,flax,6.46,16.41,236.0,1378.7,8,9,468.7,65.0
2011,Атбасарский,Atbasar,51.81,68.36,oats,17.1,16.41,236.0,1378.7,8,9,468.7,65.0
2011,Атбасарский,Atbasar,51.81,68.36,rapeseed,8.07,16.41,236.0,1378.7,8,9,468.7,65.0
2011,Атбасарский,Atbasar,51.81,68.36,spring_wheat,15.67,16.41,236.0,1378.7,8,9,468.7,65.0
2011,Атбасарский,Atbasar,51.81,68.36,sunflower,6.17,16.41,236.0,1378.7,8,9,468.7,65.0
2011,Буландынский,Bulandy,52.63,70.42,barley,17.89,16.12,249.6,1248.5,1,12,422.6,22.7
2011,Буландынский,Bulandy,52.63,70.42,flax,7.07,16.12,249.6,1248.5,1,12,422.6,22.7
2011,Буландынский,Bulandy,52.63,70.42,oats,18.72,16.12,249.6,1248.5,1,12,422.6,22.7
2011,Буландынский,Bulandy,52.63,70.42,rapeseed,8.84,16.12,249.6,1248.5,1,12,422.6,22.7
2011,Буландынский,Bulandy,52.63,70.42,spring_wheat,17.16,16.12,249.6,1248.5,1,12,422.6,22.7
2011,Буландынский,Bulandy,52.63,70.42,sunflower,6.76,16.12,249.6,1248.5,1,12,422.6,22.7
2011,Бурабайский,Burabay,52.94,70.31,barley,18.06,15.85,257.9,1157.6,0,14,395.8,13.5
2011,Бурабайский,Burabay,52.94,70.31,flax,7.14,15.85,257.9,1157.6,0,14,395.8,13.5
2011,Бурабайский,Burabay,52.94,70.31,oats,18.9,15.85,257.9,1157.6,0,14,395.8,13.5
2011,Бурабайский,Burabay,52.94,70.31,rapeseed,8.93,15.85,257.9,1157.6,0,14,395.8,13.5
2011,Бурабайский,Burabay,52.94,70.31,spring_wheat,17.32,15.85,257.9,1157.6,0,14,395.8,13.5
2011,Бурабайский,Burabay,52.94,70.31,sunflower,6.83,15.85,257.9,1157.6,0,14,395.8,13.5
2011,Есильский,Esil,51.95,66.4,barley,16.0,17.46,259.0,1411.7,11,12,469.4,88.6
2011,Есильский,Esil,51.95,66.4,flax,6.32,17.46,259.0,1411.7,11,12,469.4,88.6
2011,Есильский,Esil,51.95,66.4,oats,16.74,17.46,259.0,1411.7,11,12,469.4,88.6
2011,Есильский,Esil,51.95,66.4,rapeseed,7.91,17.46,259.0,1411.7,11,12,469.4,88.6
2011,Есильский,Esil,51.95,66.4,spring_wheat,15.35,17.46,259.0,1411.7,11,12,469.4,88.6
2011,Есильский,Esil,51.95,66.4,sunflower,6.04,17.46,259.0,1411.7,11,12,469.4,88.6
2011,Жаксынский,Zhaksy,51.9,67.3,barley,15.82,16.45,292.8,1308.6,4,9,442.4,87.8
2011,Жаксынский,Zhaksy,51.9,67.3,flax,6.26,16.45,292.8,1308.6,4,9,442.4,87.8
2011,Жаксынский,Zhaksy,51.9,67.3,oats,16.56,16.45,292.8,1308.6,4,9,442.4,87.8
2011,Жаксынский,Zhaksy,51.9,67.3,rapeseed,7.82,16.45,292.8,1308.6,4,9,442.4,87.8
2011,Жаксынский,Zhaksy,51.9,67.3,spring_wheat,15.18,16.45,292.8,1308.6,4,9,442.4,87.8
2011,Жаксынский,Zhaksy,51.9,67.3,sunflower,5.98,16.45,292.8,1308.6,4,9,442.4,87.8
2011,Зерендинский,Zerenda,53.05,69.15,barley,18.23,15.61,270.9,1207.0,0,15,392.0,22.6
2011,Зерендинский,Zerenda,53.05,69.15,flax,7.21,15.61,270.9,1207.0,0,15,392.0,22.6
2011,Зерендинский,Zerenda,53.05,69.15,oats,19.08,15.61,270.9,1207.0,0,15,392.0,22.6
2011,Зерендинский,Zerenda,53.05,69.15,rapeseed,9.01,15.61,270.9,1207.0,0,15,392.0,22.6
2011,Зерендинский,Zerenda,53.05,69.15,spring_wheat,17.49,15.61,270.9,1207.0,0,15,392.0,22.6
2011,Зерендинский,Zerenda,53.05,69.15,sunflower,6.89,15.61,270.9,1207.0,0,15,392.0,22.6
2011,Кокшетау,Kokshetau,53.29,69.39,barley,17.54,16.07,278.6,1251.6,0,15,393.9,31.0
2011,Кокшетау,Kokshetau,53.29,69.39,flax,6.94,16.07,278.6,1251.6,0,15,393.9,31.0
2011,Кокшетау,Kokshetau,53.29,69.39,oats,18.36,16.07,278.6,1251.6,0,15,393.9,31.0
2011,Кокшетау,Kokshetau,53.29,69.39,rapeseed,8.67,16.07,278.6,1251.6,0,15,393.9,31.0
2011,Кокшетау,Kokshetau,53.29,69.39,spring_wheat,16.83,16.07,278.6,1251.6,0,15,393.9,31.0
2011,Кокшетау,Kokshetau,53.29,69.39,sunflower,6.63,16.07,278.6,1251.6,0,15,393.9,31.0
2011,Сандыктауский,Sandyktau,52.45,68.75,barley,17.72,15.46,257.5,1225.6,0,9,405.8,31.5
2011,Сандыктауский,Sandyktau,52.45,68.75,flax,7.0,15.46,257.5,1225.6,0,9,405.8,31.5
2011,Сандыктауский,Sandyktau,52.45,68.75,oats,18.54,15.46,257.5,1225.6,0,9,405.8,31.5
2011,Сандыктауский,Sandyktau,52.45,68.75,rapeseed,8.76,15.46,257.5,1225.6,0,9,405.8,31.5
2011,Сандыктауский,Sandyktau,52.45,68.75,spring_wheat,17.0,15.46,257.5,1225.6,0,9,405.8,31.5
2011,Сандыктауский,Sandyktau,52.45,68.75,sunflower,6.7,15.46,257.5,1225.6,0,9,405.8,31.5
2011,Целиноградский,Tselinograd,51.18,71.03,barley,16.86,17.58,187.8,1441.0,7,13,494.8,34.1
2011,Целиноградский,Tselinograd,51.18,71.03,flax,6.66,17.58,187.8,1441.0,7,13,494.8,34.1
2011,Целиноградский,Tselinograd,51.18,71.03,oats,17.64,17.58,187.8,1441.0,7,13,494.8,34.1
2011,Целиноградский,Tselinograd,51.18,71.03,rapeseed,8.33,17.58,187.8,1441.0,7,13,494.8,34.1
2011,Целиноградский,Tselinograd,51.18,71.03,spring_wheat,16.17,17.58,187.8,1441.0,7,13,494.8,34.1
2011,Целиноградский,Tselinograd,51.18,71.03,sunflower,6.37,17.58,187.8,1441.0,7,13,494.8,34.1
2011,Шортандинский,Shortandy,51.7,70.99,barley,17.2,17.02,239.0,1364.7,4,9,473.5,42.8
2011,Шортандинский,Shortandy,51.7,70.99,flax,6.8,17.02,239.0,1364.7,4,9,473.5,42.8
2011,Шортандинский,Shortandy,51.7,70.99,oats,18.0,17.02,239.0,1364.7,4,9,473.5,42.8
2011,Шортандинский,Shortandy,51.7,70.99,rapeseed,8.5,17.02,239.0,1364.7,4,9,473.5,42.8
2011,Шортандинский,Shortandy,51.7,70.99,spring_wheat,16.5,17.02,239.0,1364.7,4,9,473.5,42.8
2011,Шортандинский,Shortandy,51.7,70.99,sunflower,6.5,17.02,239.0,1364.7,4,9,473.5,42.8
2012,Атбасарский,Atbasar,51.81,68.36,barley,8.93,19.66,115.5,1763.3,31,18,582.3,-19.2
2012,Атбасарский,Atbasar,51.81,68.36,flax,3.8,19.66,115.5,1763.3,31,18,582.3,-19.2
2012,Атбасарский,Atbasar,51.81,68.36,oats,8.55,19.66,115.5,1763.3,31,18,582.3,-19.2
2012,Атбасарский,Atbasar,51.81,68.36,rapeseed,5.51,19.66,115.5,1763.3,31,18,582.3,-19.2
2012,Атбасарский,Atbasar,51.81,68.36,spring_wheat,8.17,19.66,115.5,1763.3,31,18,582.3,-19.2
2012,Атбасарский,Atbasar,51.81,68.36,sunflower,3.99,19.66,115.5,1763.3,31,18,582.3,-19.2
2012,Буландынский,Bulandy,52.63,70.42,barley,9.78,19.0,141.2,1609.0,21,13,534.7,-30.6
2012,Буландынский,Bulandy,52.63,70.42,flax,4.16,19.0,141.2,1609.0,21,13,534.7,-30.6
2012,Буландынский,Bulandy,52.63,70.42,oats,9.36,19.0,141.2,1609.0,21,13,534.7,-30.6
2012,Буландынский,Bulandy,52.63,70.42,rapeseed,6.03,19.0,141.2,1609.0,21,13,534.7,-30.6
2012,Буландынский,Bulandy,52.63,70.42,spring_wheat,8.94,19.0,141.2,1609.0,21,13,534.7,-30.6
2012,Буландынский,Bulandy,52.63,70.42,sunflower,4.37,19.0,141.2,1609.0,21,13,534.7,-30.6
2012,Бурабайский,Burabay,52.94,70.31,barley,9.87,18.62,148.1,1526.6,13,19,513.7,-34.8
2012,Бурабайский,Burabay,52.94,70.31,flax,4.2,18.62,148.1,1526.6,13,19,513.7,-34.8
2012,Бурабайский,Burabay,52.94,70.31,oats,9.45,18.62,148.1,1526.6,13,19,513.7,-34.8
2012,Бурабайский,Burabay,52.94,70.31,rapeseed,6.09,18.62,148.1,1526.6,13,19,513.7,-34.8
2012,Бурабайский,Burabay,52.94,70.31,spring_wheat,9.03,18.62,148.1,1526.6,13,19,513.7,-34.8
2012,Бурабайский,Burabay,52.94,70.31,sunflower,4.41,18.62,148.1,1526.6,13,19,513.7,-34.8
2012,Есильский,Esil,51.95,66.4,barley,8.74,20.63,133.0,1791.2,31,20,584.2,-3.1
2012,Есильский,Esil,51.95,66.4,flax,3.72,20.63,133.0,1791.2,31,20,584.2,-3.1
2012,Есильский,Esil,51.95,66.4,oats,8.37,20.63,133.0,1791.2,31,20,584.2,-3.1
2012,Есильский,Esil,51.95,66.4,rapeseed,5.39,20.63,133.0,1791.2,31,20,584.2,-3.1
2012,Есильский,Esil,51.95,66.4,spring_wheat,8.0,20.63,133.0,1791.2,31,20,584.2,-3.1
2012,Есильский,Esil,51.95,66.4,sunflower,3.91,20.63,133.0,1791.2,31,20,584.2,-3.1
2012,Жаксынский,Zhaksy,51.9,67.3,barley,8.65,19.64,159.0,1696.7,25,20,560.2,2.0
2012,Жаксынский,Zhaksy,51.9,67.3,flax,3.68,19.64,159.0,1696.7,25,20,560.2,2.0
2012,Жаксынский,Zhaksy,51.9,67.3,oats,8.28,19.64,159.0,1696.7,25,20,560.2,2.0
2012,Жаксынский,Zhaksy,51.9,67.3,rapeseed,5.34,19.64,159.0,1696.7,25,20,560.2,2.0
2012,Жаксынский,Zhaksy,51.9,67.3,spring_wheat,7.91,19.64,159.0,1696.7,25,20,560.2,2.0
2012,Жаксынский,Zhaksy,51.9,67.3,sunflower,3.86,19.64,159.0,1696.7,25,20,560.2,2.0
2012,Зерендинский,Zerenda,53.05,69.15,barley,9.96,18.49,184.2,1560.7,17,18,502.9,-16.7
2012,Зерендинский,Zerenda,53.05,69.15,flax,4.24,18.49,184.2,1560.7,17,18,502.9,-16.7
2012,Зерендинский,Zerenda,53.05,69.15,oats,9.54,18.49,184.2,1560.7,17,18,502.9,-16.7
2012,Зерендинский,Zerenda,53.05,69.15,rapeseed,6.15,18.49,184.2,1560.7,17,18,502.9,-16.7
2012,Зерендинский,Zerenda,53.05,69.15,spring_wheat,9.12,18.49,184.2,1560.7,17,18,502.9,-16.7
2012,Зерендинский,Zerenda,53.05,69.15,sunflower,4.45,18.49,184.2,1560.7,17,18,502.9,-16.7
2012,Кокшетау,Kokshetau,53.29,69.39,barley,9.59,19.01,135.4,1615.2,21,19,514.3,-36.4
2012,Кокшетау,Kokshetau,53.29,69.39,flax,4.08,19.01,135.4,1615.2,21,19,514.3,-36.4
2012,Кокшетау,Kokshetau,53.29,69.39,oats,9.18,19.01,135.4,1615.2,21,19,514.3,-36.4
2012,Кокшетау,Kokshetau,53.29,69.39,rapeseed,5.92,19.01,135.4,1615.2,21,19,514.3,-36.4
2012,Кокшетау,Kokshetau,53.29,69.39,spring_wheat,8.77,19.01,135.4,1615.2,21,19,514.3,-36.4
2012,Кокшетау,Kokshetau,53.29,69.39,sunflower,4.28,19.01,135.4,1615.2,21,19,514.3,-36.4
2012,Сандыктауский,Sandyktau,52.45,68.75,barley,9.68,18.7,144.8,1591.4,18,18,515.8,-26.0
2012,Сандыктауский,Sandyktau,52.45,68.75,flax,4.12,18.7,144.8,1591.4,18,18,515.8,-26.0
2012,Сандыктауский,Sandyktau,52.45,68.75,oats,9.27,18.7,144.8,1591.4,18,18,515.8,-26.0
2012,Сандыктауский,Sandyktau,52.45,68.75,rapeseed,5.97,18.7,144.8,1591.4,18,18,515.8,-26.0
2012,Сандыктауский,Sandyktau,52.45,68.75,spring_wheat,8.86,18.7,144.8,1591.4,18,18,515.8,-26.0
2012,Сандыктауский,Sandyktau,52.45,68.75,sunflower,4.33,18.7,144.8,1591.4,18,18,515.8,-26.0
2012,Целиноградский,Tselinograd,51.18,71.03,barley,9.21,19.95,104.2,1739.7,29,17,566.1,-25.6
2012,Целиноградский,Tselinograd,51.18,71.03,flax,3.92,19.95,104.2,1739.7,29,17,566.1,-25.6
2012,Целиноградский,Tselinograd,51.18,71.03,oats,8.82,19.95,104.2,1739.7,29,17,566.1,-25.6
2012,Целиноградский,Tselinograd,51.18,71.03,rapeseed,5.68,19.95,104.2,1739.7,29,17,566.1,-25.6
2012,Целиноградский,Tselinograd,51.18,71.03,spring_wheat,8.43,19.95,104.2,1739.7,29,17,566.1,-25.6
2012,Целиноградский,Tselinograd,51.18,71.03,sunflower,4.12,19.95,104.2,1739.7,29,17,566.1,-25.6
2012,Шортандинский,Shortandy,51.7,70.99,barley,9.4,19.67,138.7,1678.8,25,17,554.8,-17.1
2012,Шортандинский,Shortandy,51.7,70.99,flax,4.0,19.67,138.7,1678.8,25,17,554.8,-17.1
2012,Шортандинский,Shortandy,51.7,70.99,oats,9.0,19.67,138.7,1678.8,25,17,554.8,-17.1
2012,Шортандинский,Shortandy,51.7,70.99,rapeseed,5.8,19.67,138.7,1678.8,25,17,554.8,-17.1
2012,Шортандинский,Shortandy,51.7,70.99,spring_wheat,8.6,19.67,138.7,1678.8,25,17,554.8,-17.1
2012,Шортандинский,Shortandy,51.7,70.99,sunflower,4.2,19.67,138.7,1678.8,25,17,554.8,-17.1
2013,Атбасарский,Atbasar,51.81,68.36,barley,12.44,16.16,260.3,1365.6,1,10,468.3,82.0
2013,Атбасарский,Atbasar,51.81,68.36,flax,4.94,16.16,260.3,1365.6,1,10,468.3,82.0
2013,Атбасарский,Atbasar,51.81,68.36,oats,11.97,16.16,260.3,1365.6,1,10,468.3,82.0
2013,Атбасарский,Atbasar,51.81,68.36,rapeseed,6.84,16.16,260.3,1365.6,1,10,468.3,82.0
2013,Атбасарский,Atbasar,51.81,68.36,spring_wheat,11.78,16.16,260.3,1365.6,1,10,468.3,82.0
2013,Атбасарский,Atbasar,51.81,68.36,sunflower,5.22,16.16,260.3,1365.6,1,10,468.3,82.0
2013,Буландынский,Bulandy,52.63,70.42,barley,13.62,15.52,298.0,1215.4,0,18,426.3,46.5
2013,Буландынский,Bulandy,52.63,70.42,flax,5.41,15.52,298.0,1215.4,0,18,426.3,46.5
2013,Буландынский,Bulandy,52.63,70.42,oats,13.1,15.52,298.0,1215.4,0,18,426.3,46.5
2013,Буландынский,Bulandy,52.63,70.42,rapeseed,7.49,15.52,298.0,1215.4,0,18,426.3,46.5
2013,Буландынский,Bulandy,52.63,70.42,spring_wheat,12.9,15.52,298.0,1215.4,0,18,426.3,46.5
2013,Буландынский,Bulandy,52.63,70.42,sunflower,5.72,15.52,298.0,1215.4,0,18,426.3,46.5
2013,Бурабайский,Burabay,52.94,70.31,barley,13.76,15.33,328.9,1146.0,0,18,408.8,44.8
2013,Бурабайский,Burabay,52.94,70.31,flax,5.46,15.33,328.9,1146.0,0,18,408.8,44.8
2013,Бурабайский,Burabay,52.94,70.31,oats,13.23,15.33,328.9,1146.0,0,18,408.8,44.8
2013,Бурабайский,Burabay,52.94,70.31,rapeseed,7.56,15.33,328.9,1146.0,0,18,408.8,44.8
2013,Бурабайский,Burabay,52.94,70.31,spring_wheat,13.02,15.33,328.9,1146.0,0,18,408.8,44.8
2013,Бурабайский,Burabay,52.94,70.31,sunflower,5.78,15.33,328.9,1146.0,0,18,408.8,44.8
2013,Есильский,Esil,51.95,66.4,barley,12.18,17.68,184.3,1473.8,8,14,503.3,34.2
2013,Есильский,Esil,51.95,66.4,flax,4.84,17.68,184.3,1473.8,8,14,503.3,34.2
2013,Есильский,Esil,51.95,66.4,oats,11.72,17.68,184.3,1473.8,8,14,503.3,34.2
2013,Есильский,Esil,51.95,66.4,rapeseed,6.7,17.68,184.3,1473.8,8,14,503.3,34.2
2013,Есильский,Esil,51.95,66.4,spring_wheat,11.53,17.68,184.3,1473.8,8,14,503.3,34.2
2013,Есильский,Esil,51.95,66.4,sunflower,5.12,17.68,184.3,1473.8,8,14,503.3,34.2
2013,Жаксынский,Zhaksy,51.9,67.3,barley,12.05,16.35,228.0,1363.0,1,14,472.1,46.2
2013,Жаксынский,Zhaksy,51.9,67.3,flax,4.78,16.35,228.0,1363.0,1,14,472.1,46.2
2013,Жаксынский,Zhaksy,51.9,67.3,oats,11.59,16.35,228.0,1363.0,1,14,472.1,46.2
2013,Жаксынский,Zhaksy,51.9,67.3,rapeseed,6.62,16.35,228.0,1363.0,1,14,472.1,46.2
2013,Жаксынский,Zhaksy,51.9,67.3,spring_wheat,11.41,16.35,228.0,1363.0,1,14,472.1,46.2
2013,Жаксынский,Zhaksy,51.9,67.3,sunflower,5.06,16.35,228.0,1363.0,1,14,472.1,46.2
2013,Зерендинский,Zerenda,53.05,69.15,barley,13.89,15.11,322.5,1240.4,0,13,423.2,45.9
2013,Зерендинский,Zerenda,53.05,69.15,flax,5.51,15.11,322.5,1240.4,0,13,423.2,45.9
2013,Зерендинский,Zerenda,53.05,69.15,oats,13.36,15.11,322.5,1240.4,0,13,423.2,45.9
2013,Зерендинский,Zerenda,53.05,69.15,rapeseed,7.63,15.11,322.5,1240.4,0,13,423.2,45.9
2013,Зерендинский,Zerenda,53.05,69.15,spring_wheat,13.14,15.11,322.5,1240.4,0,13,423.2,45.9
2013,Зерендинский,Zerenda,53.05,69.15,sunflower,5.83,15.11,322.5,1240.4,0,13,423.2,45.9
2013,Кокшетау,Kokshetau,53.29,69.39,barley,13.36,15.85,296.4,1302.7,1,18,434.6,39.3
2013,Кокшетау,Kokshetau,53.29,69.39,flax,5.3,15.85,296.4,1302.7,1,18,434.6,39.3
2013,Кокшетау,Kokshetau,53.29,69.39,oats,12.85,15.85,296.4,1302.7,1,18,434.6,39.3
2013,Кокшетау,Kokshetau,53.29,69.39,rapeseed,7.34,15.85,296.4,1302.7,1,18,434.6,39.3
2013,Кокшетау,Kokshetau,53.29,69.39,spring_wheat,12.65,15.85,296.4,1302.7,1,18,434.6,39.3
2013,Кокшетау,Kokshetau,53.29,69.39,sunflower,5.61,15.85,296.4,1302.7,1,18,434.6,39.3
2013,Сандыктауский,Sandyktau,52.45,68.75,barley,13.49,15.04,306.1,1234.1,0,13,425.6,56.3
2013,Сандыктауский,Sandyktau,52.45,68.75,flax,5.36,15.04,306.1,1234.1,0,13,425.6,56.3
2013,Сандыктауский,Sandyktau,52.45,68.75,oats,12.98,15.04,306.1,1234.1,0,13,425.6,56.3
2013,Сандыктауский,Sandyktau,52.45,68.75,rapeseed,7.42,15.04,306.1,1234.1,0,13,425.6,56.3
2013,Сандыктауский,Sandyktau,52.45,68.75,spring_wheat,12.77,15.04,306.1,1234.1,0,13,425.6,56.3
2013,Сандыктауский,Sandyktau,52.45,68.75,sunflower,5.67,15.04,306.1,1234.1,0,13,425.6,56.3
2013,Целиноградский,Tselinograd,51.18,71.03,barley,12.84,16.75,182.5,1366.2,1,12,475.7,30.4
2013,Целиноградский,Tselinograd,51.18,71.03,flax,5.1,16.75,182.5,1366.2,1,12,475.7,30.4
2013,Целиноградский,Tselinograd,51.18,71.03,oats,12.35,16.75,182.5,1366.2,1,12,475.7,30.4
2013,Целиноградский,Tselinograd,51.18,71.03,rapeseed,7.06,16.75,182.5,1366.2,1,12,475.7,30.4
2013,Целиноградский,Tselinograd,51.18,71.03,spring_wheat,12.15,16.75,182.5,1366.2,1,12,475.7,30.4
2013,Целиноградский,Tselinograd,51.18,71.03,sunflower,5.39,16.75,182.5,1366.2,1,12,475.7,30.4
2013,Шортандинский,Shortandy,51.7,70.99,barley,13.1,16.3,221.6,1284.0,0,12,451.2,32.4
2013,Шортандинский,Shortandy,51.7,70.99,flax,5.2,16.3,221.6,1284.0,0,12,451.2,32.4
2013,Шортандинский,Shortandy,51.7,70.99,oats,12.6,16.3,221.6,1284.0,0,12,451.2,32.4
2013,Шортандинский,Shortandy,51.7,70.99,rapeseed,7.2,16.3,221.6,1284.0,0,12,451.2,32.4
2013,Шортандинский,Shortandy,51.7,70.99,spring_wheat,12.4,16.3,221.6,1284.0,0,12,451.2,32.4
2013,Шортандинский,Shortandy,51.7,70.99,sunflower,5.5,16.3,221.6,1284.0,0,12,451.2,32.4
2014,Атбасарский,Atbasar,51.81,68.36,barley,12.16,17.76,132.3,1489.0,17,32,511.6,-7.5
2014,Атбасарский,Atbasar,51.81,68.36,flax,5.22,17.76,132.3,1489.0,17,32,511.6,-7.5
2014,Атбасарский,Atbasar,51.81,68.36,oats,11.59,17.76,132.3,1489.0,17,32,511.6,-7.5
2014,Атбасарский,Atbasar,51.81,68.36,rapeseed,7.12,17.76,132.3,1489.0,17,32,511.6,-7.5
2014,Атбасарский,Atbasar,51.81,68.36,spring_wheat,11.4,17.76,132.3,1489.0,17,32,511.6,-7.5
2014,Атбасарский,Atbasar,51.81,68.36,sunflower,5.61,17.76,132.3,1489.0,17,32,511.6,-7.5
2014,Буландынский,Bulandy,52.63,70.42,barley,13.31,17.27,203.0,1316.5,13,13,458.9,-0.2
2014,Буландынский,Bulandy,52.63,70.42,flax,5.72,17.27,203.0,1316.5,13,13,458.9,-0.2
2014,Буландынский,Bulandy,52.63,70.42,oats,12.69,17.27,203.0,1316.5,13,13,458.9,-0.2
2014,Буландынский,Bulandy,52.63,70.42,rapeseed,7.8,17.27,203.0,1316.5,13,13,458.9,-0.2
2014,Буландынский,Bulandy,52.63,70.42,spring_wheat,12.48,17.27,203.0,1316.5,13,13,458.9,-0.2
2014,Буландынский,Bulandy,52.63,70.42,sunflower,6.14,17.27,203.0,1316.5,13,13,458.9,-0.2
2014,Бурабайский,Burabay,52.94,70.31,barley,13.44,16.73,249.9,1215.5,3,15,431.1,10.0
2014,Бурабайский,Burabay,52.94,70.31,flax,5.78,16.73,249.9,1215.5,3,15,431.1,10.0
2014,Бурабайский,Burabay,52.94,70.31,oats,12.81,16.73,249.9,1215.5,3,15,431.1,10.0
2014,Бурабайский,Burabay,52.94,70.31,rapeseed,7.88,16.73,249.9,1215.5,3,15,431.1,10.0
2014,Бурабайский,Burabay,52.94,70.31,spring_wheat,12.6,16.73,249.9,1215.5,3,15,431.1,10.0
2014,Бурабайский,Burabay,52.94,70.31,sunflower,6.2,16.73,249.9,1215.5,3,15,431.1,10.0
2014,Есильский,Esil,51.95,66.4,barley,11.9,19.02,120.3,1569.3,25,11,539.4,-12.4
2014,Есильский,Esil,51.95,66.4,flax,5.12,19.02,120.3,1569.3,25,11,539.4,-12.4
2014,Есильский,Esil,51.95,66.4,oats,11.35,19.02,120.3,1569.3,25,11,539.4,-12.4
2014,Есильский,Esil,51.95,66.4,rapeseed,6.98,19.02,120.3,1569.3,25,11,539.4,-12.4
2014,Есильский,Esil,51.95,66.4,spring_wheat,11.16,19.02,120.3,1569.3,25,11,539.4,-12.4
2014,Есильский,Esil,51.95,66.4,sunflower,5.49,19.02,120.3,1569.3,25,11,539.4,-12.4
2014,Жаксынский,Zhaksy,51.9,67.3,barley,11.78,17.87,146.3,1459.8,15,15,509.4,-6.2
2014,Жаксынский,Zhaksy,51.9,67.3,flax,5.06,17.87,146.3,1459.8,15,15,509.4,-6.2
2014,Жаксынский,Zhaksy,51.9,67.3,oats,11.22,17.87,146.3,1459.8,15,15,509.4,-6.2
2014,Жаксынский,Zhaksy,51.9,67.3,rapeseed,6.9,17.87,146.3,1459.8,15,15,509.4,-6.2
2014,Жаксынский,Zhaksy,51.9,67.3,spring_wheat,11.04,17.87,146.3,1459.8,15,15,509.4,-6.2
2014,Жаксынский,Zhaksy,51.9,67.3,sunflower,5.43,17.87,146.3,1459.8,15,15,509.4,-6.2
2014,Зерендинский,Zerenda,53.05,69.15,barley,13.57,16.61,250.7,1277.2,7,10,434.9,13.4
2014,Зерендинский,Zerenda,53.05,69.15,flax,5.83,16.61,250.7,1277.2,7,10,434.9,13.4
2014,Зерендинский,Zerenda,53.05,69.15,oats,12.93,16.61,250.7,1277.2,7,10,434.9,13.4
2014,Зерендинский,Zerenda,53.05,69.15,rapeseed,7.95,16.61,250.7,1277.2,7,10,434.9,13.4
2014,Зерендинский,Zerenda,53.05,69.15,spring_wheat,12.72,16.61,250.7,1277.2,7,10,434.9,13.4
2014,Зерендинский,Zerenda,53.05,69.15,sunflower,6.25,16.61,250.7,1277.2,7,10,434.9,13.4
2014,Кокшетау,Kokshetau,53.29,69.39,barley,13.06,17.21,248.5,1328.2,10,15,442.9,16.8
2014,Кокшетау,Kokshetau,53.29,69.39,flax,5.61,17.21,248.5,1328.2,10,15,442.9,16.8
2014,Кокшетау,Kokshetau,53.29,69.39,oats,12.44,17.21,248.5,1328.2,10,15,442.9,16.8
2014,Кокшетау,Kokshetau,53.29,69.39,rapeseed,7.65,17.21,248.5,1328.2,10,15,442.9,16.8
2014,Кокшетау,Kokshetau,53.29,69.39,spring_wheat,12.24,17.21,248.5,1328.2,10,15,442.9,16.8
2014,Кокшетау,Kokshetau,53.29,69.39,sunflower,6.02,17.21,248.5,1328.2,10,15,442.9,16.8
2014,Сандыктауский,Sandyktau,52.45,68.75,barley,13.18,16.67,184.7,1313.2,9,12,448.2,-5.7
2014,Сандыктауский,Sandyktau,52.45,68.75,flax,5.67,16.67,184.7,1313.2,9,12,448.2,-5.7
2014,Сандыктауский,Sandyktau,52.45,68.75,oats,12.57,16.67,184.7,1313.2,9,12,448.2,-5.7
2014,Сандыктауский,Sandyktau,52.45,68.75,rapeseed,7.73,16.67,184.7,1313.2,9,12,448.2,-5.7
2014,Сандыктауский,Sandyktau,52.45,68.75,spring_wheat,12.36,16.67,184.7,1313.2,9,12,448.2,-5.7
2014,Сандыктауский,Sandyktau,52.45,68.75,sunflower,6.08,16.67,184.7,1313.2,9,12,448.2,-5.7
2014,Целиноградский,Tselinograd,51.18,71.03,barley,12.54,18.77,118.7,1523.2,22,16,531.4,-15.2
2014,Целиноградский,Tselinograd,51.18,71.03,flax,5.39,18.77,118.7,1523.2,22,16,531.4,-15.2
2014,Целиноградский,Tselinograd,51.18,71.03,oats,11.96,18.77,118.7,1523.2,22,16,531.4,-15.2
2014,Целиноградский,Tselinograd,51.18,71.03,rapeseed,7.35,18.77,118.7,1523.2,22,16,531.4,-15.2
2014,Целиноградский,Tselinograd,51.18,71.03,spring_wheat,11.76,18.77,118.7,1523.2,22,16,531.4,-15.2
2014,Целиноградский,Tselinograd,51.18,71.03,sunflower,5.78,18.77,118.7,1523.2,22,16,531.4,-15.2
2014,Шортандинский,Shortandy,51.7,70.99,barley,12.8,18.39,137.0,1445.2,20,12,509.0,-18.1
2014,Шортандинский,Shortandy,51.7,70.99,flax,5.5,18.39,137.0,1445.2,20,12,509.0,-18.1
2014,Шортандинский,Shortandy,51.7,70.99,oats,12.2,18.39,137.0,1445.2,20,12,509.0,-18.1
2014,Шортандинский,Shortandy,51.7,70.99,rapeseed,7.5,18.39,137.0,1445.2,20,12,509.0,-18.1
2014,Шортандинский,Shortandy,51.7,70.99,spring_wheat,12.0,18.39,137.0,1445.2,20,12,509.0,-18.1
2014,Шортандинский,Shortandy,51.7,70.99,sunflower,5.9,18.39,137.0,1445.2,20,12,509.0,-18.1
2015,Атбасарский,Atbasar,51.81,68.36,barley,12.73,17.65,173.8,1480.4,12,14,526.3,21.5
2015,Атбасарский,Atbasar,51.81,68.36,flax,5.51,17.65,173.8,1480.4,12,14,526.3,21.5
2015,Атбасарский,Atbasar,51.81,68.36,oats,12.25,17.65,173.8,1480.4,12,14,526.3,21.5
2015,Атбасарский,Atbasar,51.81,68.36,rapeseed,7.6,17.65,173.8,1480.4,12,14,526.3,21.5
2015,Атбасарский,Atbasar,51.81,68.36,spring_wheat,11.97,17.65,173.8,1480.4,12,14,526.3,21.5
2015,Атбасарский,Atbasar,51.81,68.36,sunflower,5.98,17.65,173.8,1480.4,12,14,526.3,21.5
2015,Буландынский,Bulandy,52.63,70.42,barley,13.94,17.02,229.6,1343.6,5,15,473.1,12.9
2015,Буландынский,Bulandy,52.63,70.42,flax,6.03,17.02,229.6,1343.6,5,15,473.1,12.9
2015,Буландынский,Bulandy,52.63,70.42,oats,13.42,17.02,229.6,1343.6,5,15,473.1,12.9
2015,Буландынский,Bulandy,52.63,70.42,rapeseed,8.32,17.02,229.6,1343.6,5,15,473.1,12.9
2015,Буландынский,Bulandy,52.63,70.42,spring_wheat,13.1,17.02,229.6,1343.6,5,15,473.1,12.9
2015,Буландынский,Bulandy,52.63,70.42,sunflower,6.55,17.02,229.6,1343.6,5,15,473.1,12.9
2015,Бурабайский,Burabay,52.94,70.31,barley,14.07,16.83,268.8,1246.6,3,12,441.3,18.3
2015,Бурабайский,Burabay,52.94,70.31,flax,6.09,16.83,268.8,1246.6,3,12,441.3,18.3
2015,Бурабайский,Burabay,52.94,70.31,oats,13.55,16.83,268.8,1246.6,3,12,441.3,18.3
2015,Бурабайский,Burabay,52.94,70.31,rapeseed,8.4,16.83,268.8,1246.6,3,12,441.3,18.3
2015,Бурабайский,Burabay,52.94,70.31,spring_wheat,13.23,16.83,268.8,1246.6,3,12,441.3,18.3
2015,Бурабайский,Burabay,52.94,70.31,sunflower,6.62,16.83,268.8,1246.6,3,12,441.3,18.3
2015,Есильский,Esil,51.95,66.4,barley,12.46,18.67,139.2,1567.1,20,17,551.8,1.4
2015,Есильский,Esil,51.95,66.4,flax,5.39,18.67,139.2,1567.1,20,17,551.8,1.4
2015,Есильский,Esil,51.95,66.4,oats,12.0,18.67,139.2,1567.1,20,17,551.8,1.4
2015,Есильский,Esil,51.95,66.4,rapeseed,7.44,18.67,139.2,1567.1,20,17,551.8,1.4
2015,Есильский,Esil,51.95,66.4,spring_wheat,11.72,18.67,139.2,1567.1,20,17,551.8,1.4
2015,Есильский,Esil,51.95,66.4,sunflower,5.86,18.67,139.2,1567.1,20,17,551.8,1.4
2015,Жаксынский,Zhaksy,51.9,67.3,barley,12.33,17.72,164.6,1445.1,11,16,517.1,5.5
2015,Жаксынский,Zhaksy,51.9,67.3,flax,5.34,17.72,164.6,1445.1,11,16,517.1,5.5
2015,Жаксынский,Zhaksy,51.9,67.3,oats,11.87,17.72,164.6,1445.1,11,16,517.1,5.5
2015,Жаксынский,Zhaksy,51.9,67.3,rapeseed,7.36,17.72,164.6,1445.1,11,16,517.1,5.5
2015,Жаксынский,Zhaksy,51.9,67.3,spring_wheat,11.59,17.72,164.6,1445.1,11,16,517.1,5.5
2015,Жаксынский,Zhaksy,51.9,67.3,sunflower,5.8,17.72,164.6,1445.1,11,16,517.1,5.5
2015,Зерендинский,Zerenda,53.05,69.15,barley,14.2,16.75,210.0,1339.8,3,16,460.4,-5.0
2015,Зерендинский,Zerenda,53.05,69.15,flax,6.15,16.75,210.0,1339.8,3,16,460.4,-5.0
2015,Зерендинский,Zerenda,53.05,69.15,oats,13.67,16.75,210.0,1339.8,3,16,460.4,-5.0
2015,Зерендинский,Zerenda,53.05,69.15,rapeseed,8.48,16.75,210.0,1339.8,3,16,460.4,-5.0
2015,Зерендинский,Zerenda,53.05,69.15,spring_wheat,13.36,16.75,210.0,1339.8,3,16,460.4,-5.0
2015,Зерендинский,Zerenda,53.05,69.15,sunflower,6.68,16.75,210.0,1339.8,3,16,460.4,-5.0
2015,Кокшетау,Kokshetau,53.29,69.39,barley,13.67,17.37,207.0,1395.9,5,12,469.7,-2.7
2015,Кокшетау,Kokshetau,53.29,69.39,flax,5.92,17.37,207.0,1395.9,5,12,469.7,-2.7
2015,Кокшетау,Kokshetau,53.29,69.39,oats,13.16,17.37,207.0,1395.9,5,12,469.7,-2.7
2015,Кокшетау,Kokshetau,53.29,69.39,rapeseed,8.16,17.37,207.0,1395.9,5,12,469.7,-2.7
2015,Кокшетау,Kokshetau,53.29,69.39,spring_wheat,12.85,17.37,207.0,1395.9,5,12,469.7,-2.7
2015,Кокшетау,Kokshetau,53.29,69.39,sunflower,6.43,17.37,207.0,1395.9,5,12,469.7,-2.7
2015,Сандыктауский,Sandyktau,52.45,68.75,barley,13.8,16.77,199.3,1338.4,4,11,467.1,1.8
2015,Сандыктауский,Sandyktau,52.45,68.75,flax,5.97,16.77,199.3,1338.4,4,11,467.1,1.8
2015,Сандыктауский,Sandyktau,52.45,68.75,oats,13.29,16.77,199.3,1338.4,4,11,467.1,1.8
2015,Сандыктауский,Sandyktau,52.45,68.75,rapeseed,8.24,16.77,199.3,1338.4,4,11,467.1,1.8
2015,Сандыктауский,Sandyktau,52.45,68.75,spring_wheat,12.98,16.77,199.3,1338.4,4,11,467.1,1.8
2015,Сандыктауский,Sandyktau,52.45,68.75,sunflower,6.49,16.77,199.3,1338.4,4,11,467.1,1.8
2015,Целиноградский,Tselinograd,51.18,71.03,barley,13.13,18.24,159.2,1492.3,11,18,522.1,13.7
2015,Целиноградский,Tselinograd,51.18,71.03,flax,5.68,18.24,159.2,1492.3,11,18,522.1,13.7
2015,Целиноградский,Tselinograd,51.18,71.03,oats,12.64,18.24,159.2,1492.3,11,18,522.1,13.7
2015,Целиноградский,Tselinograd,51.18,71.03,rapeseed,7.84,18.24,159.2,1492.3,11,18,522.1,13.7
2015,Целиноградский,Tselinograd,51.18,71.03,spring_wheat,12.35,18.24,159.2,1492.3,11,18,522.1,13.7
2015,Целиноградский,Tselinograd,51.18,71.03,sunflower,6.17,18.24,159.2,1492.3,11,18,522.1,13.7
2015,Шортандинский,Shortandy,51.7,70.99,barley,13.4,17.74,202.0,1421.4,9,9,502.9,20.7
2015,Шортандинский,Shortandy,51.7,70.99,flax,5.8,17.74,202.0,1421.4,9,9,502.9,20.7
2015,Шортандинский,Shortandy,51.7,70.99,oats,12.9,17.74,202.0,1421.4,9,9,502.9,20.7
2015,Шортандинский,Shortandy,51.7,70.99,rapeseed,8.0,17.74,202.0,1421.4,9,9,502.9,20.7
2015,Шортандинский,Shortandy,51.7,70.99,spring_wheat,12.6,17.74,202.0,1421.4,9,9,502.9,20.7
2015,Шортандинский,Shortandy,51.7,70.99,sunflower,6.3,17.74,202.0,1421.4,9,9,502.9,20.7
2016,Атбасарский,Atbasar,51.81,68.36,barley,13.3,17.12,132.3,1481.9,3,15,480.8,-7.5
2016,Атбасарский,Atbasar,51.81,68.36,flax,5.7,17.12,132.3,1481.9,3,15,480.8,-7.5
2016,Атбасарский,Atbasar,51.81,68.36,oats,15.2,17.12,132.3,1481.9,3,15,480.8,-7.5
2016,Атбасарский,Atbasar,51.81,68.36,rapeseed,8.55,17.12,132.3,1481.9,3,15,480.8,-7.5
2016,Атбасарский,Atbasar,51.81,68.36,spring_wheat,12.54,17.12,132.3,1481.9,3,15,480.8,-7.5
2016,Атбасарский,Atbasar,51.81,68.36,sunflower,8.84,17.12,132.3,1481.9,3,15,480.8,-7.5
2016,Буландынский,Bulandy,52.63,70.42,barley,14.56,16.72,212.9,1347.7,0,15,421.9,4.7
2016,Буландынский,Bulandy,52.63,70.42,flax,6.24,16.72,212.9,1347.7,0,15,421.9,4.7
2016,Буландынский,Bulandy,52.63,70.42,oats,16.64,16.72,212.9,1347.7,0,15,421.9,4.7
2016,Буландынский,Bulandy,52.63,70.42,rapeseed,9.36,16.72,212.9,1347.7,0,15,421.9,4.7
2016,Буландынский,Bulandy,52.63,70.42,spring_wheat,13.73,16.72,212.9,1347.7,0,15,421.9,4.7
2016,Буландынский,Bulandy,52.63,70.42,sunflower,9.67,16.72,212.9,1347.7,0,15,421.9,4.7
2016,Бурабайский,Burabay,52.94,70.31,barley,14.7,16.58,243.1,1267.2,0,20,399.9,7.0
2016,Бурабайский,Burabay,52.94,70.31,flax,6.3,16.58,243.1,1267.2,0,20,399.9,7.0
2016,Бурабайский,Burabay,52.94,70.31,oats,16.8,16.58,243.1,1267.2,0,20,399.9,7.0
2016,Бурабайский,Burabay,52.94,70.31,rapeseed,9.45,16.58,243.1,1267.2,0,20,399.9,7.0
2016,Бурабайский,Burabay,52.94,70.31,spring_wheat,13.86,16.58,243.1,1267.2,0,20,399.9,7.0
2016,Бурабайский,Burabay,52.94,70.31,sunflower,9.77,16.58,243.1,1267.2,0,20,399.9,7.0
2016,Есильский,Esil,51.95,66.4,barley,13.02,17.72,114.7,1576.6,11,31,509.9,-16.5
2016,Есильский,Esil,51.95,66.4,flax,5.58,17.72,114.7,1576.6,11,31,509.9,-16.5
2016,Есильский,Esil,51.95,66.4,oats,14.88,17.72,114.7,1576.6,11,31,509.9,-16.5
2016,Есильский,Esil,51.95,66.4,rapeseed,8.37,17.72,114.7,1576.6,11,31,509.9,-16.5
2016,Есильский,Esil,51.95,66.4,spring_wheat,12.28,17.72,114.7,1576.6,11,31,509.9,-16.5
2016,Есильский,Esil,51.95,66.4,sunflower,8.65,17.72,114.7,1576.6,11,31,509.9,-16.5
2016,Жаксынский,Zhaksy,51.9,67.3,barley,12.88,16.88,130.7,1448.6,2,29,473.6,-16.2
2016,Жаксынский,Zhaksy,51.9,67.3,flax,5.52,16.88,130.7,1448.6,2,29,473.6,-16.2
2016,Жаксынский,Zhaksy,51.9,67.3,oats,14.72,16.88,130.7,1448.6,2,29,473.6,-16.2
2016,Жаксынский,Zhaksy,51.9,67.3,rapeseed,8.28,16.88,130.7,1448.6,2,29,473.6,-16.2
2016,Жаксынский,Zhaksy,51.9,67.3,spring_wheat,12.14,16.88,130.7,1448.6,2,29,473.6,-16.2
2016,Жаксынский,Zhaksy,51.9,67.3,sunflower,8.56,16.88,130.7,1448.6,2,29,473.6,-16.2
2016,Зерендинский,Zerenda,53.05,69.15,barley,14.84,16.42,222.5,1363.7,0,11,418.7,0.7
2016,Зерендинский,Zerenda,53.05,69.15,flax,6.36,16.42,222.5,1363.7,0,11,418.7,0.7
2016,Зерендинский,Zerenda,53.05,69.15,oats,16.96,16.42,222.5,1363.7,0,11,418.7,0.7
2016,Зерендинский,Zerenda,53.05,69.15,rapeseed,9.54,16.42,222.5,1363.7,0,11,418.7,0.7
2016,Зерендинский,Zerenda,53.05,69.15,spring_wheat,13.99,16.42,222.5,1363.7,0,11,418.7,0.7
2016,Зерендинский,Zerenda,53.05,69.15,sunflower,9.86,16.42,222.5,1363.7,0,11,418.7,0.7
2016,Кокшетау,Kokshetau,53.29,69.39,barley,14.28,17.05,212.4,1428.0,0,11,429.8,-0.2
2016,Кокшетау,Kokshetau,53.29,69.39,flax,6.12,17.05,212.4,1428.0,0,11,429.8,-0.2
2016,Кокшетау,Kokshetau,53.29,69.39,oats,16.32,17.05,212.4,1428.0,0,11,429.8,-0.2
2016,Кокшетау,Kokshetau,53.29,69.39,rapeseed,9.18,17.05,212.4,1428.0,0,11,429.8,-0.2
2016,Кокшетау,Kokshetau,53.29,69.39,spring_wheat,13.46,17.05,212.4,1428.0,0,11,429.8,-0.2
2016,Кокшетау,Kokshetau,53.29,69.39,sunflower,9.49,17.05,212.4,1428.0,0,11,429.8,-0.2
2016,Сандыктауский,Sandyktau,52.45,68.75,barley,14.42,16.38,188.2,1351.5,0,15,421.6,-3.9
2016,Сандыктауский,Sandyktau,52.45,68.75,flax,6.18,16.38,188.2,1351.5,0,15,421.6,-3.9
2016,Сандыктауский,Sandyktau,52.45,68.75,oats,16.48,16.38,188.2,1351.5,0,15,421.6,-3.9
2016,Сандыктауский,Sandyktau,52.45,68.75,rapeseed,9.27,16.38,188.2,1351.5,0,15,421.6,-3.9
2016,Сандыктауский,Sandyktau,52.45,68.75,spring_wheat,13.6,16.38,188.2,1351.5,0,15,421.6,-3.9
2016,Сандыктауский,Sandyktau,52.45,68.75,sunflower,9.58,16.38,188.2,1351.5,0,15,421.6,-3.9
2016,Целиноградский,Tselinograd,51.18,71.03,barley,13.72,17.49,178.0,1450.9,3,18,472.6,27.1
2016,Целиноградский,Tselinograd,51.18,71.03,flax,5.88,17.49,178.0,1450.9,3,18,472.6,27.1
2016,Целиноградский,Tselinograd,51.18,71.03,oats,15.68,17.49,178.0,1450.9,3,18,472.6,27.1
2016,Целиноградский,Tselinograd,51.18,71.03,rapeseed,8.82,17.49,178.0,1450.9,3,18,472.6,27.1
2016,Целиноградский,Tselinograd,51.18,71.03,spring_wheat,12.94,17.49,178.0,1450.9,3,18,472.6,27.1
2016,Целиноградский,Tselinograd,51.18,71.03,sunflower,9.11,17.49,178.0,1450.9,3,18,472.6,27.1
2016,Шортандинский,Shortandy,51.7,70.99,barley,14.0,17.16,181.4,1399.6,1,12,450.0,8.4
2016,Шортандинский,Shortandy,51.7,70.99,flax,6.0,17.16,181.4,1399.6,1,12,450.0,8.4
2016,Шортандинский,Shortandy,51.7,70.99,oats,16.0,17.16,181.4,1399.6,1,12,450.0,8.4
2016,Шортандинский,Shortandy,51.7,70.99,rapeseed,9.0,17.16,181.4,1399.6,1,12,450.0,8.4
2016,Шортандинский,Shortandy,51.7,70.99,spring_wheat,13.2,17.16,181.4,1399.6,1,12,450.0,8.4
2016,Шортандинский,Shortandy,51.7,70.99,sunflower,9.3,17.16,181.4,1399.6,1,12,450.0,8.4
2017,Атбасарский,Atbasar,51.81,68.36,barley,13.59,17.7,94.8,1488.2,11,22,516.8,-33.7
2017,Атбасарский,Atbasar,51.81,68.36,flax,6.17,17.7,94.8,1488.2,11,22,516.8,-33.7
2017,Атбасарский,Atbasar,51.81,68.36,oats,12.63,17.7,94.8,1488.2,11,22,516.8,-33.7
2017,Атбасарский,Atbasar,51.81,68.36,rapeseed,9.97,17.7,94.8,1488.2,11,22,516.8,-33.7
2017,Атбасарский,Atbasar,51.81,68.36,spring_wheat,12.82,17.7,94.8,1488.2,11,22,516.8,-33.7
2017,Атбасарский,Atbasar,51.81,68.36,sunflower,9.69,17.7,94.8,1488.2,11,22,516.8,-33.7
2017,Буландынский,Bulandy,52.63,70.42,barley,14.87,17.82,128.1,1366.9,6,22,489.3,-37.0
2017,Буландынский,Bulandy,52.63,70.42,flax,6.76,17.82,128.1,1366.9,6,22,489.3,-37.0
2017,Буландынский,Bulandy,52.63,70.42,oats,13.83,17.82,128.1,1366.9,6,22,489.3,-37.0
2017,Буландынский,Bulandy,52.63,70.42,rapeseed,10.92,17.82,128.1,1366.9,6,22,489.3,-37.0
2017,Буландынский,Bulandy,52.63,70.42,spring_wheat,14.04,17.82,128.1,1366.9,6,22,489.3,-37.0
2017,Буландынский,Bulandy,52.63,70.42,sunflower,10.61,17.82,128.1,1366.9,6,22,489.3,-37.0
2017,Бурабайский,Burabay,52.94,70.31,barley,15.02,17.32,152.0,1330.9,4,22,455.7,-33.1
2017,Бурабайский,Burabay,52.94,70.31,flax,6.83,17.32,152.0,1330.9,4,22,455.7,-33.1
2017,Бурабайский,Burabay,52.94,70.31,oats,13.97,17.32,152.0,1330.9,4,22,455.7,-33.1
2017,Бурабайский,Burabay,52.94,70.31,rapeseed,11.03,17.32,152.0,1330.9,4,22,455.7,-33.1
2017,Бурабайский,Burabay,52.94,70.31,spring_wheat,14.18,17.32,152.0,1330.9,4,22,455.7,-33.1
2017,Бурабайский,Burabay,52.94,70.31,sunflower,10.71,17.32,152.0,1330.9,4,22,455.7,-33.1
2017,Есильский,Esil,51.95,66.4,barley,13.3,18.15,97.8,1562.9,18,17,547.2,-28.8
2017,Есильский,Esil,51.95,66.4,flax,6.04,18.15,97.8,1562.9,18,17,547.2,-28.8
2017,Есильский,Esil,51.95,66.4,oats,12.37,18.15,97.8,1562.9,18,17,547.2,-28.8
2017,Есильский,Esil,51.95,66.4,rapeseed,9.77,18.15,97.8,1562.9,18,17,547.2,-28.8
2017,Есильский,Esil,51.95,66.4,spring_wheat,12.56,18.15,97.8,1562.9,18,17,547.2,-28.8
2017,Есильский,Esil,51.95,66.4,sunflower,9.49,18.15,97.8,1562.9,18,17,547.2,-28.8
2017,Жаксынский,Zhaksy,51.9,67.3,barley,13.16,17.44,108.7,1448.8,9,22,514.9,-30.3
2017,Жаксынский,Zhaksy,51.9,67.3,flax,5.98,17.44,108.7,1448.8,9,22,514.9,-30.3
2017,Жаксынский,Zhaksy,51.9,67.3,oats,12.24,17.44,108.7,1448.8,9,22,514.9,-30.3
2017,Жаксынский,Zhaksy,51.9,67.3,rapeseed,9.66,17.44,108.7,1448.8,9,22,514.9,-30.3
2017,Жаксынский,Zhaksy,51.9,67.3,spring_wheat,12.42,17.44,108.7,1448.8,9,22,514.9,-30.3
2017,Жаксынский,Zhaksy,51.9,67.3,sunflower,9.38,17.44,108.7,1448.8,9,22,514.9,-30.3
2017,Зерендинский,Zerenda,53.05,69.15,barley,15.16,16.96,168.6,1376.0,5,18,473.6,-23.7
2017,Зерендинский,Zerenda,53.05,69.15,flax,6.89,16.96,168.6,1376.0,5,18,473.6,-23.7
2017,Зерендинский,Zerenda,53.05,69.15,oats,14.1,16.96,168.6,1376.0,5,18,473.6,-23.7
2017,Зерендинский,Zerenda,53.05,69.15,rapeseed,11.13,16.96,168.6,1376.0,5,18,473.6,-23.7
2017,Зерендинский,Zerenda,53.05,69.15,spring_wheat,14.31,16.96,168.6,1376.0,5,18,473.6,-23.7
2017,Зерендинский,Zerenda,53.05,69.15,sunflower,10.81,16.96,168.6,1376.0,5,18,473.6,-23.7
2017,Кокшетау,Kokshetau,53.29,69.39,barley,14.59,17.52,162.0,1429.9,8,22,485.3,-23.9
2017,Кокшетау,Kokshetau,53.29,69.39,flax,6.63,17.52,162.0,1429.9,8,22,485.3,-23.9
2017,Кокшетау,Kokshetau,53.29,69.39,oats,13.57,17.52,162.0,1429.9,8,22,485.3,-23.9
2017,Кокшетау,Kokshetau,53.29,69.39,rapeseed,10.71,17.52,162.0,1429.9,8,22,485.3,-23.9
2017,Кокшетау,Kokshetau,53.29,69.39,spring_wheat,13.77,17.52,162.0,1429.9,8,22,485.3,-23.9
2017,Кокшетау,Kokshetau,53.29,69.39,sunflower,10.4,17.52,162.0,1429.9,8,22,485.3,-23.9
2017,Сандыктауский,Sandyktau,52.45,68.75,barley,14.73,16.9,139.8,1329.2,4,17,467.0,-28.6
2017,Сандыктауский,Sandyktau,52.45,68.75,flax,6.7,16.9,139.8,1329.2,4,17,467.0,-28.6
2017,Сандыктауский,Sandyktau,52.45,68.75,oats,13.7,16.9,139.8,1329.2,4,17,467.0,-28.6
2017,Сандыктауский,Sandyktau,52.45,68.75,rapeseed,10.81,16.9,139.8,1329.2,4,17,467.0,-28.6
2017,Сандыктауский,Sandyktau,52.45,68.75,spring_wheat,13.91,16.9,139.8,1329.2,4,17,467.0,-28.6
2017,Сандыктауский,Sandyktau,52.45,68.75,sunflower,10.51,16.9,139.8,1329.2,4,17,467.0,-28.6
2017,Целиноградский,Tselinograd,51.18,71.03,barley,14.01,19.04,85.0,1586.7,21,22,568.1,-39.3
2017,Целиноградский,Tselinograd,51.18,71.03,flax,6.37,19.04,85.0,1586.7,21,22,568.1,-39.3
2017,Целиноградский,Tselinograd,51.18,71.03,oats,13.03,19.04,85.0,1586.7,21,22,568.1,-39.3
2017,Целиноградский,Tselinograd,51.18,71.03,rapeseed,10.29,19.04,85.0,1586.7,21,22,568.1,-39.3
2017,Целиноградский,Tselinograd,51.18,71.03,spring_wheat,13.23,19.04,85.0,1586.7,21,22,568.1,-39.3
2017,Целиноградский,Tselinograd,51.18,71.03,sunflower,10.0,19.04,85.0,1586.7,21,22,568.1,-39.3
2017,Шортандинский,Shortandy,51.7,70.99,barley,14.3,18.61,81.6,1517.5,16,22,544.9,-51.2
2017,Шортандинский,Shortandy,51.7,70.99,flax,6.5,18.61,81.6,1517.5,16,22,544.9,-51.2
2017,Шортандинский,Shortandy,51.7,70.99,oats,13.3,18.61,81.6,1517.5,16,22,544.9,-51.2
2017,Шортандинский,Shortandy,51.7,70.99,rapeseed,10.5,18.61,81.6,1517.5,16,22,544.9,-51.2
2017,Шортандинский,Shortandy,51.7,70.99,spring_wheat,13.5,18.61,81.6,1517.5,16,22,544.9,-51.2
2017,Шортандинский,Shortandy,51.7,70.99,sunflower,10.2,18.61,81.6,1517.5,16,22,544.9,-51.2
2018,Атбасарский,Atbasar,51.81,68.36,barley,13.11,15.76,179.2,1387.1,5,12,489.7,25.3
2018,Атбасарский,Atbasar,51.81,68.36,flax,5.89,15.76,179.2,1387.1,5,12,489.7,25.3
2018,Атбасарский,Atbasar,51.81,68.36,oats,12.54,15.76,179.2,1387.1,5,12,489.7,25.3
2018,Атбасарский,Atbasar,51.81,68.36,rapeseed,10.45,15.76,179.2,1387.1,5,12,489.7,25.3
2018,Атбасарский,Atbasar,51.81,68.36,spring_wheat,12.35,15.76,179.2,1387.1,5,12,489.7,25.3
2018,Атбасарский,Atbasar,51.81,68.36,sunflower,7.6,15.76,179.2,1387.1,5,12,489.7,25.3
2018,Буландынский,Bulandy,52.63,70.42,barley,14.35,14.96,283.0,1205.2,1,7,433.4,39.1
2018,Буландынский,Bulandy,52.63,70.42,flax,6.45,14.96,283.0,1205.2,1,7,433.4,39.1
2018,Буландынский,Bulandy,52.63,70.42,oats,13.73,14.96,283.0,1205.2,1,7,433.4,39.1
2018,Буландынский,Bulandy,52.63,70.42,rapeseed,11.44,14.96,283.0,1205.2,1,7,433.4,39.1
2018,Буландынский,Bulandy,52.63,70.42,spring_wheat,13.52,14.96,283.0,1205.2,1,7,433.4,39.1
2018,Буландынский,Bulandy,52.63,70.42,sunflower,8.32,14.96,283.0,1205.2,1,7,433.4,39.1
2018,Бурабайский,Burabay,52.94,70.31,barley,14.49,14.82,345.3,1147.3,0,10,396.8,52.0
2018,Бурабайский,Burabay,52.94,70.31,flax,6.51,14.82,345.3,1147.3,0,10,396.8,52.0
2018,Бурабайский,Burabay,52.94,70.31,oats,13.86,14.82,345.3,1147.3,0,10,396.8,52.0
2018,Бурабайский,Burabay,52.94,70.31,rapeseed,11.55,14.82,345.3,1147.3,0,10,396.8,52.0
2018,Бурабайский,Burabay,52.94,70.31,spring_wheat,13.65,14.82,345.3,1147.3,0,10,396.8,52.0
2018,Бурабайский,Burabay,52.94,70.31,sunflower,8.4,14.82,345.3,1147.3,0,10,396.8,52.0
2018,Есильский,Esil,51.95,66.4,barley,12.83,16.77,150.6,1455.2,12,19,523.6,9.7
2018,Есильский,Esil,51.95,66.4,flax,5.77,16.77,150.6,1455.2,12,19,523.6,9.7
2018,Есильский,Esil,51.95,66.4,oats,12.28,16.77,150.6,1455.2,12,19,523.6,9.7
2018,Есильский,Esil,51.95,66.4,rapeseed,10.23,16.77,150.6,1455.2,12,19,523.6,9.7
2018,Есильский,Esil,51.95,66.4,spring_wheat,12.09,16.77,150.6,1455.2,12,19,523.6,9.7
2018,Есильский,Esil,51.95,66.4,sunflower,7.44,16.77,150.6,1455.2,12,19,523.6,9.7
2018,Жаксынский,Zhaksy,51.9,67.3,barley,12.7,15.78,176.7,1338.6,4,12,482.3,13.3
2018,Жаксынский,Zhaksy,51.9,67.3,flax,5.7,15.78,176.7,1338.6,4,12,482.3,13.3
2018,Жаксынский,Zhaksy,51.9,67.3,oats,12.14,15.78,176.7,1338.6,4,12,482.3,13.3
2018,Жаксынский,Zhaksy,51.9,67.3,rapeseed,10.12,15.78,176.7,1338.6,4,12,482.3,13.3
2018,Жаксынский,Zhaksy,51.9,67.3,spring_wheat,11.96,15.78,176.7,1338.6,4,12,482.3,13.3
2018,Жаксынский,Zhaksy,51.9,67.3,sunflower,7.36,15.78,176.7,1338.6,4,12,482.3,13.3
2018,Зерендинский,Zerenda,53.05,69.15,barley,14.63,14.73,347.8,1208.0,1,15,426.1,57.4
2018,Зерендинский,Zerenda,53.05,69.15,flax,6.57,14.73,347.8,1208.0,1,15,426.1,57.4
2018,Зерендинский,Zerenda,53.05,69.15,oats,13.99,14.73,347.8,1208.0,1,15,426.1,57.4
2018,Зерендинский,Zerenda,53.05,69.15,rapeseed,11.66,14.73,347.8,1208.0,1,15,426.1,57.4
2018,Зерендинский,Zerenda,53.05,69.15,spring_wheat,13.78,14.73,347.8,1208.0,1,15,426.1,57.4
2018,Зерендинский,Zerenda,53.05,69.15,sunflower,8.48,14.73,347.8,1208.0,1,15,426.1,57.4
2018,Кокшетау,Kokshetau,53.29,69.39,barley,14.08,15.27,349.6,1257.6,2,9,436.5,64.3
2018,Кокшетау,Kokshetau,53.29,69.39,flax,6.32,15.27,349.6,1257.6,2,9,436.5,64.3
2018,Кокшетау,Kokshetau,53.29,69.39,oats,13.46,15.27,349.6,1257.6,2,9,436.5,64.3
2018,Кокшетау,Kokshetau,53.29,69.39,rapeseed,11.22,15.27,349.6,1257.6,2,9,436.5,64.3
2018,Кокшетау,Kokshetau,53.29,69.39,spring_wheat,13.26,15.27,349.6,1257.6,2,9,436.5,64.3
2018,Кокшетау,Kokshetau,53.29,69.39,sunflower,8.16,15.27,349.6,1257.6,2,9,436.5,64.3
2018,Сандыктауский,Sandyktau,52.45,68.75,barley,14.21,14.79,274.4,1197.4,0,8,429.7,40.2
2018,Сандыктауский,Sandyktau,52.45,68.75,flax,6.39,14.79,274.4,1197.4,0,8,429.7,40.2
2018,Сандыктауский,Sandyktau,52.45,68.75,oats,13.6,14.79,274.4,1197.4,0,8,429.7,40.2
2018,Сандыктауский,Sandyktau,52.45,68.75,rapeseed,11.33,14.79,274.4,1197.4,0,8,429.7,40.2
2018,Сандыктауский,Sandyktau,52.45,68.75,spring_wheat,13.39,14.79,274.4,1197.4,0,8,429.7,40.2
2018,Сандыктауский,Sandyktau,52.45,68.75,sunflower,8.24,14.79,274.4,1197.4,0,8,429.7,40.2
2018,Целиноградский,Tselinograd,51.18,71.03,barley,13.52,16.16,227.4,1345.1,7,8,471.0,62.4
2018,Целиноградский,Tselinograd,51.18,71.03,flax,6.08,16.16,227.4,1345.1,7,8,471.0,62.4
2018,Целиноградский,Tselinograd,51.18,71.03,oats,12.94,16.16,227.4,1345.1,7,8,471.0,62.4
2018,Целиноградский,Tselinograd,51.18,71.03,rapeseed,10.78,16.16,227.4,1345.1,7,8,471.0,62.4
2018,Целиноградский,Tselinograd,51.18,71.03,spring_wheat,12.74,16.16,227.4,1345.1,7,8,471.0,62.4
2018,Целиноградский,Tselinograd,51.18,71.03,sunflower,7.84,16.16,227.4,1345.1,7,8,471.0,62.4
2018,Шортандинский,Shortandy,51.7,70.99,barley,13.8,15.62,209.7,1298.6,4,8,463.7,25.3
2018,Шортандинский,Shortandy,51.7,70.99,flax,6.2,15.62,209.7,1298.6,4,8,463.7,25.3
2018,Шортандинский,Shortandy,51.7,70.99,oats,13.2,15.62,209.7,1298.6,4,8,463.7,25.3
2018,Шортандинский,Shortandy,51.7,70.99,rapeseed,11.0,15.62,209.7,1298.6,4,8,463.7,25.3
2018,Шортандинский,Shortandy,51.7,70.99,spring_wheat,13.0,15.62,209.7,1298.6,4,8,463.7,25.3
2018,Шортандинский,Shortandy,51.7,70.99,sunflower,8.0,15.62,209.7,1298.6,4,8,463.7,25.3
2019,Атбасарский,Atbasar,51.81,68.36,barley,11.21,17.09,110.7,1461.8,17,19,537.8,-22.6
2019,Атбасарский,Atbasar,51.81,68.36,flax,6.84,17.09,110.7,1461.8,17,19,537.8,-22.6
2019,Атбасарский,Atbasar,51.81,68.36,oats,10.64,17.09,110.7,1461.8,17,19,537.8,-22.6
2019,Атбасарский,Atbasar,51.81,68.36,rapeseed,10.26,17.09,110.7,1461.8,17,19,537.8,-22.6
2019,Атбасарский,Atbasar,51.81,68.36,spring_wheat,10.45,17.09,110.7,1461.8,17,19,537.8,-22.6
2019,Атбасарский,Atbasar,51.81,68.36,sunflower,7.41,17.09,110.7,1461.8,17,19,537.8,-22.6
2019,Буландынский,Bulandy,52.63,70.42,barley,12.27,16.27,154.3,1297.7,10,12,486.2,-24.1
2019,Буландынский,Bulandy,52.63,70.42,flax,7.49,16.27,154.3,1297.7,10,12,486.2,-24.1
2019,Буландынский,Bulandy,52.63,70.42,oats,11.65,16.27,154.3,1297.7,10,12,486.2,-24.1
2019,Буландынский,Bulandy,52.63,70.42,rapeseed,11.23,16.27,154.3,1297.7,10,12,486.2,-24.1
2019,Буландынский,Bulandy,52.63,70.42,spring_wheat,11.44,16.27,154.3,1297.7,10,12,486.2,-24.1
2019,Буландынский,Bulandy,52.63,70.42,sunflower,8.11,16.27,154.3,1297.7,10,12,486.2,-24.1
2019,Бурабайский,Burabay,52.94,70.31,barley,12.39,15.94,178.2,1212.0,2,12,438.1,-21.5
2019,Бурабайский,Burabay,52.94,70.31,flax,7.56,15.94,178.2,1212.0,2,12,438.1,-21.5
2019,Бурабайский,Burabay,52.94,70.31,oats,11.76,15.94,178.2,1212.0,2,12,438.1,-21.5
2019,Бурабайский,Burabay,52.94,70.31,rapeseed,11.34,15.94,178.2,1212.0,2,12,438.1,-21.5
2019,Бурабайский,Burabay,52.94,70.31,spring_wheat,11.55,15.94,178.2,1212.0,2,12,438.1,-21.5
2019,Бурабайский,Burabay,52.94,70.31,sunflower,8.19,15.94,178.2,1212.0,2,12,438.1,-21.5
2019,Есильский,Esil,51.95,66.4,barley,10.97,18.34,127.8,1514.7,19,25,566.2,-6.9
2019,Есильский,Esil,51.95,66.4,flax,6.7,18.34,127.8,1514.7,19,25,566.2,-6.9
2019,Есильский,Esil,51.95,66.4,oats,10.42,18.34,127.8,1514.7,19,25,566.2,-6.9
2019,Есильский,Esil,51.95,66.4,rapeseed,10.04,18.34,127.8,1514.7,19,25,566.2,-6.9
2019,Есильский,Esil,51.95,66.4,spring_wheat,10.23,18.34,127.8,1514.7,19,25,566.2,-6.9
2019,Есильский,Esil,51.95,66.4,sunflower,7.25,18.34,127.8,1514.7,19,25,566.2,-6.9
2019,Жаксынский,Zhaksy,51.9,67.3,barley,10.86,17.23,113.5,1396.2,13,19,524.5,-27.2
2019,Жаксынский,Zhaksy,51.9,67.3,flax,6.62,17.23,113.5,1396.2,13,19,524.5,-27.2
2019,Жаксынский,Zhaksy,51.9,67.3,oats,10.3,17.23,113.5,1396.2,13,19,524.5,-27.2
2019,Жаксынский,Zhaksy,51.9,67.3,rapeseed,9.94,17.23,113.5,1396.2,13,19,524.5,-27.2
2019,Жаксынский,Zhaksy,51.9,67.3,spring_wheat,10.12,17.23,113.5,1396.2,13,19,524.5,-27.2
2019,Жаксынский,Zhaksy,51.9,67.3,sunflower,7.18,17.23,113.5,1396.2,13,19,524.5,-27.2
2019,Зерендинский,Zerenda,53.05,69.15,barley,12.51,15.9,155.7,1290.1,10,12,465.0,-29.6
2019,Зерендинский,Zerenda,53.05,69.15,flax,7.63,15.9,155.7,1290.1,10,12,465.0,-29.6
2019,Зерендинский,Zerenda,53.05,69.15,oats,11.87,15.9,155.7,1290.1,10,12,465.0,-29.6
2019,Зерендинский,Zerenda,53.05,69.15,rapeseed,11.45,15.9,155.7,1290.1,10,12,465.0,-29.6
2019,Зерендинский,Zerenda,53.05,69.15,spring_wheat,11.66,15.9,155.7,1290.1,10,12,465.0,-29.6
2019,Зерендинский,Zerenda,53.05,69.15,sunflower,8.27,15.9,155.7,1290.1,10,12,465.0,-29.6
2019,Кокшетау,Kokshetau,53.29,69.39,barley,12.04,16.51,144.2,1323.8,10,17,466.6,-32.2
2019,Кокшетау,Kokshetau,53.29,69.39,flax,7.34,16.51,144.2,1323.8,10,17,466.6,-32.2
2019,Кокшетау,Kokshetau,53.29,69.39,oats,11.42,16.51,144.2,1323.8,10,17,466.6,-32.2
2019,Кокшетау,Kokshetau,53.29,69.39,rapeseed,11.02,16.51,144.2,1323.8,10,17,466.6,-32.2
2019,Кокшетау,Kokshetau,53.29,69.39,spring_wheat,11.22,16.51,144.2,1323.8,10,17,466.6,-32.2
2019,Кокшетау,Kokshetau,53.29,69.39,sunflower,7.96,16.51,144.2,1323.8,10,17,466.6,-32.2
2019,Сандыктауский,Sandyktau,52.45,68.75,barley,12.15,16.13,168.1,1259.0,9,16,463.8,-14.1
2019,Сандыктауский,Sandyktau,52.45,68.75,flax,7.42,16.13,168.1,1259.0,9,16,463.8,-14.1
2019,Сандыктауский,Sandyktau,52.45,68.75,oats,11.54,16.13,168.1,1259.0,9,16,463.8,-14.1
2019,Сандыктауский,Sandyktau,52.45,68.75,rapeseed,11.12,16.13,168.1,1259.0,9,16,463.8,-14.1
2019,Сандыктауский,Sandyktau,52.45,68.75,spring_wheat,11.33,16.13,168.1,1259.0,9,16,463.8,-14.1
2019,Сандыктауский,Sandyktau,52.45,68.75,sunflower,8.03,16.13,168.1,1259.0,9,16,463.8,-14.1
2019,Целиноградский,Tselinograd,51.18,71.03,barley,11.56,17.73,112.4,1453.5,17,17,538.1,-19.7
2019,Целиноградский,Tselinograd,51.18,71.03,flax,7.06,17.73,112.4,1453.5,17,17,538.1,-19.7
2019,Целиноградский,Tselinograd,51.18,71.03,oats,10.98,17.73,112.4,1453.5,17,17,538.1,-19.7
2019,Целиноградский,Tselinograd,51.18,71.03,rapeseed,10.58,17.73,112.4,1453.5,17,17,538.1,-19.7
2019,Целиноградский,Tselinograd,51.18,71.03,spring_wheat,10.78,17.73,112.4,1453.5,17,17,538.1,-19.7
2019,Целиноградский,Tselinograd,51.18,71.03,sunflower,7.64,17.73,112.4,1453.5,17,17,538.1,-19.7
2019,Шортандинский,Shortandy,51.7,70.99,barley,11.8,17.23,127.2,1401.7,15,17,525.0,-24.0
2019,Шортандинский,Shortandy,51.7,70.99,flax,7.2,17.23,127.2,1401.7,15,17,525.0,-24.0
2019,Шортандинский,Shortandy,51.7,70.99,oats,11.2,17.23,127.2,1401.7,15,17,525.0,-24.0
2019,Шортандинский,Shortandy,51.7,70.99,rapeseed,10.8,17.23,127.2,1401.7,15,17,525.0,-24.0
2019,Шортандинский,Shortandy,51.7,70.99,spring_wheat,11.0,17.23,127.2,1401.7,15,17,525.0,-24.0
2019,Шортандинский,Shortandy,51.7,70.99,sunflower,7.8,17.23,127.2,1401.7,15,17,525.0,-24.0
2020,Атбасарский,Atbasar,51.81,68.36,barley,12.35,18.13,118.7,1574.3,22,26,546.7,-17.0
2020,Атбасарский,Atbasar,51.81,68.36,flax,7.12,18.13,118.7,1574.3,22,26,546.7,-17.0
2020,Атбасарский,Atbasar,51.81,68.36,oats,11.88,18.13,118.7,1574.3,22,26,546.7,-17.0
2020,Атбасарский,Atbasar,51.81,68.36,rapeseed,10.64,18.13,118.7,1574.3,22,26,546.7,-17.0
2020,Атбасарский,Atbasar,51.81,68.36,spring_wheat,11.59,18.13,118.7,1574.3,22,26,546.7,-17.0
2020,Атбасарский,Atbasar,51.81,68.36,sunflower,7.6,18.13,118.7,1574.3,22,26,546.7,-17.0
2020,Буландынский,Bulandy,52.63,70.42,barley,13.52,17.98,176.8,1422.0,12,34,498.9,-13.1
2020,Буландынский,Bulandy,52.63,70.42,flax,7.8,17.98,176.8,1422.0,12,34,498.9,-13.1
2020,Буландынский,Bulandy,52.63,70.42,oats,13.0,17.98,176.8,1422.0,12,34,498.9,-13.1
2020,Буландынский,Bulandy,52.63,70.42,rapeseed,11.65,17.98,176.8,1422.0,12,34,498.9,-13.1
2020,Буландынский,Bulandy,52.63,70.42,spring_wheat,12.69,17.98,176.8,1422.0,12,34,498.9,-13.1
2020,Буландынский,Bulandy,52.63,70.42,sunflower,8.32,17.98,176.8,1422.0,12,34,498.9,-13.1
2020,Бурабайский,Burabay,52.94,70.31,barley,13.65,17.84,223.2,1381.6,6,29,466.3,-1.7
2020,Бурабайский,Burabay,52.94,70.31,flax,7.88,17.84,223.2,1381.6,6,29,466.3,-1.7
2020,Бурабайский,Burabay,52.94,70.31,oats,13.12,17.84,223.2,1381.6,6,29,466.3,-1.7
2020,Бурабайский,Burabay,52.94,70.31,rapeseed,11.76,17.84,223.2,1381.6,6,29,466.3,-1.7
2020,Бурабайский,Burabay,52.94,70.31,spring_wheat,12.81,17.84,223.2,1381.6,6,29,466.3,-1.7
2020,Бурабайский,Burabay,52.94,70.31,sunflower,8.4,17.84,223.2,1381.6,6,29,466.3,-1.7
2020,Есильский,Esil,51.95,66.4,barley,12.09,19.12,136.4,1633.5,30,30,574.0,-0.7
2020,Есильский,Esil,51.95,66.4,flax,6.98,19.12,136.4,1633.5,30,30,574.0,-0.7
2020,Есильский,Esil,51.95,66.4,oats,11.62,19.12,136.4,1633.5,30,30,574.0,-0.7
2020,Есильский,Esil,51.95,66.4,rapeseed,10.42,19.12,136.4,1633.5,30,30,574.0,-0.7
2020,Есильский,Esil,51.95,66.4,spring_wheat,11.35,19.12,136.4,1633.5,30,30,574.0,-0.7
2020,Есильский,Esil,51.95,66.4,sunflower,7.44,19.12,136.4,1633.5,30,30,574.0,-0.7
2020,Жаксынский,Zhaksy,51.9,67.3,barley,11.96,18.11,120.8,1557.8,23,26,552.5,-22.5
2020,Жаксынский,Zhaksy,51.9,67.3,flax,6.9,18.11,120.8,1557.8,23,26,552.5,-22.5
2020,Жаксынский,Zhaksy,51.9,67.3,oats,11.5,18.11,120.8,1557.8,23,26,552.5,-22.5
2020,Жаксынский,Zhaksy,51.9,67.3,rapeseed,10.3,18.11,120.8,1557.8,23,26,552.5,-22.5
2020,Жаксынский,Zhaksy,51.9,67.3,spring_wheat,11.22,18.11,120.8,1557.8,23,26,552.5,-22.5
2020,Жаксынский,Zhaksy,51.9,67.3,sunflower,7.36,18.11,120.8,1557.8,23,26,552.5,-22.5
2020,Зерендинский,Zerenda,53.05,69.15,barley,13.78,17.66,213.2,1433.1,11,29,484.8,-3.5
2020,Зерендинский,Zerenda,53.05,69.15,flax,7.95,17.66,213.2,1433.1,11,29,484.8,-3.5
2020,Зерендинский,Zerenda,53.05,69.15,oats,13.25,17.66,213.2,1433.1,11,29,484.8,-3.5
2020,Зерендинский,Zerenda,53.05,69.15,rapeseed,11.87,17.66,213.2,1433.1,11,29,484.8,-3.5
2020,Зерендинский,Zerenda,53.05,69.15,spring_wheat,12.93,17.66,213.2,1433.1,11,29,484.8,-3.5
2020,Зерендинский,Zerenda,53.05,69.15,sunflower,8.48,17.66,213.2,1433.1,11,29,484.8,-3.5
2020,Кокшетау,Kokshetau,53.29,69.39,barley,13.26,18.52,215.8,1480.0,14,19,492.2,1.4
2020,Кокшетау,Kokshetau,53.29,69.39,flax,7.65,18.52,215.8,1480.0,14,19,492.2,1.4
2020,Кокшетау,Kokshetau,53.29,69.39,oats,12.75,18.52,215.8,1480.0,14,19,492.2,1.4
2020,Кокшетау,Kokshetau,53.29,69.39,rapeseed,11.42,18.52,215.8,1480.0,14,19,492.2,1.4
2020,Кокшетау,Kokshetau,53.29,69.39,spring_wheat,12.44,18.52,215.8,1480.0,14,19,492.2,1.4
2020,Кокшетау,Kokshetau,53.29,69.39,sunflower,8.16,18.52,215.8,1480.0,14,19,492.2,1.4
2020,Сандыктауский,Sandyktau,52.45,68.75,barley,13.39,17.43,224.0,1387.9,10,26,474.5,14.4
2020,Сандыктауский,Sandyktau,52.45,68.75,flax,7.73,17.43,224.0,1387.9,10,26,474.5,14.4
2020,Сандыктауский,Sandyktau,52.45,68.75,oats,12.88,17.43,224.0,1387.9,10,26,474.5,14.4
2020,Сандыктауский,Sandyktau,52.45,68.75,rapeseed,11.54,17.43,224.0,1387.9,10,26,474.5,14.4
2020,Сандыктауский,Sandyktau,52.45,68.75,spring_wheat,12.57,17.43,224.0,1387.9,10,26,474.5,14.4
2020,Сандыктауский,Sandyktau,52.45,68.75,sunflower,8.24,17.43,224.0,1387.9,10,26,474.5,14.4
2020,Целиноградский,Tselinograd,51.18,71.03,barley,12.74,18.82,160.0,1557.5,16,23,543.5,14.3
2020,Целиноградский,Tselinograd,51.18,71.03,flax,7.35,18.82,160.0,1557.5,16,23,543.5,14.3
2020,Целиноградский,Tselinograd,51.18,71.03,oats,12.25,18.82,160.0,1557.5,16,23,543.5,14.3
2020,Целиноградский,Tselinograd,51.18,71.03,rapeseed,10.98,18.82,160.0,1557.5,16,23,543.5,14.3
2020,Целиноградский,Tselinograd,51.18,71.03,spring_wheat,11.96,18.82,160.0,1557.5,16,23,543.5,14.3
2020,Целиноградский,Tselinograd,51.18,71.03,sunflower,7.84,18.82,160.0,1557.5,16,23,543.5,14.3
2020,Шортандинский,Shortandy,51.7,70.99,barley,13.0,18.6,165.6,1573.7,18,24,560.1,-1.1
2020,Шортандинский,Shortandy,51.7,70.99,flax,7.5,18.6,165.6,1573.7,18,24,560.1,-1.1
2020,Шортандинский,Shortandy,51.7,70.99,oats,12.5,18.6,165.6,1573.7,18,24,560.1,-1.1
2020,Шортандинский,Shortandy,51.7,70.99,rapeseed,11.2,18.6,165.6,1573.7,18,24,560.1,-1.1
2020,Шортандинский,Shortandy,51.7,70.99,spring_wheat,12.2,18.6,165.6,1573.7,18,24,560.1,-1.1
2020,Шортандинский,Shortandy,51.7,70.99,sunflower,8.0,18.6,165.6,1573.7,18,24,560.1,-1.1
2021,Атбасарский,Atbasar,51.81,68.36,barley,9.97,19.66,83.1,1662.5,29,39,576.3,-41.9
2021,Атбасарский,Atbasar,51.81,68.36,flax,6.17,19.66,83.1,1662.5,29,39,576.3,-41.9
2021,Атбасарский,Atbasar,51.81,68.36,oats,9.5,19.66,83.1,1662.5,29,39,576.3,-41.9
2021,Атбасарский,Atbasar,51.81,68.36,rapeseed,11.72,19.66,83.1,1662.5,29,39,576.3,-41.9
2021,Атбасарский,Atbasar,51.81,68.36,spring_wheat,9.31,19.66,83.1,1662.5,29,39,576.3,-41.9
2021,Атбасарский,Atbasar,51.81,68.36,sunflower,7.12,19.66,83.1,1662.5,29,39,576.3,-41.9
2021,Буландынский,Bulandy,52.63,70.42,barley,10.92,18.59,92.7,1534.9,20,20,549.3,-54.4
2021,Буландынский,Bulandy,52.63,70.42,flax,6.76,18.59,92.7,1534.9,20,20,549.3,-54.4
2021,Буландынский,Bulandy,52.63,70.42,oats,10.4,18.59,92.7,1534.9,20,20,549.3,-54.4
2021,Буландынский,Bulandy,52.63,70.42,rapeseed,12.83,18.59,92.7,1534.9,20,20,549.3,-54.4
2021,Буландынский,Bulandy,52.63,70.42,spring_wheat,10.19,18.59,92.7,1534.9,20,20,549.3,-54.4
2021,Буландынский,Bulandy,52.63,70.42,sunflower,7.8,18.59,92.7,1534.9,20,20,549.3,-54.4
2021,Бурабайский,Burabay,52.94,70.31,barley,11.03,18.57,137.0,1460.1,11,20,499.0,-39.7
2021,Бурабайский,Burabay,52.94,70.31,flax,6.83,18.57,137.0,1460.1,11,20,499.0,-39.7
2021,Бурабайский,Burabay,52.94,70.31,oats,10.5,18.57,137.0,1460.1,11,20,499.0,-39.7
2021,Бурабайский,Burabay,52.94,70.31,rapeseed,12.96,18.57,137.0,1460.1,11,20,499.0,-39.7
2021,Бурабайский,Burabay,52.94,70.31,spring_wheat,10.29,18.57,137.0,1460.1,11,20,499.0,-39.7
2021,Бурабайский,Burabay,52.94,70.31,sunflower,7.88,18.57,137.0,1460.1,11,20,499.0,-39.7
2021,Есильский,Esil,51.95,66.4,barley,9.77,20.7,41.7,1771.5,41,36,629.4,-69.6
2021,Есильский,Esil,51.95,66.4,flax,6.04,20.7,41.7,1771.5,41,36,629.4,-69.6
2021,Есильский,Esil,51.95,66.4,oats,9.3,20.7,41.7,1771.5,41,36,629.4,-69.6
2021,Есильский,Esil,51.95,66.4,rapeseed,11.48,20.7,41.7,1771.5,41,36,629.4,-69.6
2021,Есильский,Esil,51.95,66.4,spring_wheat,9.11,20.7,41.7,1771.5,41,36,629.4,-69.6
2021,Есильский,Esil,51.95,66.4,sunflower,6.98,20.7,41.7,1771.5,41,36,629.4,-69.6
2021,Жаксынский,Zhaksy,51.9,67.3,barley,9.66,19.72,68.1,1701.8,36,39,607.4,-56.3
2021,Жаксынский,Zhaksy,51.9,67.3,flax,5.98,19.72,68.1,1701.8,36,39,607.4,-56.3
2021,Жаксынский,Zhaksy,51.9,67.3,oats,9.2,19.72,68.1,1701.8,36,39,607.4,-56.3
2021,Жаксынский,Zhaksy,51.9,67.3,rapeseed,11.35,19.72,68.1,1701.8,36,39,607.4,-56.3
2021,Жаксынский,Zhaksy,51.9,67.3,spring_wheat,9.02,19.72,68.1,1701.8,36,39,607.4,-56.3
2021,Жаксынский,Zhaksy,51.9,67.3,sunflower,6.9,19.72,68.1,1701.8,36,39,607.4,-56.3
2021,Зерендинский,Zerenda,53.05,69.15,barley,11.13,18.57,106.3,1544.0,23,16,532.4,-51.9
2021,Зерендинский,Zerenda,53.05,69.15,flax,6.89,18.57,106.3,1544.0,23,16,532.4,-51.9
2021,Зерендинский,Zerenda,53.05,69.15,oats,10.6,18.57,106.3,1544.0,23,16,532.4,-51.9
2021,Зерендинский,Zerenda,53.05,69.15,rapeseed,13.08,18.57,106.3,1544.0,23,16,532.4,-51.9
2021,Зерендинский,Zerenda,53.05,69.15,spring_wheat,10.39,18.57,106.3,1544.0,23,16,532.4,-51.9
2021,Зерендинский,Zerenda,53.05,69.15,sunflower,7.95,18.57,106.3,1544.0,23,16,532.4,-51.9
2021,Кокшетау,Kokshetau,53.29,69.39,barley,10.71,19.24,134.7,1585.3,25,16,540.5,-36.7
2021,Кокшетау,Kokshetau,53.29,69.39,flax,6.63,19.24,134.7,1585.3,25,16,540.5,-36.7
2021,Кокшетау,Kokshetau,53.29,69.39,oats,10.2,19.24,134.7,1585.3,25,16,540.5,-36.7
2021,Кокшетау,Kokshetau,53.29,69.39,rapeseed,12.59,19.24,134.7,1585.3,25,16,540.5,-36.7
2021,Кокшетау,Kokshetau,53.29,69.39,spring_wheat,10.0,19.24,134.7,1585.3,25,16,540.5,-36.7
2021,Кокшетау,Kokshetau,53.29,69.39,sunflower,7.65,19.24,134.7,1585.3,25,16,540.5,-36.7
2021,Сандыктауский,Sandyktau,52.45,68.75,barley,10.81,18.77,90.6,1531.5,22,20,538.2,-53.7
2021,Сандыктауский,Sandyktau,52.45,68.75,flax,6.7,18.77,90.6,1531.5,22,20,538.2,-53.7
2021,Сандыктауский,Sandyktau,52.45,68.75,oats,10.3,18.77,90.6,1531.5,22,20,538.2,-53.7
2021,Сандыктауский,Sandyktau,52.45,68.75,rapeseed,12.71,18.77,90.6,1531.5,22,20,538.2,-53.7
2021,Сандыктауский,Sandyktau,52.45,68.75,spring_wheat,10.09,18.77,90.6,1531.5,22,20,538.2,-53.7
2021,Сандыктауский,Sandyktau,52.45,68.75,sunflower,7.73,18.77,90.6,1531.5,22,20,538.2,-53.7
2021,Целиноградский,Tselinograd,51.18,71.03,barley,10.29,19.38,118.5,1619.3,26,22,570.0,-15.4
2021,Целиноградский,Tselinograd,51.18,71.03,flax,6.37,19.38,118.5,1619.3,26,22,570.0,-15.4
2021,Целиноградский,Tselinograd,51.18,71.03,oats,9.8,19.38,118.5,1619.3,26,22,570.0,-15.4
2021,Целиноградский,Tselinograd,51.18,71.03,rapeseed,12.09,19.38,118.5,1619.3,26,22,570.0,-15.4
2021,Целиноградский,Tselinograd,51.18,71.03,spring_wheat,9.6,19.38,118.5,1619.3,26,22,570.0,-15.4
2021,Целиноградский,Tselinograd,51.18,71.03,sunflower,7.35,19.38,118.5,1619.3,26,22,570.0,-15.4
2021,Шортандинский,Shortandy,51.7,70.99,barley,10.5,19.0,89.9,1609.9,25,19,570.6,-46.3
2021,Шортандинский,Shortandy,51.7,70.99,flax,6.5,19.0,89.9,1609.9,25,19,570.6,-46.3
2021,Шортандинский,Shortandy,51.7,70.99,oats,10.0,19.0,89.9,1609.9,25,19,570.6,-46.3
2021,Шортандинский,Shortandy,51.7,70.99,rapeseed,12.34,19.0,89.9,1609.9,25,19,570.6,-46.3
2021,Шортандинский,Shortandy,51.7,70.99,spring_wheat,9.8,19.0,89.9,1609.9,25,19,570.6,-46.3
2021,Шортандинский,Shortandy,51.7,70.99,sunflower,7.5,19.0,89.9,1609.9,25,19,570.6,-46.3
2022,Атбасарский,Atbasar,51.81,68.36,barley,12.92,18.09,143.7,1567.5,14,11,559.5,0.5
2022,Атбасарский,Atbasar,51.81,68.36,flax,5.98,18.09,143.7,1567.5,14,11,559.5,0.5
2022,Атбасарский,Atbasar,51.81,68.36,oats,11.02,18.09,143.7,1567.5,14,11,559.5,0.5
2022,Атбасарский,Atbasar,51.81,68.36,rapeseed,13.44,18.09,143.7,1567.5,14,11,559.5,0.5
2022,Атбасарский,Atbasar,51.81,68.36,spring_wheat,12.16,18.09,143.7,1567.5,14,11,559.5,0.5
2022,Атбасарский,Atbasar,51.81,68.36,sunflower,7.79,18.09,143.7,1567.5,14,11,559.5,0.5
2022,Буландынский,Bulandy,52.63,70.42,barley,14.14,17.71,196.0,1400.8,6,8,510.8,-3.6
2022,Буландынский,Bulandy,52.63,70.42,flax,6.55,17.71,196.0,1400.8,6,8,510.8,-3.6
2022,Буландынский,Bulandy,52.63,70.42,oats,12.06,17.71,196.0,1400.8,6,8,510.8,-3.6
2022,Буландынский,Bulandy,52.63,70.42,rapeseed,14.72,17.71,196.0,1400.8,6,8,510.8,-3.6
2022,Буландынский,Bulandy,52.63,70.42,spring_wheat,13.31,17.71,196.0,1400.8,6,8,510.8,-3.6
2022,Буландынский,Bulandy,52.63,70.42,sunflower,8.53,17.71,196.0,1400.8,6,8,510.8,-3.6
2022,Бурабайский,Burabay,52.94,70.31,barley,14.28,17.4,224.6,1334.6,1,8,464.2,-1.1
2022,Бурабайский,Burabay,52.94,70.31,flax,6.62,17.4,224.6,1334.6,1,8,464.2,-1.1
2022,Бурабайский,Burabay,52.94,70.31,oats,12.18,17.4,224.6,1334.6,1,8,464.2,-1.1
2022,Бурабайский,Burabay,52.94,70.31,rapeseed,14.86,17.4,224.6,1334.6,1,8,464.2,-1.1
2022,Бурабайский,Burabay,52.94,70.31,spring_wheat,13.44,17.4,224.6,1334.6,1,8,464.2,-1.1
2022,Бурабайский,Burabay,52.94,70.31,sunflower,8.61,17.4,224.6,1334.6,1,8,464.2,-1.1
2022,Есильский,Esil,51.95,66.4,barley,12.65,18.84,140.9,1603.5,19,23,582.3,2.6
2022,Есильский,Esil,51.95,66.4,flax,5.86,18.84,140.9,1603.5,19,23,582.3,2.6
2022,Есильский,Esil,51.95,66.4,oats,10.79,18.84,140.9,1603.5,19,23,582.3,2.6
2022,Есильский,Esil,51.95,66.4,rapeseed,13.16,18.84,140.9,1603.5,19,23,582.3,2.6
2022,Есильский,Esil,51.95,66.4,spring_wheat,11.9,18.84,140.9,1603.5,19,23,582.3,2.6
2022,Есильский,Esil,51.95,66.4,sunflower,7.63,18.84,140.9,1603.5,19,23,582.3,2.6
2022,Жаксынский,Zhaksy,51.9,67.3,barley,12.51,18.13,144.4,1520.4,16,16,558.8,-7.4
2022,Жаксынский,Zhaksy,51.9,67.3,flax,5.8,18.13,144.4,1520.4,16,16,558.8,-7.4
2022,Жаксынский,Zhaksy,51.9,67.3,oats,10.67,18.13,144.4,1520.4,16,16,558.8,-7.4
2022,Жаксынский,Zhaksy,51.9,67.3,rapeseed,13.02,18.13,144.4,1520.4,16,16,558.8,-7.4
2022,Жаксынский,Zhaksy,51.9,67.3,spring_wheat,11.78,18.13,144.4,1520.4,16,16,558.8,-7.4
2022,Жаксынский,Zhaksy,51.9,67.3,sunflower,7.54,18.13,144.4,1520.4,16,16,558.8,-7.4
2022,Зерендинский,Zerenda,53.05,69.15,barley,14.42,17.21,209.0,1410.5,8,10,508.5,-5.4
2022,Зерендинский,Zerenda,53.05,69.15,flax,6.68,17.21,209.0,1410.5,8,10,508.5,-5.4
2022,Зерендинский,Zerenda,53.05,69.15,oats,12.3,17.21,209.0,1410.5,8,10,508.5,-5.4
2022,Зерендинский,Zerenda,53.05,69.15,rapeseed,15.0,17.21,209.0,1410.5,8,10,508.5,-5.4
2022,Зерендинский,Zerenda,53.05,69.15,spring_wheat,13.57,17.21,209.0,1410.5,8,10,508.5,-5.4
2022,Зерендинский,Zerenda,53.05,69.15,sunflower,8.69,17.21,209.0,1410.5,8,10,508.5,-5.4
2022,Кокшетау,Kokshetau,53.29,69.39,barley,13.87,17.84,216.8,1464.8,10,8,517.3,1.9
2022,Кокшетау,Kokshetau,53.29,69.39,flax,6.43,17.84,216.8,1464.8,10,8,517.3,1.9
2022,Кокшетау,Kokshetau,53.29,69.39,oats,11.83,17.84,216.8,1464.8,10,8,517.3,1.9
2022,Кокшетау,Kokshetau,53.29,69.39,rapeseed,14.43,17.84,216.8,1464.8,10,8,517.3,1.9
2022,Кокшетау,Kokshetau,53.29,69.39,spring_wheat,13.06,17.84,216.8,1464.8,10,8,517.3,1.9
2022,Кокшетау,Kokshetau,53.29,69.39,sunflower,8.36,17.84,216.8,1464.8,10,8,517.3,1.9
2022,Сандыктауский,Sandyktau,52.45,68.75,barley,14.01,17.19,219.8,1382.6,6,9,504.0,12.3
2022,Сандыктауский,Sandyktau,52.45,68.75,flax,6.49,17.19,219.8,1382.6,6,9,504.0,12.3
2022,Сандыктауский,Sandyktau,52.45,68.75,oats,11.95,17.19,219.8,1382.6,6,9,504.0,12.3
2022,Сандыктауский,Sandyktau,52.45,68.75,rapeseed,14.57,17.19,219.8,1382.6,6,9,504.0,12.3
2022,Сандыктауский,Sandyktau,52.45,68.75,spring_wheat,13.18,17.19,219.8,1382.6,6,9,504.0,12.3
2022,Сандыктауский,Sandyktau,52.45,68.75,sunflower,8.45,17.19,219.8,1382.6,6,9,504.0,12.3
2022,Целиноградский,Tselinograd,51.18,71.03,barley,13.33,19.04,134.5,1519.5,8,11,537.4,-3.9
2022,Целиноградский,Tselinograd,51.18,71.03,flax,6.17,19.04,134.5,1519.5,8,11,537.4,-3.9
2022,Целиноградский,Tselinograd,51.18,71.03,oats,11.37,19.04,134.5,1519.5,8,11,537.4,-3.9
2022,Целиноградский,Tselinograd,51.18,71.03,rapeseed,13.87,19.04,134.5,1519.5,8,11,537.4,-3.9
2022,Целиноградский,Tselinograd,51.18,71.03,spring_wheat,12.54,19.04,134.5,1519.5,8,11,537.4,-3.9
2022,Целиноградский,Tselinograd,51.18,71.03,sunflower,8.04,19.04,134.5,1519.5,8,11,537.4,-3.9
2022,Шортандинский,Shortandy,51.7,70.99,barley,13.6,18.52,181.0,1523.5,11,11,548.7,8.1
2022,Шортандинский,Shortandy,51.7,70.99,flax,6.3,18.52,181.0,1523.5,11,11,548.7,8.1
2022,Шортандинский,Shortandy,51.7,70.99,oats,11.6,18.52,181.0,1523.5,11,11,548.7,8.1
2022,Шортандинский,Shortandy,51.7,70.99,rapeseed,14.15,18.52,181.0,1523.5,11,11,548.7,8.1
2022,Шортандинский,Shortandy,51.7,70.99,spring_wheat,12.8,18.52,181.0,1523.5,11,11,548.7,8.1
2022,Шортандинский,Shortandy,51.7,70.99,sunflower,8.2,18.52,181.0,1523.5,11,11,548.7,8.1
2023,Атбасарский,Atbasar,51.81,68.36,barley,9.5,19.11,176.7,1631.2,26,20,572.7,23.6
2023,Атбасарский,Atbasar,51.81,68.36,flax,4.75,19.11,176.7,1631.2,26,20,572.7,23.6
2023,Атбасарский,Atbasar,51.81,68.36,oats,7.5,19.11,176.7,1631.2,26,20,572.7,23.6
2023,Атбасарский,Atbasar,51.81,68.36,rapeseed,12.63,19.11,176.7,1631.2,26,20,572.7,23.6
2023,Атбасарский,Atbasar,51.81,68.36,spring_wheat,8.74,19.11,176.7,1631.2,26,20,572.7,23.6
2023,Атбасарский,Atbasar,51.81,68.36,sunflower,7.5,19.11,176.7,1631.2,26,20,572.7,23.6
2023,Буландынский,Bulandy,52.63,70.42,barley,10.4,18.81,113.7,1509.8,19,13,543.6,-44.1
2023,Буландынский,Bulandy,52.63,70.42,flax,5.2,18.81,113.7,1509.8,19,13,543.6,-44.1
2023,Буландынский,Bulandy,52.63,70.42,oats,8.22,18.81,113.7,1509.8,19,13,543.6,-44.1
2023,Буландынский,Bulandy,52.63,70.42,rapeseed,13.83,18.81,113.7,1509.8,19,13,543.6,-44.1
2023,Буландынский,Bulandy,52.63,70.42,spring_wheat,9.57,18.81,113.7,1509.8,19,13,543.6,-44.1
2023,Буландынский,Bulandy,52.63,70.42,sunflower,8.22,18.81,113.7,1509.8,19,13,543.6,-44.1
2023,Бурабайский,Burabay,52.94,70.31,barley,10.5,18.58,102.4,1459.5,13,14,515.9,-54.9
2023,Бурабайский,Burabay,52.94,70.31,flax,5.25,18.58,102.4,1459.5,13,14,515.9,-54.9
2023,Бурабайский,Burabay,52.94,70.31,oats,8.29,18.58,102.4,1459.5,13,14,515.9,-54.9
2023,Бурабайский,Burabay,52.94,70.31,rapeseed,13.97,18.58,102.4,1459.5,13,14,515.9,-54.9
2023,Бурабайский,Burabay,52.94,70.31,spring_wheat,9.66,18.58,102.4,1459.5,13,14,515.9,-54.9
2023,Бурабайский,Burabay,52.94,70.31,sunflower,8.29,18.58,102.4,1459.5,13,14,515.9,-54.9
2023,Есильский,Esil,51.95,66.4,barley,9.3,19.86,149.6,1664.6,28,19,584.1,8.9
2023,Есильский,Esil,51.95,66.4,flax,4.65,19.86,149.6,1664.6,28,19,584.1,8.9
2023,Есильский,Esil,51.95,66.4,oats,7.35,19.86,149.6,1664.6,28,19,584.1,8.9
2023,Есильский,Esil,51.95,66.4,rapeseed,12.37,19.86,149.6,1664.6,28,19,584.1,8.9
2023,Есильский,Esil,51.95,66.4,spring_wheat,8.56,19.86,149.6,1664.6,28,19,584.1,8.9
2023,Есильский,Esil,51.95,66.4,sunflower,7.35,19.86,149.6,1664.6,28,19,584.1,8.9
2023,Жаксынский,Zhaksy,51.9,67.3,barley,9.2,18.98,159.4,1581.8,19,19,563.8,2.2
2023,Жаксынский,Zhaksy,51.9,67.3,flax,4.6,18.98,159.4,1581.8,19,19,563.8,2.2
2023,Жаксынский,Zhaksy,51.9,67.3,oats,7.27,18.98,159.4,1581.8,19,19,563.8,2.2
2023,Жаксынский,Zhaksy,51.9,67.3,rapeseed,12.24,18.98,159.4,1581.8,19,19,563.8,2.2
2023,Жаксынский,Zhaksy,51.9,67.3,spring_wheat,8.46,18.98,159.4,1581.8,19,19,563.8,2.2
2023,Жаксынский,Zhaksy,51.9,67.3,sunflower,7.27,18.98,159.4,1581.8,19,19,563.8,2.2
2023,Зерендинский,Zerenda,53.05,69.15,barley,10.6,18.45,136.0,1542.6,21,15,544.2,-38.5
2023,Зерендинский,Zerenda,53.05,69.15,flax,5.3,18.45,136.0,1542.6,21,15,544.2,-38.5
2023,Зерендинский,Zerenda,53.05,69.15,oats,8.37,18.45,136.0,1542.6,21,15,544.2,-38.5
2023,Зерендинский,Zerenda,53.05,69.15,rapeseed,14.1,18.45,136.0,1542.6,21,15,544.2,-38.5
2023,Зерендинский,Zerenda,53.05,69.15,spring_wheat,9.75,18.45,136.0,1542.6,21,15,544.2,-38.5
2023,Зерендинский,Zerenda,53.05,69.15,sunflower,8.37,18.45,136.0,1542.6,21,15,544.2,-38.5
2023,Кокшетау,Kokshetau,53.29,69.39,barley,10.2,19.21,123.0,1597.9,22,24,559.0,-42.2
2023,Кокшетау,Kokshetau,53.29,69.39,flax,5.1,19.21,123.0,1597.9,22,24,559.0,-42.2
2023,Кокшетау,Kokshetau,53.29,69.39,oats,8.06,19.21,123.0,1597.9,22,24,559.0,-42.2
2023,Кокшетау,Kokshetau,53.29,69.39,rapeseed,13.57,19.21,123.0,1597.9,22,24,559.0,-42.2
2023,Кокшетау,Kokshetau,53.29,69.39,spring_wheat,9.38,19.21,123.0,1597.9,22,24,559.0,-42.2
2023,Кокшетау,Kokshetau,53.29,69.39,sunflower,8.06,19.21,123.0,1597.9,22,24,559.0,-42.2
2023,Сандыктауский,Sandyktau,52.45,68.75,barley,10.3,18.3,179.1,1459.5,12,17,514.4,-8.5
2023,Сандыктауский,Sandyktau,52.45,68.75,flax,5.15,18.3,179.1,1459.5,12,17,514.4,-8.5
2023,Сандыктауский,Sandyktau,52.45,68.75,oats,8.14,18.3,179.1,1459.5,12,17,514.4,-8.5
2023,Сандыктауский,Sandyktau,52.45,68.75,rapeseed,13.7,18.3,179.1,1459.5,12,17,514.4,-8.5
2023,Сандыктауский,Sandyktau,52.45,68.75,spring_wheat,9.48,18.3,179.1,1459.5,12,17,514.4,-8.5
2023,Сандыктауский,Sandyktau,52.45,68.75,sunflower,8.14,18.3,179.1,1459.5,12,17,514.4,-8.5
2023,Целиноградский,Tselinograd,51.18,71.03,barley,9.8,20.13,88.7,1672.2,34,11,595.7,-36.6
2023,Целиноградский,Tselinograd,51.18,71.03,flax,4.9,20.13,88.7,1672.2,34,11,595.7,-36.6
2023,Целиноградский,Tselinograd,51.18,71.03,oats,7.74,20.13,88.7,1672.2,34,11,595.7,-36.6
2023,Целиноградский,Tselinograd,51.18,71.03,rapeseed,13.03,20.13,88.7,1672.2,34,11,595.7,-36.6
2023,Целиноградский,Tselinograd,51.18,71.03,spring_wheat,9.02,20.13,88.7,1672.2,34,11,595.7,-36.6
2023,Целиноградский,Tselinograd,51.18,71.03,sunflower,7.74,20.13,88.7,1672.2,34,11,595.7,-36.6
2023,Шортандинский,Shortandy,51.7,70.99,barley,10.0,19.66,112.7,1640.8,26,20,590.4,-32.7
2023,Шортандинский,Shortandy,51.7,70.99,flax,5.0,19.66,112.7,1640.8,26,20,590.4,-32.7
2023,Шортандинский,Shortandy,51.7,70.99,oats,7.9,19.66,112.7,1640.8,26,20,590.4,-32.7
2023,Шортандинский,Shortandy,51.7,70.99,rapeseed,13.3,19.66,112.7,1640.8,26,20,590.4,-32.7
2023,Шортандинский,Shortandy,51.7,70.99,spring_wheat,9.2,19.66,112.7,1640.8,26,20,590.4,-32.7
2023,Шортандинский,Shortandy,51.7,70.99,sunflower,7.9,19.66,112.7,1640.8,26,20,590.4,-32.7
2024,Атбасарский,Atbasar,51.81,68.36,barley,14.25,16.45,293.8,1411.5,7,8,445.8,105.5
2024,Атбасарский,Atbasar,51.81,68.36,flax,8.26,16.45,293.8,1411.5,7,8,445.8,105.5
2024,Атбасарский,Atbasar,51.81,68.36,oats,15.01,16.45,293.8,1411.5,7,8,445.8,105.5
2024,Атбасарский,Atbasar,51.81,68.36,rapeseed,18.24,16.45,293.8,1411.5,7,8,445.8,105.5
2024,Атбасарский,Atbasar,51.81,68.36,spring_wheat,13.3,16.45,293.8,1411.5,7,8,445.8,105.5
2024,Атбасарский,Atbasar,51.81,68.36,sunflower,13.87,16.45,293.8,1411.5,7,8,445.8,105.5
2024,Буландынский,Bulandy,52.63,70.42,barley,15.6,15.99,330.9,1265.3,1,6,396.7,62.7
2024,Буландынский,Bulandy,52.63,70.42,flax,9.05,15.99,330.9,1265.3,1,6,396.7,62.7
2024,Буландынский,Bulandy,52.63,70.42,oats,16.43,15.99,330.9,1265.3,1,6,396.7,62.7
2024,Буландынский,Bulandy,52.63,70.42,rapeseed,19.97,15.99,330.9,1265.3,1,6,396.7,62.7
2024,Буландынский,Bulandy,52.63,70.42,spring_wheat,14.56,15.99,330.9,1265.3,1,6,396.7,62.7
2024,Буландынский,Bulandy,52.63,70.42,sunflower,15.18,15.99,330.9,1265.3,1,6,396.7,62.7
2024,Бурабайский,Burabay,52.94,70.31,barley,15.75,15.9,445.3,1218.4,0,6,371.2,96.0
2024,Бурабайский,Burabay,52.94,70.31,flax,9.13,15.9,445.3,1218.4,0,6,371.2,96.0
2024,Бурабайский,Burabay,52.94,70.31,oats,16.59,15.9,445.3,1218.4,0,6,371.2,96.0
2024,Бурабайский,Burabay,52.94,70.31,rapeseed,20.16,15.9,445.3,1218.4,0,6,371.2,96.0
2024,Бурабайский,Burabay,52.94,70.31,spring_wheat,14.7,15.9,445.3,1218.4,0,6,371.2,96.0
2024,Бурабайский,Burabay,52.94,70.31,sunflower,15.33,15.9,445.3,1218.4,0,6,371.2,96.0
2024,Есильский,Esil,51.95,66.4,barley,13.95,17.33,247.1,1459.5,10,10,482.0,79.9
2024,Есильский,Esil,51.95,66.4,flax,8.09,17.33,247.1,1459.5,10,10,482.0,79.9
2024,Есильский,Esil,51.95,66.4,oats,14.69,17.33,247.1,1459.5,10,10,482.0,79.9
2024,Есильский,Esil,51.95,66.4,rapeseed,17.86,17.33,247.1,1459.5,10,10,482.0,79.9
2024,Есильский,Esil,51.95,66.4,spring_wheat,13.02,17.33,247.1,1459.5,10,10,482.0,79.9
2024,Есильский,Esil,51.95,66.4,sunflower,13.58,17.33,247.1,1459.5,10,10,482.0,79.9
2024,Жаксынский,Zhaksy,51.9,67.3,barley,13.8,16.54,281.9,1365.8,6,8,446.4,80.8
2024,Жаксынский,Zhaksy,51.9,67.3,flax,8.0,16.54,281.9,1365.8,6,8,446.4,80.8
2024,Жаксынский,Zhaksy,51.9,67.3,oats,14.54,16.54,281.9,1365.8,6,8,446.4,80.8
2024,Жаксынский,Zhaksy,51.9,67.3,rapeseed,17.66,16.54,281.9,1365.8,6,8,446.4,80.8
2024,Жаксынский,Zhaksy,51.9,67.3,spring_wheat,12.88,16.54,281.9,1365.8,6,8,446.4,80.8
2024,Жаксынский,Zhaksy,51.9,67.3,sunflower,13.43,16.54,281.9,1365.8,6,8,446.4,80.8
2024,Зерендинский,Zerenda,53.05,69.15,barley,15.9,15.71,339.5,1292.2,1,6,401.5,53.6
2024,Зерендинский,Zerenda,53.05,69.15,flax,9.22,15.71,339.5,1292.2,1,6,401.5,53.6
2024,Зерендинский,Zerenda,53.05,69.15,oats,16.75,15.71,339.5,1292.2,1,6,401.5,53.6
2024,Зерендинский,Zerenda,53.05,69.15,rapeseed,20.35,15.71,339.5,1292.2,1,6,401.5,53.6
2024,Зерендинский,Zerenda,53.05,69.15,spring_wheat,14.84,15.71,339.5,1292.2,1,6,401.5,53.6
2024,Зерендинский,Zerenda,53.05,69.15,sunflower,15.48,15.71,339.5,1292.2,1,6,401.5,53.6
2024,Кокшетау,Kokshetau,53.29,69.39,barley,15.3,16.45,356.8,1326.6,0,6,401.0,67.7
2024,Кокшетау,Kokshetau,53.29,69.39,flax,8.87,16.45,356.8,1326.6,0,6,401.0,67.7
2024,Кокшетау,Kokshetau,53.29,69.39,oats,16.12,16.45,356.8,1326.6,0,6,401.0,67.7
2024,Кокшетау,Kokshetau,53.29,69.39,rapeseed,19.58,16.45,356.8,1326.6,0,6,401.0,67.7
2024,Кокшетау,Kokshetau,53.29,69.39,spring_wheat,14.28,16.45,356.8,1326.6,0,6,401.0,67.7
2024,Кокшетау,Kokshetau,53.29,69.39,sunflower,14.89,16.45,356.8,1326.6,0,6,401.0,67.7
2024,Сандыктауский,Sandyktau,52.45,68.75,barley,15.45,15.62,386.3,1249.8,0,6,397.2,97.3
2024,Сандыктауский,Sandyktau,52.45,68.75,flax,8.96,15.62,386.3,1249.8,0,6,397.2,97.3
2024,Сандыктауский,Sandyktau,52.45,68.75,oats,16.27,15.62,386.3,1249.8,0,6,397.2,97.3
2024,Сандыктауский,Sandyktau,52.45,68.75,rapeseed,19.78,15.62,386.3,1249.8,0,6,397.2,97.3
2024,Сандыктауский,Sandyktau,52.45,68.75,spring_wheat,14.42,15.62,386.3,1249.8,0,6,397.2,97.3
2024,Сандыктауский,Sandyktau,52.45,68.75,sunflower,15.04,15.62,386.3,1249.8,0,6,397.2,97.3
2024,Целиноградский,Tselinograd,51.18,71.03,barley,14.7,17.6,329.2,1431.4,6,6,450.7,135.1
2024,Целиноградский,Tselinograd,51.18,71.03,flax,8.53,17.6,329.2,1431.4,6,6,450.7,135.1
2024,Целиноградский,Tselinograd,51.18,71.03,oats,15.48,17.6,329.2,1431.4,6,6,450.7,135.1
2024,Целиноградский,Tselinograd,51.18,71.03,rapeseed,18.82,17.6,329.2,1431.4,6,6,450.7,135.1
2024,Целиноградский,Tselinograd,51.18,71.03,spring_wheat,13.72,17.6,329.2,1431.4,6,6,450.7,135.1
2024,Целиноградский,Tselinograd,51.18,71.03,sunflower,14.31,17.6,329.2,1431.4,6,6,450.7,135.1
2024,Шортандинский,Shortandy,51.7,70.99,barley,15.0,16.87,323.2,1390.3,5,8,440.4,93.1
2024,Шортандинский,Shortandy,51.7,70.99,flax,8.7,16.87,323.2,1390.3,5,8,440.4,93.1
2024,Шортандинский,Shortandy,51.7,70.99,oats,15.8,16.87,323.2,1390.3,5,8,440.4,93.1
2024,Шортандинский,Shortandy,51.7,70.99,rapeseed,19.2,16.87,323.2,1390.3,5,8,440.4,93.1
2024,Шортандинский,Shortandy,51.7,70.99,spring_wheat,14.0,16.87,323.2,1390.3,5,8,440.4,93.1
2024,Шортандинский,Shortandy,51.7,70.99,sunflower,14.6,16.87,323.2,1390.3,5,8,440.4,93.1
2025,Атбасарский,Atbasar,51.81,68.36,barley,15.96,18.19,234.2,1492.7,5,12,497.6,63.8
2025,Атбасарский,Atbasar,51.81,68.36,flax,7.89,18.19,234.2,1492.7,5,12,497.6,63.8
2025,Атбасарский,Atbasar,51.81,68.36,oats,16.05,18.19,234.2,1492.7,5,12,497.6,63.8
2025,Атбасарский,Atbasar,51.81,68.36,rapeseed,18.52,18.19,234.2,1492.7,5,12,497.6,63.8
2025,Атбасарский,Atbasar,51.81,68.36,spring_wheat,15.01,18.19,234.2,1492.7,5,12,497.6,63.8
2025,Атбасарский,Atbasar,51.81,68.36,sunflower,13.21,18.19,234.2,1492.7,5,12,497.6,63.8
2025,Буландынский,Bulandy,52.63,70.42,barley,17.47,17.62,233.2,1379.7,5,9,465.8,14.6
2025,Буландынский,Bulandy,52.63,70.42,flax,8.63,17.62,233.2,1379.7,5,9,465.8,14.6
2025,Буландынский,Bulandy,52.63,70.42,oats,17.58,17.62,233.2,1379.7,5,9,465.8,14.6
2025,Буландынский,Bulandy,52.63,70.42,rapeseed,20.28,17.62,233.2,1379.7,5,9,465.8,14.6
2025,Буландынский,Bulandy,52.63,70.42,spring_wheat,16.43,17.62,233.2,1379.7,5,9,465.8,14.6
2025,Буландынский,Bulandy,52.63,70.42,sunflower,14.46,17.62,233.2,1379.7,5,9,465.8,14.6
2025,Бурабайский,Burabay,52.94,70.31,barley,17.64,17.55,231.2,1327.7,1,6,435.7,1.8
2025,Бурабайский,Burabay,52.94,70.31,flax,8.72,17.55,231.2,1327.7,1,6,435.7,1.8
2025,Бурабайский,Burabay,52.94,70.31,oats,17.75,17.55,231.2,1327.7,1,6,435.7,1.8
2025,Бурабайский,Burabay,52.94,70.31,rapeseed,20.48,17.55,231.2,1327.7,1,6,435.7,1.8
2025,Бурабайский,Burabay,52.94,70.31,spring_wheat,16.59,17.55,231.2,1327.7,1,6,435.7,1.8
2025,Бурабайский,Burabay,52.94,70.31,sunflower,14.6,17.55,231.2,1327.7,1,6,435.7,1.8
2025,Есильский,Esil,51.95,66.4,barley,15.62,19.0,174.2,1559.4,12,18,522.2,26.9
2025,Есильский,Esil,51.95,66.4,flax,7.72,19.0,174.2,1559.4,12,18,522.2,26.9
2025,Есильский,Esil,51.95,66.4,oats,15.72,19.0,174.2,1559.4,12,18,522.2,26.9
2025,Есильский,Esil,51.95,66.4,rapeseed,18.14,19.0,174.2,1559.4,12,18,522.2,26.9
2025,Есильский,Esil,51.95,66.4,spring_wheat,14.69,19.0,174.2,1559.4,12,18,522.2,26.9
2025,Есильский,Esil,51.95,66.4,sunflower,12.93,19.0,174.2,1559.4,12,18,522.2,26.9
2025,Жаксынский,Zhaksy,51.9,67.3,barley,15.46,18.18,210.7,1458.0,5,12,495.4,35.1
2025,Жаксынский,Zhaksy,51.9,67.3,flax,7.64,18.18,210.7,1458.0,5,12,495.4,35.1
2025,Жаксынский,Zhaksy,51.9,67.3,oats,15.55,18.18,210.7,1458.0,5,12,495.4,35.1
2025,Жаксынский,Zhaksy,51.9,67.3,rapeseed,17.94,18.18,210.7,1458.0,5,12,495.4,35.1
2025,Жаксынский,Zhaksy,51.9,67.3,spring_wheat,14.54,18.18,210.7,1458.0,5,12,495.4,35.1
2025,Жаксынский,Zhaksy,51.9,67.3,sunflower,12.79,18.18,210.7,1458.0,5,12,495.4,35.1
2025,Зерендинский,Zerenda,53.05,69.15,barley,17.81,17.42,213.7,1396.8,2,13,464.5,-3.3
2025,Зерендинский,Zerenda,53.05,69.15,flax,8.8,17.42,213.7,1396.8,2,13,464.5,-3.3
2025,Зерендинский,Zerenda,53.05,69.15,oats,17.91,17.42,213.7,1396.8,2,13,464.5,-3.3
2025,Зерендинский,Zerenda,53.05,69.15,rapeseed,20.67,17.42,213.7,1396.8,2,13,464.5,-3.3
2025,Зерендинский,Zerenda,53.05,69.15,spring_wheat,16.75,17.42,213.7,1396.8,2,13,464.5,-3.3
2025,Зерендинский,Zerenda,53.05,69.15,sunflower,14.73,17.42,213.7,1396.8,2,13,464.5,-3.3
2025,Кокшетау,Kokshetau,53.29,69.39,barley,17.14,18.05,209.1,1436.2,2,14,464.7,-1.7
2025,Кокшетау,Kokshetau,53.29,69.39,flax,8.47,18.05,209.1,1436.2,2,14,464.7,-1.7
2025,Кокшетау,Kokshetau,53.29,69.39,oats,17.24,18.05,209.1,1436.2,2,14,464.7,-1.7
2025,Кокшетау,Kokshetau,53.29,69.39,rapeseed,19.89,18.05,209.1,1436.2,2,14,464.7,-1.7
2025,Кокшетау,Kokshetau,53.29,69.39,spring_wheat,16.12,18.05,209.1,1436.2,2,14,464.7,-1.7
2025,Кокшетау,Kokshetau,53.29,69.39,sunflower,14.18,18.05,209.1,1436.2,2,14,464.7,-1.7
2025,Сандыктауский,Sandyktau,52.45,68.75,barley,17.3,17.39,251.6,1367.5,3,9,460.3,28.5
2025,Сандыктауский,Sandyktau,52.45,68.75,flax,8.55,17.39,251.6,1367.5,3,9,460.3,28.5
2025,Сандыктауский,Sandyktau,52.45,68.75,oats,17.41,17.39,251.6,1367.5,3,9,460.3,28.5
2025,Сандыктауский,Sandyktau,52.45,68.75,rapeseed,20.09,17.39,251.6,1367.5,3,9,460.3,28.5
2025,Сандыктауский,Sandyktau,52.45,68.75,spring_wheat,16.27,17.39,251.6,1367.5,3,9,460.3,28.5
2025,Сандыктауский,Sandyktau,52.45,68.75,sunflower,14.32,17.39,251.6,1367.5,3,9,460.3,28.5
2025,Целиноградский,Tselinograd,51.18,71.03,barley,16.46,19.24,242.5,1503.9,7,12,510.2,73.2
2025,Целиноградский,Tselinograd,51.18,71.03,flax,8.13,19.24,242.5,1503.9,7,12,510.2,73.2
2025,Целиноградский,Tselinograd,51.18,71.03,oats,16.56,19.24,242.5,1503.9,7,12,510.2,73.2
2025,Целиноградский,Tselinograd,51.18,71.03,rapeseed,19.11,19.24,242.5,1503.9,7,12,510.2,73.2
2025,Целиноградский,Tselinograd,51.18,71.03,spring_wheat,15.48,19.24,242.5,1503.9,7,12,510.2,73.2
2025,Целиноградский,Tselinograd,51.18,71.03,sunflower,13.62,19.24,242.5,1503.9,7,12,510.2,73.2
2025,Шортандинский,Shortandy,51.7,70.99,barley,16.8,18.61,223.1,1455.8,5,10,493.3,33.3
2025,Шортандинский,Shortandy,51.7,70.99,flax,8.3,18.61,223.1,1455.8,5,10,493.3,33.3
2025,Шортандинский,Shortandy,51.7,70.99,oats,16.9,18.61,223.1,1455.8,5,10,493.3,33.3
2025,Шортандинский,Shortandy,51.7,70.99,rapeseed,19.5,18.61,223.1,1455.8,5,10,493.3,33.3
2025,Шортандинский,Shortandy,51.7,70.99,spring_wheat,15.8,18.61,223.1,1455.8,5,10,493.3,33.3
2025,Шортандинский,Shortandy,51.7,70.99,sunflower,13.9,18.61,223.1,1455.8,5,10,493.3,33.3
