{"type": "FeatureCollection", "metadata": {"method": "Overpass landuse=farmland, radius 15000 m (fallback 10000 m on retry), limit 15/district, timeout 60s; C6 refill backoff [15, 30, 60]s, mirrors 3, sleep 5.0s", "overpass": "https://overpass-api.de/api/interpreter", "license": "OSM data ODbL; demo features are NOT OSM", "n_osm": 109, "n_demo": 6, "per_district": [{"district_en": "Zerenda", "status": "ok: 15 OSM-полигонов"}, {"district_en": "Burabay", "status": "ok: 15 OSM-полигонов"}, {"district_en": "Atbasar", "status": "ok: 15 OSM-полигонов (attempt 1, https://overpass-api.de/api/interpreter, r=15000)"}, {"district_en": "Esil", "status": "error: attempt 3/3 mirror https://overpass.nchc.net.tw/api/interpreter radius 10000: ConnectionError: HTTPSConnectionPool(host='overpass.nchc.net.tw', port=443): Max retries exceeded with url: /api/interpreter (Caused by NameResolutionError(\"<urllib3.connection.HTTPSConnection object at 0x00000192B5E1E120>: Failed to resolve 'overpass.nchc.net.tw' (Name or service not known: overpass.nchc.net.tw using 1 resolver(s))\")) -> kept old features (rate-limited)"}, {"district_en": "Zhaksy", "status": "ok: 4 OSM-полигонов (attempt 2, https://overpass.kumi.systems/api/interpreter, r=10000)"}, {"district_en": "Shortandy", "status": "ok: 15 OSM-полигонов"}, {"district_en": "Tselinograd", "status": "ok: 15 OSM-полигонов"}, {"district_en": "Sandyktau", "status": "ok: 15 OSM-полигонов (attempt 1, https://overpass-api.de/api/interpreter, r=15000)"}, {"district_en": "Bulandy", "status": "ok: 15 OSM-полигонов (attempt 1, https://overpass-api.de/api/interpreter, r=15000)"}, {"district_en": "Kokshetau", "status": "error: attempt 3/3 mirror https://overpass.nchc.net.tw/api/interpreter radius 10000: ConnectionError: HTTPSConnectionPool(host='overpass.nchc.net.tw', port=443): Max retries exceeded with url: /api/interpreter (Caused by NameResolutionError(\"<urllib3.connection.HTTPSConnection object at 0x00000192B5E1D010>: Failed to resolve 'overpass.nchc.net.tw' (Name or service not known: overpass.nchc.net.tw using 1 resolver(s))\")) -> kept old features (rate-limited)"}], "overpass_mirrors": ["https://overpass-api.de/api/interpreter", "https://overpass.kumi.systems/api/interpreter", "https://overpass.nchc.net.tw/api/interpreter"], "c6_refill": {"targets": ["Atbasar", "Bulandy", "Esil", "Kokshetau", "Sandyktau", "Zhaksy"], "refilled_ok": 4, "refilled_total": 6, "updated_utc": "2026-09-18T16:14:25Z", "rate_limited": true, "note": "Частичный добор C6: обновлены только районы из targets; остальные оставлены без изменений."}, "rate_limited": true}, "features": [{"type": "Feature", "geometry": {"type": "Polygon", "coordinates": [[[69.1693261, 52.9227471], [69.184604, 52.9265503], [69.1743472, 52.9207031], [69.1725019, 52.9212594], [69.1706136, 52.9204702], [69.1693261, 52.9227471]]]}, "properties": {"district_en": "Zerenda", "district_ru": "Зерендинский", "area_ha": 21.1, "source": "OSM ODbL", "demo": false, "osm_type": "way", "osm_id": 306642700, "osm_name": null}}, {"type": "Feature", "geometry": {"type": "Polygon", "coordinates": [[[69.1847327, 52.9266409], [69.18484, 52.926822], [69.1816214, 52.9384494], [69.163833, 52.934686], [69.1645196, 52.9328236], [69.1691974, 52.9231352], [69.1696694, 52.9229282], [69.1847327, 52.9266409]]]}, "properties": {"district_en": "Zerenda", "district_ru": "Зерендинский", "area_ha": 159.79, "source": "OSM ODbL", "demo": false, "osm_type": "way", "osm_id": 306644428, "osm_name": null}}, {"type": "Feature", "geometry": {"type": "Polygon", "coordinates": [[[69.163799, 52.9347754], [69.1813514, 52.938668], [69.1798494, 52.9439698], [69.1606448, 52.9437629], [69.163799, 52.9347754]]]}, "properties": {"district_en": "Zerenda", "district_ru": "Зерендинский", "area_ha": 101.4, "source": "OSM ODbL", "demo": false, "osm_type": "way", "osm_id": 306644701, "osm_name": null}}, {"type": "Feature", "geometry": {"type": "Polygon", "coordinates": [[[69.171395, 52.9179074], [69.1809866, 52.9230953], [69.1847203, 52.9232117], [69.1864154, 52.9229918], [69.1883466, 52.9230435], [69.1890118, 52.9232376], [69.2051909, 52.913133], [69.2053411, 52.9129518], [69.2052982, 52.9126671], [69.1983888, 52.9080086], [69.1939256, 52.9048897], [69.1887114, 52.9011881], [69.186394, 52.8994667], [69.1825101, 52.8965413], [69.1797635, 52.9005928], [69.1752145, 52.9039967], [69.1754076, 52.9044885], [69.1754291, 52.9048638], [69.1758797, 52.9052521], [69.1761157, 52.9103379], [69.1777036, 52.9093545], [69.1781971, 52.9093286], [69.1801283, 52.9102862], [69.1810939, 52.9104673], [69.183347, 52.9118649], [69.1833255, 52.9123178], [69.1828749, 52.912706], [69.1819522, 52.9136247], [69.1816304, 52.9142199], [69.1810081, 52.9145175], [69.1792915, 52.9147504], [69.1769526, 52.9161348], [69.1753862, 52.9153844], [69.1745922, 52.9148539], [69.1735408, 52.9143881], [69.1732404, 52.9143881], [69.1731331, 52.9145045], [69.171395, 52.9179074]]]}, "properties": {"district_en": "Zerenda", "district_ru": "Зерендинский", "area_ha": 345.04, "source": "OSM ODbL", "demo": false, "osm_type": "way", "osm_id": 306645017, "osm_name": null}}, {"type": "Feature", "geometry": {"type": "Polygon", "coordinates": [[[69.1606364, 52.9438689], [69.1659651, 52.9439924], [69.1707573, 52.9440392], [69.1798829, 52.9441701], [69.1795689, 52.9504763], [69.1783472, 52.9504683], [69.1769678, 52.9504385], [69.1743189, 52.9503659], [69.1689631, 52.9503224], [69.1582423, 52.9502484], [69.1606364, 52.9438689]]]}, "properties": {"district_en": "Zerenda", "district_ru": "Зерендинский", "area_ha": 95.5, "source": "OSM ODbL", "demo": false, "osm_type": "way", "osm_id": 317579244, "osm_name": null}}, {"type": "Feature", "geometry": {"type": "Polygon", "coordinates": [[[69.1742036, 53.0073481], [69.1741849, 53.007919], [69.1740325, 53.0084188], [69.1739081, 53.0098133], [69.1737276, 53.0120256], [69.1736094, 53.0136483], [69.1735068, 53.0152803], [69.1733637, 53.0155629], [69.1733046, 53.015722], [69.1733108, 53.0158866], [69.1734757, 53.0161692], [69.1739609, 53.0168074], [69.1743342, 53.0172434], [69.174552, 53.0176514], [69.1747542, 53.0185572], [69.1749938, 53.0198596], [69.1752379, 53.0209661], [69.1752939, 53.0218119], [69.1754214, 53.0225566], [69.1756983, 53.0232284], [69.1759347, 53.0236457], [69.1760872, 53.023743], [69.1762054, 53.0237598], [69.1764169, 53.023743], [69.1783705, 53.0234642], [69.1811361, 53.0230768], [69.1839545, 53.022667], [69.1845829, 53.0225117], [69.1852487, 53.0222591], [69.1857433, 53.0221918], [69.1861819, 53.0221805], [69.1868694, 53.0221132], [69.1873423, 53.0220963], [69.1876627, 53.0221955], [69.1877498, 53.0223265], [69.1877156, 53.0224313], [69.1875476, 53.0225454], [69.1870498, 53.02277], [69.1869534, 53.0228916], [69.1869752, 53.0230039], [69.1871649, 53.0233126], [69.1880426, 53.0243172], [69.1885793, 53.0247697], [69.1888301, 53.0248914], [69.1890852, 53.0249073], [69.1893052, 53.0248729], [69.1896968, 53.0247565], [69.1902511, 53.024599], [69.1907482, 53.0244852], [69.1912234, 53.0244006], [69.1914851, 53.024382], [69.1916523, 53.0244244], [69.1918019, 53.0244813], [69.1920306, 53.024644], [69.1922264, 53.0247102], [69.192398, 53.0247221], [69.1926378, 53.0246824], [69.1933109, 53.0244786], [69.1949105, 53.0238437], [69.1953152, 53.0236637], [69.1959751, 53.0234388], [69.1961555, 53.0233515], [69.1961863, 53.0232536], [69.1961643, 53.023108], [69.1959795, 53.0227085], [69.1959531, 53.0219675], [69.1960059, 53.0218511], [69.1959795, 53.0217928], [69.1958475, 53.0217743], [69.1955044, 53.0218087], [69.1952152, 53.0217768], [69.1949853, 53.021724], [69.1949135, 53.0216383], [69.1948621, 53.0214859], [69.1948211, 53.0213717], [69.1948137, 53.0212239], [69.1948841, 53.0211313], [69.1951084, 53.0210916], [69.195415, 53.0210634], [69.1956584, 53.0210492], [69.1958607, 53.0210175], [69.1959531, 53.0209487], [69.1959795, 53.0208375], [69.1958475, 53.019427], [69.1957508, 53.0193793], [69.1956496, 53.0193846], [69.1955396, 53.0194164], [69.1954296, 53.0193926], [69.1953724, 53.0193211], [69.19539, 53.0188977], [69.195401, 53.0188051], [69.195456, 53.0187363], [69.1955836, 53.0186846], [69.1957816, 53.0186251], [69.1958981, 53.0185986], [69.1959047, 53.0185497], [69.1958893, 53.0178656], [69.1958623, 53.0150148], [69.1959078, 53.0124704], [69.1959958, 53.0081797], [69.1959517, 53.0061667], [69.1942252, 53.0062603], [69.1851122, 53.006728], [69.181144, 53.0069318], [69.1745521, 53.0072482], [69.1743499, 53.0072875], [69.1742036, 53.0073481]]]}, "properties": {"district_en": "Zerenda", "district_ru": "Зерендинский", "area_ha": 270.21, "source": "OSM ODbL", "demo": false, "osm_type": "way", "osm_id": 317579245, "osm_name": null}}, {"type": "Feature", "geometry": {"type": "Polygon", "coordinates": [[[69.1452692, 52.9829223], [69.1420029, 52.9914768], [69.1433976, 52.9914953], [69.1504392, 52.991442], [69.1590999, 52.9913507], [69.1752957, 52.9911628], [69.1758578, 52.9851201], [69.1760778, 52.9827761], [69.1681979, 52.9827463], [69.1608075, 52.9827852], [69.1528281, 52.9828256], [69.1452692, 52.9829223]]]}, "properties": {"district_en": "Zerenda", "district_ru": "Зерендинский", "area_ha": 203.51, "source": "OSM ODbL", "demo": false, "osm_type": "way", "osm_id": 317579247, "osm_name": null}}, {"type": "Feature", "geometry": {"type": "Polygon", "coordinates": [[[69.1677072, 52.9995688], [69.1675641, 53.0011452], [69.1671869, 53.0049117], [69.1669644, 53.0075362], [69.1718257, 53.0072741], [69.1738671, 53.0071682], [69.174087, 53.0045765], [69.1741838, 53.0025433], [69.1743862, 53.0006741], [69.1745314, 52.9995304], [69.1715398, 52.9995171], [69.1677167, 52.9995224], [69.1677072, 52.9995688]]]}, "properties": {"district_en": "Zerenda", "district_ru": "Зерендинский", "area_ha": 39.74, "source": "OSM ODbL", "demo": false, "osm_type": "way", "osm_id": 317579248, "osm_name": null}}, {"type": "Feature", "geometry": {"type": "Polygon", "coordinates": [[[69.1603631, 52.9995529], [69.1600628, 53.0028888], [69.1596952, 53.0063481], [69.1596205, 53.0077276], [69.1526343, 53.0079509], [69.1526748, 53.0076663], [69.1532154, 53.0022034], [69.1534324, 52.9998459], [69.1534522, 52.9995414], [69.1553381, 52.9995502], [69.1565949, 52.9995989], [69.1588907, 52.9995727], [69.1603631, 52.9995529]]]}, "properties": {"district_en": "Zerenda", "district_ru": "Зерендинский", "area_ha": 42.52, "source": "OSM ODbL", "demo": false, "osm_type": "way", "osm_id": 317579249, "osm_name": null}}, {"type": "Feature", "geometry": {"type": "Polygon", "coordinates": [[[69.1763053, 52.98281], [69.1756352, 52.9908873], [69.1851028, 52.991131], [69.2015214, 52.9914593], [69.2124408, 52.9917189], [69.2131975, 52.9917242], [69.2132239, 52.9890759], [69.2133383, 52.9861945], [69.2135934, 52.9834876], [69.209678, 52.9834453], [69.2018382, 52.9833393], [69.1933561, 52.9831804], [69.1843373, 52.9830056], [69.1763053, 52.98281]]]}, "properties": {"district_en": "Zerenda", "district_ru": "Зерендинский", "area_ha": 226.14, "source": "OSM ODbL", "demo": false, "osm_type": "way", "osm_id": 317579250, "osm_name": null}}, {"type": "Feature", "geometry": {"type": "Polygon", "coordinates": [[[69.1462307, 52.9996104], [69.1461471, 53.000545], [69.145936, 53.0029648], [69.1457556, 53.0049874], [69.1455488, 53.0071688], [69.1454652, 53.0081429], [69.1523591, 53.0079682], [69.1524867, 53.0070232], [69.1526583, 53.0057896], [69.1528826, 53.0038094], [69.153063, 53.0017629], [69.1532126, 52.9995548], [69.1490419, 52.9995548], [69.1462395, 52.9995574], [69.1462307, 52.9996104]]]}, "properties": {"district_en": "Zerenda", "district_ru": "Зерендинский", "area_ha": 44.18, "source": "OSM ODbL", "demo": false, "osm_type": "way", "osm_id": 317579251, "osm_name": null}}, {"type": "Feature", "geometry": {"type": "Polygon", "coordinates": [[[69.1756193, 52.9909848], [69.1937917, 52.9914507], [69.2131896, 52.9918464], [69.2131727, 52.9938332], [69.2125675, 53.0009021], [69.2124389, 53.0052457], [69.2121486, 53.0053463], [69.2041416, 53.0056798], [69.1945333, 53.0061722], [69.1838251, 53.0066699], [69.1779651, 53.0070299], [69.1740584, 53.0072153], [69.174164, 53.0054734], [69.1747778, 52.9994569], [69.1750945, 52.9957977], [69.1756193, 52.9909848]]]}, "properties": {"district_en": "Zerenda", "district_ru": "Зерендинский", "area_ha": 417.93, "source": "OSM ODbL", "demo": false, "osm_type": "way", "osm_id": 317579254, "osm_name": null}}, {"type": "Feature", "geometry": {"type": "Polygon", "coordinates": [[[69.179401, 52.9582406], [69.1793637, 52.9598635], [69.1793326, 52.9624943], [69.1791211, 52.9665715], [69.1786855, 52.9747921], [69.1806889, 52.9748221], [69.1931646, 52.9749014], [69.2083494, 52.9749917], [69.2141915, 52.9750014], [69.2144259, 52.9711544], [69.2147105, 52.964168], [69.2150052, 52.9585441], [69.2110861, 52.9584641], [69.1986766, 52.9583447], [69.1864437, 52.9582335], [69.182757, 52.9581726], [69.1805529, 52.9582017], [69.179401, 52.9582406]]]}, "properties": {"district_en": "Zerenda", "district_ru": "Зерендинский", "area_ha": 438.59, "source": "OSM ODbL", "demo": false, "osm_type": "way", "osm_id": 317579256, "osm_name": null}}, {"type": "Feature", "geometry": {"type": "Polygon", "coordinates": [[[69.1419713, 52.9915351], [69.1409118, 52.9943115], [69.1400891, 52.9966126], [69.1390561, 52.9992052], [69.1394294, 52.9992689], [69.1417346, 52.9992876], [69.1467437, 52.9993461], [69.1544251, 52.9993355], [69.162388, 52.9993461], [69.1698054, 52.9993143], [69.1745216, 52.9993779], [69.1747416, 52.9968678], [69.1750671, 52.994061], [69.1752739, 52.991241], [69.174922, 52.9912344], [69.167803, 52.991338], [69.158087, 52.9914372], [69.149133, 52.9915265], [69.1419713, 52.9915351]]]}, "properties": {"district_en": "Zerenda", "district_ru": "Зерендинский", "area_ha": 202.39, "source": "OSM ODbL", "demo": false, "osm_type": "way", "osm_id": 317579257, "osm_name": null}}, {"type": "Feature", "geometry": {"type": "Polygon", "coordinates": [[[69.1776, 52.9748798], [69.1771395, 52.9748649], [69.1770027, 52.9749211], [69.1769156, 52.9750784], [69.1768782, 52.9754605], [69.1767351, 52.9784014], [69.1764863, 52.9814282], [69.1763681, 52.9826869], [69.1830866, 52.98285], [69.1911409, 52.983043], [69.2035318, 52.9832745], [69.2135537, 52.9833935], [69.2139714, 52.9786309], [69.214191, 52.9751062], [69.2031042, 52.9750363], [69.1921988, 52.9749976], [69.1843513, 52.9749185], [69.1777906, 52.974871], [69.1776, 52.9748798]]]}, "properties": {"district_en": "Zerenda", "district_ru": "Зерендинский", "area_ha": 224.49, "source": "OSM ODbL", "demo": false, "osm_type": "way", "osm_id": 317579258, "osm_name": null}}, {"type": "Feature", "geometry": {"type": "Polygon", "coordinates": [[[70.3328745, 52.9029357], [70.3336432, 52.9036328], [70.3339247, 52.903859], [70.3340932, 52.9039532], [70.3342166, 52.9039805], [70.3343399, 52.9039681], [70.3359023, 52.9034299], [70.3360832, 52.9034101], [70.3367329, 52.9032538], [70.3372219, 52.9031412], [70.3373083, 52.9031456], [70.3375231, 52.9032119], [70.3377451, 52.9035244], [70.3386979, 52.905014], [70.339698, 52.9066272], [70.3404539, 52.9079387], [70.3404829, 52.9080554], [70.3404295, 52.9081459], [70.3402979, 52.9082054], [70.3400286, 52.908255], [70.3396298, 52.908281], [70.3393769, 52.9082761], [70.339011, 52.9082302], [70.3388054, 52.9081657], [70.3386944, 52.908131], [70.3384272, 52.9081385], [70.3382319, 52.9081347], [70.3380818, 52.9080988], [70.3379297, 52.9080368], [70.3378372, 52.9079264], [70.3373582, 52.9075309], [70.3370786, 52.9073474], [70.3366386, 52.9071875], [70.3361679, 52.9069222], [70.3358328, 52.9067796], [70.3356601, 52.9067932], [70.3354607, 52.9068726], [70.3346157, 52.907123], [70.3333514, 52.9075247], [70.3324058, 52.907852], [70.3322721, 52.9078731], [70.332157, 52.9078744], [70.3320357, 52.907862], [70.3319823, 52.9078446], [70.3317993, 52.9077144], [70.3315896, 52.9076586], [70.3314169, 52.9075756], [70.3312011, 52.9074801], [70.3310304, 52.9073673], [70.3309605, 52.9073499], [70.3308536, 52.9073635], [70.3307241, 52.9073995], [70.3300622, 52.9077033], [70.3291412, 52.9080789], [70.3283168, 52.9083852], [70.3282037, 52.9084794], [70.3281986, 52.9085255], [70.3282495, 52.90855], [70.3282945, 52.9085553], [70.3284632, 52.9085605], [70.3288368, 52.9085579], [70.3289458, 52.9085658], [70.3290403, 52.9085833], [70.3291129, 52.9086175], [70.3291536, 52.9086693], [70.3297119, 52.9093263], [70.3298226, 52.9094583], [70.3298643, 52.9095566], [70.3298736, 52.9096229], [70.3298335, 52.9096858], [70.3297129, 52.9097643], [70.3295719, 52.9098327], [70.3291735, 52.9099563], [70.3287297, 52.9100743], [70.327856, 52.9102689], [70.3276011, 52.9102987], [70.3274716, 52.9102726], [70.3273462, 52.9102106], [70.3270214, 52.9099924], [70.326898, 52.909892], [70.3268302, 52.9098003], [70.3268055, 52.9097123], [70.3268076, 52.9096242], [70.3268795, 52.9095263], [70.3269967, 52.9094432], [70.3270197, 52.9094047], [70.327008, 52.9093618], [70.3269281, 52.9093065], [70.3265763, 52.9090593], [70.3260682, 52.9086916], [70.325838, 52.9085738], [70.3257023, 52.9085441], [70.3255234, 52.9085527], [70.3251452, 52.9086358], [70.3246703, 52.908797], [70.324512, 52.9088565], [70.3243989, 52.9088739], [70.3242303, 52.9088801], [70.3241234, 52.908854], [70.3237164, 52.9086395], [70.323038, 52.9083122], [70.3222259, 52.9078733], [70.3220183, 52.9077059], [70.3225055, 52.9075237], [70.3237366, 52.9070982], [70.3241233, 52.9069842], [70.3243326, 52.9069842], [70.3245652, 52.9069421], [70.3247193, 52.9068773], [70.3247571, 52.9068404], [70.3247018, 52.90673], [70.3242454, 52.9063267], [70.3241117, 52.9061846], [70.3241087, 52.9060636], [70.3242396, 52.9059339], [70.3310989, 52.9033182], [70.3320757, 52.9029299], [70.332349, 52.9028369], [70.3324798, 52.9028036], [70.3326136, 52.9027966], [70.3327212, 52.9028041], [70.3328745, 52.9029357]]]}, "properties": {"district_en": "Burabay", "district_ru": "Бурабайский", "area_ha": 48.54, "source": "OSM ODbL", "demo": false, "osm_type": "way", "osm_id": 307614392, "osm_name": null}}, {"type": "Feature", "geometry": {"type": "Polygon", "coordinates": [[[70.3441322, 52.9000761], [70.3427922, 52.9013431], [70.3415859, 52.9025725], [70.341467, 52.9026819], [70.3413779, 52.9027123], [70.3413006, 52.9027123], [70.3411521, 52.9026944], [70.3410065, 52.9026568], [70.3396814, 52.9022966], [70.3381859, 52.902003], [70.3363983, 52.901726], [70.3355601, 52.9016046], [70.3351058, 52.9015473], [70.3347017, 52.9015439], [70.3343274, 52.9016138], [70.3339025, 52.9017069], [70.333745, 52.9017159], [70.3336589, 52.9016729], [70.334464, 52.9012338], [70.3357565, 52.9002607], [70.3366567, 52.8997588], [70.3373966, 52.8994309], [70.3383859, 52.8989416], [70.3387306, 52.8988107], [70.3390158, 52.8987498], [70.3393367, 52.8987337], [70.3396784, 52.8987821], [70.3402934, 52.8990276], [70.3406232, 52.8991244], [70.3410154, 52.8991799], [70.341681, 52.8992821], [70.3422484, 52.8994129], [70.3428838, 52.8996402], [70.3437097, 52.8999109], [70.3441322, 52.9000761]]]}, "properties": {"district_en": "Burabay", "district_ru": "Бурабайский", "area_ha": 16.67, "source": "OSM ODbL", "demo": false, "osm_type": "way", "osm_id": 307614395, "osm_name": null}}, {"type": "Feature", "geometry": {"type": "Polygon", "coordinates": [[[70.345372, 52.9006114], [70.3474477, 52.901572], [70.3482671, 52.902013], [70.3513386, 52.9034398], [70.352326, 52.9039188], [70.3529479, 52.9041444], [70.3531328, 52.9042128], [70.3531958, 52.9042534], [70.3531328, 52.9043243], [70.3521706, 52.9049706], [70.3520562, 52.9050276], [70.3519847, 52.9050619], [70.351928, 52.9050543], [70.3518041, 52.9050264], [70.3517053, 52.9049643], [70.3515456, 52.9048693], [70.3509574, 52.9048616], [70.3506212, 52.9048769], [70.3503922, 52.9049732], [70.3500225, 52.9051873], [70.3497914, 52.9052811], [70.3496569, 52.9053178], [70.3495729, 52.9053178], [70.3494636, 52.9053077], [70.3493166, 52.9052595], [70.3489153, 52.9050973], [70.3487472, 52.9050644], [70.3485119, 52.9050758], [70.3478963, 52.9051151], [70.3475707, 52.9050657], [70.3473312, 52.9049934], [70.3460552, 52.9044924], [70.3443787, 52.9038183], [70.3441158, 52.9037092], [70.3439449, 52.9036304], [70.3439093, 52.9035927], [70.3438959, 52.9035184], [70.3439345, 52.9034538], [70.3440474, 52.9033768], [70.3441618, 52.9033051], [70.3441707, 52.9032549], [70.3441722, 52.9030909], [70.3442435, 52.9028571], [70.3443885, 52.9025068], [70.3444078, 52.9023482], [70.34439, 52.9022962], [70.3442934, 52.902203], [70.3441419, 52.902117], [70.3440543, 52.9020301], [70.3440335, 52.9019351], [70.3440587, 52.9018339], [70.344289, 52.9014996], [70.3450205, 52.9008898], [70.345372, 52.9006114]]]}, "properties": {"district_en": "Burabay", "district_ru": "Бурабайский", "area_ha": 16.7, "source": "OSM ODbL", "demo": false, "osm_type": "way", "osm_id": 307614396, "osm_name": null}}, {"type": "Feature", "geometry": {"type": "Polygon", "coordinates": [[[70.3247066, 52.9111349], [70.3248839, 52.9113436], [70.3251165, 52.9114944], [70.3253113, 52.9116013], [70.3254305, 52.9116031], [70.325726, 52.9116147], [70.3259674, 52.9116486], [70.3264126, 52.9116761], [70.3264824, 52.9116956], [70.3266031, 52.9117797], [70.326823, 52.9117975], [70.327161, 52.911833], [70.3273928, 52.9118724], [70.3277993, 52.9118864], [70.3282016, 52.9119689], [70.3287059, 52.9120935], [70.3289956, 52.9122018], [70.3293389, 52.9123862], [70.3295132, 52.9125706], [70.3296527, 52.9126871], [70.3300175, 52.9128779], [70.3305995, 52.9132143], [70.3306666, 52.9133292], [70.3306076, 52.9134198], [70.3305218, 52.9134958], [70.3301758, 52.913512], [70.329532, 52.9135395], [70.3283948, 52.9135993], [70.3271851, 52.9136462], [70.326992, 52.9136478], [70.32689, 52.9136106], [70.3267586, 52.9135265], [70.326595, 52.9133874], [70.3260881, 52.9133955], [70.3249959, 52.9135307], [70.3228969, 52.9137907], [70.3220746, 52.9138923], [70.3214065, 52.9140275], [70.321094, 52.9140907], [70.3209131, 52.9140994], [70.3204958, 52.9140808], [70.320136, 52.9140696], [70.3195727, 52.914087], [70.3192664, 52.9141155], [70.319106, 52.9141204], [70.3189292, 52.9140969], [70.3187422, 52.9139655], [70.3186373, 52.9138626], [70.318627, 52.9137101], [70.3186476, 52.9135874], [70.3187257, 52.9135105], [70.318808, 52.9134312], [70.3188121, 52.913363], [70.3187689, 52.9132973], [70.3186723, 52.9132452], [70.3185873, 52.9132087], [70.3184894, 52.9131165], [70.3183995, 52.9130194], [70.3183553, 52.912941], [70.3182667, 52.9128108], [70.3182279, 52.9127162], [70.3182077, 52.9126199], [70.3182198, 52.9125221], [70.3182386, 52.9124072], [70.318252, 52.9123045], [70.318256, 52.912214], [70.3183056, 52.9120813], [70.3183687, 52.9119681], [70.3184853, 52.9119002], [70.31872, 52.9118743], [70.3192042, 52.9118516], [70.3216699, 52.9115144], [70.3236604, 52.9112347], [70.3243814, 52.9111067], [70.3245355, 52.9110962], [70.3246314, 52.9111015], [70.3247066, 52.9111349]]]}, "properties": {"district_en": "Burabay", "district_ru": "Бурабайский", "area_ha": 17.78, "source": "OSM ODbL", "demo": false, "osm_type": "way", "osm_id": 307614397, "osm_name": null}}, {"type": "Feature", "geometry": {"type": "Polygon", "coordinates": [[[70.1005215, 52.9897492], [70.1037344, 52.9904436], [70.1071828, 52.9911746], [70.107987, 52.9913384], [70.108316, 52.9914631], [70.1084176, 52.9915756], [70.1083648, 52.9917149], [70.1080886, 52.9919227], [70.1054788, 52.9938975], [70.1003862, 52.9979086], [70.0973335, 53.0002712], [70.0958074, 53.0015412], [70.0956611, 53.0016256], [70.0955373, 53.0016647], [70.0950824, 53.001562], [70.0942179, 53.0013736], [70.0916847, 53.0008672], [70.0891027, 53.0003781], [70.0881778, 53.0002052], [70.0878073, 53.0001205], [70.087905, 53.0000064], [70.0880515, 52.9998941], [70.088264, 52.9998543], [70.0892865, 52.9990316], [70.0913802, 52.9973825], [70.0932701, 52.9958441], [70.0949158, 52.9944905], [70.098997, 52.991097], [70.0997377, 52.9904886], [70.1002691, 52.9900362], [70.1004101, 52.9898868], [70.1004589, 52.9898038], [70.1005215, 52.9897492]]]}, "properties": {"district_en": "Burabay", "district_ru": "Бурабайский", "area_ha": 74.9, "source": "OSM ODbL", "demo": false, "osm_type": "way", "osm_id": 318184498, "osm_name": null}}, {"type": "Feature", "geometry": {"type": "Polygon", "coordinates": [[[70.1876828, 52.8876374], [70.1876324, 52.8878017], [70.1877164, 52.8880592], [70.1879819, 52.8886248], [70.1881096, 52.8888722], [70.1882406, 52.8889695], [70.1883717, 52.8889939], [70.188701, 52.8889594], [70.1895511, 52.8888377], [70.190408, 52.8886857], [70.1911036, 52.8885904], [70.1917253, 52.8885113], [70.1922562, 52.8884667], [70.1931434, 52.888345], [70.1940843, 52.888191], [70.1947866, 52.8880916], [70.1958989, 52.8879213], [70.1966516, 52.887828], [70.1969003, 52.8878007], [70.19708, 52.8878007], [70.1972917, 52.887824], [70.1974547, 52.8878676], [70.1977891, 52.887973], [70.1981352, 52.8881464], [70.1984393, 52.8882964], [70.1987434, 52.8884393], [70.1989249, 52.8886076], [70.1991013, 52.888856], [70.1991114, 52.8890273], [70.1990694, 52.8891986], [70.1989064, 52.889446], [70.1988291, 52.8896021], [70.1988274, 52.8897156], [70.1988812, 52.8897937], [70.1990307, 52.890038], [70.1991399, 52.8901323], [70.199271, 52.8902468], [70.1993147, 52.8902742], [70.1993533, 52.8902803], [70.1994793, 52.8902651], [70.2000173, 52.8900766], [70.2017176, 52.8894055], [70.2036767, 52.8886331], [70.2040801, 52.8884689], [70.2041419, 52.8883829], [70.2041657, 52.8882396], [70.2040991, 52.8876001], [70.203909, 52.886542], [70.2036263, 52.8858868], [70.20346, 52.885418], [70.2032271, 52.8845978], [70.2030495, 52.884031], [70.202863, 52.8840259], [70.2026765, 52.8840107], [70.2021422, 52.8841182], [70.2017171, 52.8841729], [70.200672, 52.8843534], [70.2001495, 52.8844811], [70.1997966, 52.8846079], [70.1995513, 52.8847113], [70.1992875, 52.8847914], [70.1991195, 52.8848623], [70.1989952, 52.884985], [70.198718, 52.8852415], [70.1983987, 52.8852831], [70.1980694, 52.8852375], [70.1975603, 52.8851452], [70.1970747, 52.8850398], [70.196527, 52.8848806], [70.1962414, 52.8847964], [70.1960112, 52.884766], [70.1956063, 52.8847356], [70.1953912, 52.8847001], [70.1952433, 52.8847021], [70.1948048, 52.8847549], [70.1943747, 52.8848593], [70.1941815, 52.8849515], [70.1940269, 52.8850063], [70.1938102, 52.8850154], [70.1932607, 52.8850641], [70.1929096, 52.885131], [70.1927029, 52.8852202], [70.1926038, 52.8853104], [70.1925131, 52.8855335], [70.1924626, 52.8857829], [70.1924643, 52.8859056], [70.1924072, 52.8860364], [70.192261, 52.8861712], [70.1920997, 52.8863395], [70.1919334, 52.886525], [70.1916377, 52.8867004], [70.1914965, 52.8867592], [70.1908228, 52.8869032], [70.1903725, 52.8870045], [70.1900465, 52.8870542], [70.1896483, 52.8870775], [70.1891594, 52.8871303], [70.1885058, 52.8872174], [70.1882639, 52.8872539], [70.1880807, 52.8873138], [70.1879497, 52.8873756], [70.1878287, 52.8874537], [70.1877044, 52.8876007], [70.1876828, 52.8876374]]]}, "properties": {"district_en": "Burabay", "district_ru": "Бурабайский", "area_ha": 39.78, "source": "OSM ODbL", "demo": false, "osm_type": "way", "osm_id": 337047580, "osm_name": null}}, {"type": "Feature", "geometry": {"type": "Polygon", "coordinates": [[[70.1328694, 52.8619253], [70.1340195, 52.8613428], [70.1365809, 52.8599054], [70.137731, 52.8591307], [70.1394846, 52.8581235], [70.1420461, 52.8566027], [70.1428017, 52.8560919], [70.1438614, 52.8555611], [70.1445458, 52.8550933], [70.1449925, 52.8548265], [70.1452824, 52.8547146], [70.1454629, 52.8547002], [70.1456245, 52.8547088], [70.1459619, 52.8549269], [70.1470835, 52.8558595], [70.1477916, 52.8564908], [70.1478913, 52.8565224], [70.1480292, 52.8564678], [70.1488656, 52.8559686], [70.1504766, 52.8550646], [70.1511657, 52.8546457], [70.1514651, 52.8544735], [70.1517692, 52.8543788], [70.1521209, 52.8543903], [70.1524488, 52.8545338], [70.152886, 52.8548064], [70.1535656, 52.8554119], [70.1542024, 52.8559944], [70.1559179, 52.8573603], [70.1571108, 52.858267], [70.1590117, 52.8597935], [70.1600001, 52.8606227], [70.1601189, 52.8607977], [70.1601237, 52.8609526], [70.1600096, 52.8611133], [70.1594774, 52.8617359], [70.1591875, 52.8620716], [70.1590069, 52.8624991], [70.1588168, 52.8627573], [70.158199, 52.8633455], [70.157586, 52.8638533], [70.1572818, 52.864209], [70.1570965, 52.8644988], [70.1567971, 52.8648316], [70.156531, 52.864998], [70.1563646, 52.8650783], [70.1562078, 52.8652763], [70.1559179, 52.8655115], [70.1549532, 52.8660566], [70.1539552, 52.866616], [70.1531093, 52.8670521], [70.1528385, 52.8672386], [70.152769, 52.8674165], [70.1526359, 52.8679329], [70.1525575, 52.8681481], [70.1525908, 52.868247], [70.1527666, 52.8683991], [70.1530922, 52.8686802], [70.1533725, 52.8688782], [70.153641, 52.8690445], [70.1534296, 52.8691736], [70.1533013, 52.8692955], [70.1530708, 52.869449], [70.1527904, 52.8695609], [70.1526597, 52.8696412], [70.152529, 52.869799], [70.1523983, 52.8699525], [70.1519231, 52.8705678], [70.1516332, 52.8709192], [70.1513053, 52.8712548], [70.1508325, 52.8710468], [70.150198, 52.8707341], [70.1494472, 52.8703727], [70.1490646, 52.870116], [70.1485918, 52.8699094], [70.1480262, 52.8696914], [70.1475938, 52.8699238], [70.147273, 52.8700529], [70.1470758, 52.870083], [70.1463392, 52.8701117], [70.1459875, 52.8701547], [70.1458711, 52.870225], [70.145681, 52.8703239], [70.1455812, 52.8703971], [70.1455741, 52.8704157], [70.1457642, 52.8706065], [70.1458972, 52.8707757], [70.1459281, 52.8709593], [70.1458948, 52.8711616], [70.1458164, 52.871358], [70.1458283, 52.8715445], [70.145921, 52.871665], [70.1461634, 52.8719117], [70.1462156, 52.8719977], [70.1461847, 52.8720995], [70.1460113, 52.8722975], [70.1458473, 52.872438], [70.1457547, 52.8724925], [70.1456596, 52.8725083], [70.1455527, 52.8724997], [70.1454909, 52.8724724], [70.1453246, 52.8722989], [70.1450727, 52.8720307], [70.1447876, 52.8717209], [70.1443884, 52.8714455], [70.14407, 52.8712347], [70.1438134, 52.8711974], [70.143495, 52.8710497], [70.1428106, 52.8706051], [70.1424471, 52.8703196], [70.1416202, 52.8695939], [70.140444, 52.8685683], [70.1393106, 52.8675944], [70.1384861, 52.8669088], [70.1376354, 52.8662088], [70.1366493, 52.8653754], [70.135007, 52.8638733], [70.1336225, 52.8627555], [70.1328698, 52.8620576], [70.1328261, 52.8619785], [70.1328694, 52.8619253]]]}, "properties": {"district_en": "Burabay", "district_ru": "Бурабайский", "area_ha": 206.44, "source": "OSM ODbL", "demo": false, "osm_type": "way", "osm_id": 337047581, "osm_name": null}}, {"type": "Feature", "geometry": {"type": "Polygon", "coordinates": [[[70.1172258, 52.9764493], [70.1171397, 52.9765041], [70.1170918, 52.9765474], [70.1170675, 52.9765765], [70.1170763, 52.9766038], [70.1171078, 52.9766179], [70.1176975, 52.9767498], [70.11865, 52.9769275], [70.1214716, 52.977444], [70.1235592, 52.9778657], [70.1253118, 52.9781785], [70.125667, 52.9782693], [70.1257608, 52.9782955], [70.1259854, 52.9782208], [70.1261496, 52.9781522], [70.1274565, 52.9771373], [70.1296045, 52.9754767], [70.1308376, 52.9746029], [70.1316653, 52.9741005], [70.1320976, 52.9738079], [70.1324763, 52.973487], [70.1330258, 52.9732005], [70.133572, 52.9729604], [70.13381, 52.9729039], [70.1340579, 52.9728191], [70.1352442, 52.9722662], [70.1374525, 52.9712007], [70.1385282, 52.9707628], [70.1388365, 52.9706094], [70.1391112, 52.9704005], [70.1391977, 52.9703705], [70.1393837, 52.970327], [70.1395828, 52.9702756], [70.1398375, 52.9701514], [70.1413723, 52.9693665], [70.1424753, 52.9688814], [70.1429848, 52.9685774], [70.1437549, 52.9679452], [70.1444871, 52.9674129], [70.1447098, 52.9672031], [70.1450723, 52.9667036], [70.1454799, 52.9661328], [70.1454858, 52.9660443], [70.1455048, 52.965938], [70.1455427, 52.9658895], [70.1457002, 52.9657953], [70.1458164, 52.9657025], [70.1463586, 52.9649807], [70.1463839, 52.9648791], [70.1463981, 52.9647899], [70.146449, 52.9647371], [70.1465859, 52.9646275], [70.1467073, 52.9645212], [70.1469717, 52.9642026], [70.1472858, 52.9637638], [70.1473161, 52.9636982], [70.147327, 52.9636043], [70.1473647, 52.9635423], [70.1474116, 52.9635095], [70.1475046, 52.963457], [70.1475668, 52.9634122], [70.1479598, 52.9628832], [70.1480787, 52.9626637], [70.1481131, 52.9625295], [70.1480586, 52.9623715], [70.1479589, 52.9622605], [70.1475889, 52.9619402], [70.1469847, 52.9616448], [70.1464657, 52.961522], [70.14598, 52.9615092], [70.1451459, 52.9615477], [70.1446578, 52.9615391], [70.1440915, 52.9614635], [70.1434636, 52.9613907], [70.1429446, 52.9613422], [70.1426034, 52.9613736], [70.1422859, 52.9614778], [70.1419139, 52.9616134], [70.1413736, 52.9617604], [70.1408121, 52.9619202], [70.1399069, 52.9621936], [70.1389655, 52.9625054], [70.1384461, 52.9627315], [70.1381495, 52.9628586], [70.1380423, 52.9628929], [70.1379635, 52.9628899], [70.137806, 52.9628435], [70.137667, 52.9628082], [70.136975, 52.9625447], [70.1362026, 52.9623076], [70.1355826, 52.9621693], [70.1351269, 52.9620876], [70.1348789, 52.9620765], [70.1347265, 52.9621279], [70.1346109, 52.962241], [70.1343059, 52.9625084], [70.133562, 52.9631442], [70.1327259, 52.9638678], [70.1322199, 52.9642503], [70.1317809, 52.9645419], [70.1317726, 52.9646752], [70.1316653, 52.9647862], [70.131171, 52.9652231], [70.1305746, 52.9656894], [70.1299429, 52.9661909], [70.1293213, 52.9667086], [70.1285757, 52.9673221], [70.1279759, 52.9678206], [70.1269572, 52.9686158], [70.1262049, 52.9691909], [70.1251644, 52.9700295], [70.1245193, 52.9705431], [70.1236531, 52.9712342], [70.1232241, 52.9715844], [70.1224015, 52.9722574], [70.1214381, 52.9730181], [70.1203892, 52.9738768], [70.1197827, 52.9743853], [70.1192364, 52.9748131], [70.1182546, 52.975602], [70.1176531, 52.9760853], [70.1172728, 52.9764061], [70.1172258, 52.9764493]]]}, "properties": {"district_en": "Burabay", "district_ru": "Бурабайский", "area_ha": 158.24, "source": "OSM ODbL", "demo": false, "osm_type": "way", "osm_id": 337047582, "osm_name": null}}, {"type": "Feature", "geometry": {"type": "Polygon", "coordinates": [[[70.0905745, 52.9720526], [70.0898636, 52.9726291], [70.0888803, 52.9735195], [70.0880391, 52.9742985], [70.0873662, 52.9749877], [70.0857398, 52.9766068], [70.0853228, 52.9771176], [70.0852949, 52.9773446], [70.0851528, 52.9776128], [70.0842002, 52.9787485], [70.0837121, 52.9793791], [70.0834941, 52.9797786], [70.0831961, 52.9802316], [70.0829402, 52.980554], [70.0829307, 52.980641], [70.0829141, 52.9808279], [70.0828312, 52.9812958], [70.0827293, 52.9818551], [70.0825824, 52.9823073], [70.0823336, 52.9828594], [70.0821038, 52.9832874], [70.0817886, 52.9838023], [70.081509, 52.9841647], [70.081246, 52.9843858], [70.0810564, 52.9846397], [70.081009, 52.9848423], [70.0810801, 52.9850063], [70.0813001, 52.9851308], [70.0816058, 52.9852064], [70.0820092, 52.9852776], [70.0821108, 52.9853045], [70.0824683, 52.9853716], [70.0829696, 52.9854712], [70.0837399, 52.9856582], [70.0845811, 52.9858088], [70.0858049, 52.9860594], [70.086812, 52.9862845], [70.0874849, 52.9864328], [70.0880491, 52.986552], [70.0885434, 52.9866654], [70.0901246, 52.9870319], [70.0914017, 52.9873101], [70.0928116, 52.9876096], [70.0941385, 52.9878821], [70.094539, 52.9879805], [70.0948518, 52.988039], [70.0951053, 52.9881046], [70.0967426, 52.9884826], [70.0991264, 52.9889989], [70.1008395, 52.9893627], [70.1024698, 52.9897093], [70.1046805, 52.9901814], [70.1062894, 52.9905209], [70.10764, 52.9908175], [70.1086542, 52.9910472], [70.108967, 52.9911056], [70.109185, 52.9910686], [70.1095404, 52.9909416], [70.1101778, 52.9904923], [70.1102892, 52.9902755], [70.1102655, 52.9901243], [70.1102939, 52.9900102], [70.1104432, 52.9898619], [70.1107844, 52.9897278], [70.1110261, 52.9896593], [70.1114242, 52.989511], [70.1117417, 52.9892785], [70.1123625, 52.9887907], [70.1123954, 52.9887271], [70.1124968, 52.9885722], [70.1125403, 52.9885329], [70.1126777, 52.9884749], [70.1128612, 52.9884053], [70.1129978, 52.9883135], [70.113868, 52.9876497], [70.1142182, 52.9873802], [70.1143284, 52.9872496], [70.1143485, 52.9871954], [70.1144101, 52.9870792], [70.114467, 52.9870278], [70.1146246, 52.9869708], [70.1148675, 52.9868695], [70.1149694, 52.986816], [70.115746, 52.9862134], [70.1160325, 52.9859814], [70.1160811, 52.9858926], [70.116159, 52.9857171], [70.1161959, 52.9856889], [70.1162981, 52.9856627], [70.1165476, 52.9855786], [70.1166749, 52.9855292], [70.1171005, 52.9851933], [70.1178439, 52.9846058], [70.1194078, 52.9833833], [70.1208295, 52.982282], [70.1222488, 52.9811778], [70.1237061, 52.980045], [70.1253055, 52.9788266], [70.1256989, 52.9785042], [70.1256965, 52.9784657], [70.1254832, 52.9783957], [70.1239573, 52.9780933], [70.1217892, 52.9776838], [70.1193841, 52.9772158], [70.1167966, 52.9767293], [70.1141238, 52.9762071], [70.1114012, 52.9756877], [70.1097094, 52.9753453], [70.1071384, 52.9748702], [70.1052476, 52.974512], [70.1040154, 52.9742852], [70.1032311, 52.9741553], [70.1026695, 52.9741082], [70.1017857, 52.9740569], [70.1012336, 52.9740597], [70.1009185, 52.9740169], [70.1006815, 52.9739441], [70.1001223, 52.9737415], [70.099729, 52.9735846], [70.0993593, 52.9734833], [70.0986935, 52.9733391], [70.0975087, 52.973098], [70.0968168, 52.9729639], [70.0945895, 52.9725558], [70.0929047, 52.972249], [70.0916868, 52.9720264], [70.0912674, 52.9719736], [70.0910257, 52.9719707], [70.0907982, 52.9720035], [70.0905745, 52.9720526]]]}, "properties": {"district_en": "Burabay", "district_ru": "Бурабайский", "area_ha": 376.53, "source": "OSM ODbL", "demo": false, "osm_type": "way", "osm_id": 337047583, "osm_name": null}}, {"type": "Feature", "geometry": {"type": "Polygon", "coordinates": [[[70.0905308, 52.9719276], [70.091011, 52.9719419], [70.0916138, 52.9718742], [70.0920191, 52.9718947], [70.0935618, 52.9721778], [70.095864, 52.9726084], [70.0967393, 52.9727725], [70.0972705, 52.9728402], [70.0980913, 52.9729263], [70.0991062, 52.9731047], [70.1002879, 52.9733283], [70.1014799, 52.9735211], [70.1022359, 52.9736831], [70.1034687, 52.9739271], [70.1052363, 52.9742819], [70.1073239, 52.9746982], [70.1092958, 52.9750735], [70.1112914, 52.9754488], [70.1133927, 52.975861], [70.1157596, 52.9763203], [70.116577, 52.9764844], [70.1167729, 52.9764709], [70.1169608, 52.9763926], [70.1172834, 52.9761461], [70.1191329, 52.9746293], [70.1213869, 52.9727992], [70.1237324, 52.9709082], [70.1250617, 52.9698611], [70.1261406, 52.968959], [70.127441, 52.9679148], [70.1292711, 52.9664412], [70.1310965, 52.9649589], [70.1317708, 52.9645093], [70.1323824, 52.9640741], [70.1334998, 52.9631197], [70.1341115, 52.962615], [70.1345353, 52.9622494], [70.1345787, 52.9620725], [70.1343908, 52.9619303], [70.1341163, 52.9617592], [70.1338948, 52.9615213], [70.1336877, 52.961295], [70.1333843, 52.9612023], [70.1328593, 52.9612014], [70.1314796, 52.9612576], [70.1302266, 52.9612616], [70.1286937, 52.961386], [70.1272241, 52.9614342], [70.1259044, 52.9613479], [70.1254079, 52.9613037], [70.1251779, 52.9612516], [70.123745, 52.9607136], [70.1220054, 52.9597541], [70.1212257, 52.9594269], [70.1201793, 52.9588869], [70.1190762, 52.958377], [70.118563, 52.9582505], [70.1171039, 52.9580462], [70.1167222, 52.9579695], [70.1154827, 52.9574982], [70.1138757, 52.9570837], [70.1130839, 52.9568112], [70.1106851, 52.9557692], [70.1094173, 52.9549941], [70.1088848, 52.9548238], [70.1085313, 52.9548024], [70.1078824, 52.9550656], [70.1078721, 52.9551004], [70.1079947, 52.9551168], [70.1081548, 52.9551066], [70.108291, 52.9550902], [70.1084886, 52.9550902], [70.1087235, 52.9551353], [70.1090369, 52.955281], [70.1096975, 52.9556564], [70.1099836, 52.9558308], [70.1101471, 52.955958], [70.1102697, 52.9560298], [70.1103685, 52.956075], [70.1104604, 52.9560934], [70.1105592, 52.9560996], [70.110692, 52.9560996], [70.1107567, 52.9560996], [70.1108827, 52.9561057], [70.1109781, 52.9561345], [70.111179, 52.9562371], [70.1116694, 52.9565017], [70.1122007, 52.9568751], [70.1126741, 52.9573121], [70.1130419, 52.9577224], [70.1132053, 52.9579747], [70.1133722, 52.9582558], [70.1134403, 52.9584528], [70.1133824, 52.9585861], [70.1132598, 52.9586887], [70.1131713, 52.9587277], [70.1130316, 52.9587277], [70.1127149, 52.9586969], [70.1124493, 52.9586682], [70.112153, 52.9586579], [70.1117784, 52.9586005], [70.1115604, 52.9585307], [70.1113288, 52.958422], [70.1107771, 52.9579809], [70.1103685, 52.9576937], [70.1100756, 52.957429], [70.1100483, 52.9573306], [70.1099734, 52.9568915], [70.1098712, 52.956752], [70.1095749, 52.9564935], [70.1090505, 52.9560934], [70.1083694, 52.9556441], [70.1079879, 52.9554], [70.1077563, 52.9552564], [70.1076065, 52.9553528], [70.1075248, 52.9555292], [70.1073885, 52.9558965], [70.1072557, 52.9560811], [70.1067994, 52.9565674], [70.1061557, 52.9571603], [70.1052532, 52.9580219], [70.1044529, 52.9588015], [70.1035402, 52.9596836], [70.1025798, 52.9605637], [70.1014696, 52.9615545], [70.1012925, 52.9617535], [70.1011529, 52.9619587], [70.1009758, 52.9621043], [70.1006182, 52.962371], [70.0995727, 52.9633597], [70.0984692, 52.9643915], [70.0978119, 52.9651074], [70.0970968, 52.9657904], [70.0959968, 52.9668222], [70.0949546, 52.9678026], [70.093858, 52.9688281], [70.0927274, 52.9699131], [70.0918147, 52.9707355], [70.0910348, 52.9715046], [70.0907794, 52.9717261], [70.0905308, 52.9719276]]]}, "properties": {"district_en": "Burabay", "district_ru": "Бурабайский", "area_ha": 362.97, "source": "OSM ODbL", "demo": false, "osm_type": "way", "osm_id": 337047585, "osm_name": null}}, {"type": "Feature", "geometry": {"type": "Polygon", "coordinates": [[[70.1023589, 52.9433033], [70.1021301, 52.9432519], [70.1019311, 52.9433005], [70.1003909, 52.9442743], [70.0987299, 52.945482], [70.0959951, 52.9474105], [70.0959399, 52.9476366], [70.0958963, 52.9478103], [70.0959013, 52.9478971], [70.0959097, 52.9479637], [70.0958812, 52.9480112], [70.0958159, 52.9480526], [70.0956919, 52.9480697], [70.0955478, 52.9480707], [70.0953853, 52.9480616], [70.0952261, 52.9480667], [70.0949915, 52.9481303], [70.0948122, 52.9482777], [70.0944118, 52.9485886], [70.0938438, 52.9490126], [70.0930446, 52.9495881], [70.0921834, 52.9502251], [70.0911256, 52.9511504], [70.0906375, 52.9514687], [70.0902726, 52.9516643], [70.0899859, 52.9518114], [70.0894125, 52.9522368], [70.089275, 52.9524152], [70.0891329, 52.9527464], [70.0891945, 52.9529234], [70.0893793, 52.9530948], [70.089685, 52.9533003], [70.0898887, 52.9534916], [70.0899456, 52.9536544], [70.0899504, 52.9537786], [70.0898485, 52.9539656], [70.0895997, 52.9541683], [70.089275, 52.9543281], [70.0891305, 52.9543738], [70.0888722, 52.9543981], [70.0886282, 52.9543995], [70.088313, 52.9543795], [70.088005, 52.9544438], [70.0875619, 52.9546194], [70.0869553, 52.9548178], [70.0862302, 52.9550048], [70.0858767, 52.9551311], [70.0857441, 52.9552125], [70.0854621, 52.9554438], [70.0850972, 52.9557492], [70.0844242, 52.9562474], [70.083756, 52.9567899], [70.0830096, 52.9574265], [70.0823793, 52.9579518], [70.0820974, 52.9582758], [70.081986, 52.9586069], [70.081967, 52.9588125], [70.082031, 52.9590109], [70.0820263, 52.9591679], [70.0818912, 52.9593163], [70.0816922, 52.959432], [70.0811543, 52.9598259], [70.0809173, 52.9600614], [70.0805051, 52.9606295], [70.0801781, 52.9611647], [70.0800951, 52.9613531], [70.0796117, 52.9618241], [70.079216, 52.9622823], [70.0791141, 52.9624992], [70.0790857, 52.9628689], [70.0790407, 52.9634155], [70.079036, 52.9639807], [70.0790715, 52.9642419], [70.0792326, 52.9644445], [70.0795146, 52.9646044], [70.0799506, 52.9647899], [70.0810003, 52.9652452], [70.0813202, 52.9654022], [70.0814386, 52.9655349], [70.0814955, 52.9656762], [70.081486, 52.9658703], [70.0812988, 52.9665053], [70.0810951, 52.9672374], [70.0810263, 52.9677084], [70.0810571, 52.9683477], [70.0810666, 52.968723], [70.0810216, 52.9692439], [70.081005, 52.9695464], [70.0810832, 52.969622], [70.0814102, 52.9696777], [70.0824931, 52.9698918], [70.0837939, 52.9701443], [70.085301, 52.9704426], [70.0873032, 52.9708065], [70.0879382, 52.9709962], [70.0884074, 52.9712074], [70.0895519, 52.9716826], [70.0898386, 52.9717796], [70.0900969, 52.9718667], [70.0902604, 52.9718938], [70.0903954, 52.9719009], [70.0905308, 52.9719276], [70.0907794, 52.9717261], [70.0910348, 52.9715046], [70.0918147, 52.9707355], [70.0927274, 52.9699131], [70.093858, 52.9688281], [70.0949546, 52.9678026], [70.0959968, 52.9668222], [70.0970968, 52.9657904], [70.0978119, 52.9651074], [70.0984692, 52.9643915], [70.0995727, 52.9633597], [70.1006182, 52.962371], [70.1009758, 52.9621043], [70.1011529, 52.9619587], [70.1012925, 52.9617535], [70.1014696, 52.9615545], [70.1025798, 52.9605637], [70.1035402, 52.9596836], [70.1044529, 52.9588015], [70.1052532, 52.9580219], [70.1061557, 52.9571603], [70.1067994, 52.9565674], [70.1072557, 52.9560811], [70.1073885, 52.9558965], [70.1075248, 52.9555292], [70.1076065, 52.9553528], [70.1076583, 52.9552342], [70.1078824, 52.9550656], [70.1085313, 52.9548024], [70.109243, 52.9544589], [70.1102798, 52.9540784], [70.1105955, 52.9539223], [70.1107039, 52.9537888], [70.1107322, 52.9535958], [70.1106097, 52.9533828], [70.1094692, 52.9519433], [70.1087754, 52.950918], [70.1082594, 52.9504097], [70.1055283, 52.9471101], [70.1044962, 52.9459458], [70.1023589, 52.9433033]]]}, "properties": {"district_en": "Burabay", "district_ru": "Бурабайский", "area_ha": 332.63, "source": "OSM ODbL", "demo": false, "osm_type": "way", "osm_id": 337047586, "osm_name": null}}, {"type": "Feature", "geometry": {"type": "Polygon", "coordinates": [[[70.1023589, 52.9433033], [70.1044962, 52.9459458], [70.1055283, 52.9471101], [70.1082594, 52.9504097], [70.1087754, 52.950918], [70.1094692, 52.9519433], [70.1106097, 52.9533828], [70.1107322, 52.9535958], [70.1107039, 52.9537888], [70.1105955, 52.9539223], [70.1102798, 52.9540784], [70.109243, 52.9544589], [70.1085313, 52.9548024], [70.1088848, 52.9548238], [70.1094173, 52.9549941], [70.1106851, 52.9557692], [70.1130839, 52.9568112], [70.1138757, 52.9570837], [70.1154827, 52.9574982], [70.1167222, 52.9579695], [70.1171039, 52.9580462], [70.118563, 52.9582505], [70.1190762, 52.958377], [70.1201793, 52.9588869], [70.1212257, 52.9594269], [70.1220054, 52.9597541], [70.123745, 52.9607136], [70.1251779, 52.9612516], [70.1254079, 52.9613037], [70.1259044, 52.9613479], [70.1272241, 52.9614342], [70.1286937, 52.961386], [70.1302266, 52.9612616], [70.1314796, 52.9612576], [70.1328593, 52.9612014], [70.1333843, 52.9612023], [70.135182, 52.9612054], [70.1369948, 52.9610568], [70.1386977, 52.9608842], [70.1398807, 52.9608541], [70.1407438, 52.9606654], [70.1409771, 52.9606393], [70.1417936, 52.9606453], [70.1436964, 52.960553], [70.144093, 52.9604968], [70.1444829, 52.9603864], [70.1452108, 52.9600321], [70.1473551, 52.9592855], [70.1496785, 52.9585701], [70.1501734, 52.9585161], [70.1512762, 52.9581357], [70.1513798, 52.957954], [70.1513563, 52.9578291], [70.1488396, 52.9556714], [70.1485663, 52.9553932], [70.1485946, 52.9552228], [70.1487407, 52.9551405], [70.1492497, 52.9549588], [70.1517192, 52.9542916], [70.1518276, 52.9541979], [70.1518653, 52.9540985], [70.1518276, 52.9539281], [70.1517114, 52.9537301], [70.1514414, 52.9535233], [70.1512815, 52.953447], [70.1512715, 52.9534008], [70.1522945, 52.9525817], [70.1527478, 52.952413], [70.1529077, 52.9522404], [70.1533809, 52.9515858], [70.1534609, 52.9514373], [70.1534376, 52.9511682], [70.1530677, 52.9507004], [70.151813, 52.9493769], [70.1495731, 52.9470804], [70.1486965, 52.9462642], [70.1480868, 52.9453644], [70.1477819, 52.945019], [70.1442578, 52.941302], [70.1422922, 52.9390771], [70.1423919, 52.9386954], [70.1416756, 52.9362788], [70.1411453, 52.9347516], [70.1411053, 52.9336509], [70.1410353, 52.9332231], [70.1405555, 52.9316403], [70.1404655, 52.9308227], [70.1403988, 52.9306239], [70.1399723, 52.9299971], [70.1395257, 52.9291555], [70.1391892, 52.9287296], [70.1389892, 52.928595], [70.1388059, 52.9285227], [70.1370297, 52.928145], [70.1367331, 52.9281892], [70.1366532, 52.9282595], [70.1365932, 52.9284001], [70.1370897, 52.9298143], [70.1372297, 52.9301116], [70.1371963, 52.930188], [70.1370497, 52.9302442], [70.1367098, 52.9303025], [70.13601, 52.9303447], [70.13582, 52.9302081], [70.1354135, 52.9287336], [70.1353502, 52.9283017], [70.1352702, 52.9281671], [70.1351702, 52.9280968], [70.1349769, 52.9280406], [70.1347437, 52.9280446], [70.1329375, 52.9283519], [70.1327542, 52.9283117], [70.1324976, 52.9281711], [70.132261, 52.9281048], [70.1320477, 52.9280908], [70.1315278, 52.928145], [70.1312946, 52.9280888], [70.1308014, 52.927691], [70.1307447, 52.9276127], [70.1308014, 52.9275122], [70.131098, 52.9273475], [70.1311779, 52.9272792], [70.1312579, 52.9270522], [70.1310846, 52.9268895], [70.1305014, 52.9265218], [70.1300616, 52.9261261], [70.1299183, 52.9260899], [70.1296483, 52.92612], [70.1268657, 52.9272491], [70.1233966, 52.9285729], [70.1226402, 52.9289084], [70.1216271, 52.9294166], [70.1210039, 52.9298324], [70.1183147, 52.931797], [70.117005, 52.9330022], [70.1154054, 52.9342636], [70.113276, 52.9358202], [70.1121329, 52.9365814], [70.1113865, 52.9372241], [70.1110999, 52.9377583], [70.1110899, 52.9381259], [70.1110299, 52.9383749], [70.1108066, 52.9387023], [70.11053, 52.9389413], [70.1088705, 52.939847], [70.1084806, 52.9400157], [70.1058613, 52.940803], [70.1053881, 52.9409837], [70.1047982, 52.9413131], [70.1025755, 52.9427911], [70.1024588, 52.9429377], [70.1023589, 52.9433033]]]}, "properties": {"district_en": "Burabay", "district_ru": "Бурабайский", "area_ha": 846.33, "source": "OSM ODbL", "demo": false, "osm_type": "way", "osm_id": 337047587, "osm_name": null}}, {"type": "Feature", "geometry": {"type": "Polygon", "coordinates": [[[70.1268479, 52.9126883], [70.1251982, 52.913223], [70.1234972, 52.9138127], [70.1210696, 52.9145975], [70.117359, 52.9157942], [70.1159744, 52.9163063], [70.1128637, 52.9173137], [70.1095685, 52.9182988], [70.1064763, 52.9193729], [70.1068363, 52.9199907], [70.1079254, 52.9217047], [70.1082024, 52.9223447], [70.1083039, 52.9225562], [70.1083177, 52.9226341], [70.1082531, 52.9227037], [70.1080316, 52.9228344], [70.1077824, 52.9230097], [70.1077178, 52.9231238], [70.1077224, 52.9236914], [70.1077778, 52.9245039], [70.1078562, 52.9248962], [70.1080408, 52.9250687], [70.1079947, 52.9251884], [70.107667, 52.9255083], [70.1065916, 52.9262957], [70.105724, 52.9267659], [70.1043717, 52.9273836], [70.1033841, 52.92794], [70.1026641, 52.9283184], [70.1019164, 52.9286884], [70.1011272, 52.9291975], [70.1010949, 52.9292392], [70.101178, 52.929306], [70.101958, 52.9298624], [70.1027333, 52.9304772], [70.1028302, 52.9306135], [70.1028462, 52.9306748], [70.1028348, 52.9307052], [70.1026749, 52.9308164], [70.101886, 52.9313624], [70.1008319, 52.9320489], [70.0997321, 52.9328082], [70.0983223, 52.9337346], [70.0973204, 52.9344605], [70.0973759, 52.9345018], [70.0981199, 52.9349207], [70.0993862, 52.935621], [70.0998626, 52.9358452], [70.1000813, 52.9359514], [70.1009755, 52.936508], [70.102245, 52.937224], [70.1036221, 52.9379596], [70.1046958, 52.9385772], [70.1047643, 52.9386244], [70.1048498, 52.9386217], [70.1048808, 52.938605], [70.1048761, 52.9385404], [70.104956, 52.9384067], [70.1051861, 52.938209], [70.1056169, 52.9378993], [70.1064931, 52.9373043], [70.1071948, 52.9368047], [70.1077365, 52.9364113], [70.1085964, 52.9358193], [70.1092099, 52.9353984], [70.1098512, 52.9349548], [70.1105839, 52.9344474], [70.11131, 52.9339468], [70.112023, 52.9334402], [70.1125778, 52.9330341], [70.1133219, 52.9325069], [70.1140709, 52.9319787], [70.1150075, 52.9313365], [70.1156846, 52.9308663], [70.1163863, 52.9303844], [70.1170243, 52.929927], [70.1176982, 52.9294381], [70.1184325, 52.9288913], [70.119126, 52.9284811], [70.1197036, 52.9281329], [70.1200936, 52.9278909], [70.1205358, 52.9276647], [70.1211199, 52.9273804], [70.1216992, 52.9271414], [70.1224612, 52.9268414], [70.1233962, 52.9265089], [70.1243736, 52.9261351], [70.125338, 52.92578], [70.1264524, 52.9253363], [70.1276795, 52.9248858], [70.1282979, 52.9246458], [70.1293471, 52.9242198], [70.1301575, 52.923919], [70.1307885, 52.9236988], [70.1311623, 52.9235806], [70.1317854, 52.923447], [70.1326738, 52.9232745], [70.1335923, 52.923063], [70.1343999, 52.9228947], [70.1345707, 52.9228446], [70.1346953, 52.9227625], [70.1346884, 52.9226916], [70.1341507, 52.9218443], [70.1336015, 52.9210582], [70.1331976, 52.9204488], [70.1329669, 52.9200927], [70.1328169, 52.9199341], [70.1326207, 52.9196697], [70.1324361, 52.9193413], [70.1322261, 52.9189184], [70.1320461, 52.9185024], [70.1318246, 52.9180112], [70.1317392, 52.9176731], [70.1315708, 52.9172612], [70.1313423, 52.9168243], [70.1310331, 52.9162302], [70.1307793, 52.9158253], [70.1305416, 52.9154899], [70.1303316, 52.9151573], [70.1300547, 52.9148568], [70.1299554, 52.9147566], [70.1298193, 52.9146898], [70.1296693, 52.9146787], [70.129517, 52.9146982], [70.1293024, 52.9147538], [70.1291201, 52.9148317], [70.1289909, 52.9149236], [70.1288916, 52.9150864], [70.1288224, 52.9152854], [70.1287947, 52.9154732], [70.1288039, 52.9156889], [70.1288109, 52.9157724], [70.1289332, 52.9160145], [70.129037, 52.9163025], [70.1290301, 52.9163846], [70.1289632, 52.9164472], [70.1288339, 52.916489], [70.1286586, 52.9165099], [70.1285086, 52.9165488], [70.1284486, 52.9165488], [70.1284093, 52.9165335], [70.1283817, 52.9165085], [70.1283701, 52.9164291], [70.1286401, 52.915405], [70.1289193, 52.9144727], [70.1289816, 52.9142445], [70.128977, 52.914104], [70.1289378, 52.9140288], [70.1288386, 52.9138312], [70.1285086, 52.9133553], [70.1280309, 52.9126512], [70.1278624, 52.9125455], [70.1277494, 52.9125134], [70.1275901, 52.9125065], [70.1273848, 52.9125246], [70.1271355, 52.9126011], [70.1268479, 52.9126883]]]}, "properties": {"district_en": "Burabay", "district_ru": "Бурабайский", "area_ha": 300.76, "source": "OSM ODbL", "demo": false, "osm_type": "way", "osm_id": 337047589, "osm_name": null}}, {"type": "Feature", "geometry": {"type": "Polygon", "coordinates": [[[70.2040098, 52.8255452], [70.2039513, 52.8256144], [70.2039524, 52.8256825], [70.2039966, 52.8257513], [70.2043117, 52.8260957], [70.2044721, 52.8262123], [70.2048232, 52.8263584], [70.2053091, 52.8264722], [70.2057044, 52.8265762], [70.2059253, 52.8266619], [70.2062996, 52.8268782], [70.2068832, 52.8271761], [70.2070901, 52.8273053], [70.2071366, 52.8273643], [70.2071227, 52.8274486], [70.2070111, 52.8276355], [70.206946, 52.8277633], [70.2069739, 52.827856], [70.2070506, 52.8279333], [70.2072482, 52.8280288], [70.207411, 52.8280906], [70.2076017, 52.828137], [70.208127, 52.8282442], [70.2083901, 52.8283177], [70.2084953, 52.8284052], [70.208594, 52.8286913], [70.2085709, 52.8288323], [70.2085052, 52.8289396], [70.2083474, 52.8290449], [70.2079626, 52.8295356], [70.207818, 52.8297243], [70.2077029, 52.829772], [70.2074859, 52.82978], [70.2072294, 52.8297581], [70.2069466, 52.8296548], [70.2066342, 52.8294065], [70.2060687, 52.8289396], [70.205861, 52.8287693], [70.2058029, 52.8287216], [70.2057308, 52.8286949], [70.2056215, 52.8286836], [70.205489, 52.8286935], [70.2053983, 52.8287384], [70.2050798, 52.8291163], [70.2048031, 52.829438], [70.2045939, 52.8297513], [70.2043404, 52.8302008], [70.2041637, 52.8306756], [70.2040196, 52.8312769], [70.2037824, 52.8320705], [70.2036452, 52.8326338], [70.2036708, 52.8328768], [70.2038033, 52.8331887], [70.204166, 52.8336662], [70.2043869, 52.8339078], [70.2045543, 52.8340708], [70.2045962, 52.8341438], [70.2045985, 52.834207], [70.2045729, 52.8342618], [70.2043567, 52.8344964], [70.2041637, 52.8346284], [70.2038661, 52.8347619], [70.2037499, 52.8348307], [70.2036592, 52.8349262], [70.2035824, 52.835061], [70.2035522, 52.835231], [70.2035662, 52.8354768], [70.2037126, 52.8360134], [70.2039033, 52.8368252], [70.2040358, 52.8374671], [70.2041428, 52.8376595], [70.2042358, 52.8378575], [70.2043799, 52.8384278], [70.2045218, 52.8390373], [70.2046473, 52.8397845], [70.2047055, 52.840005], [70.2047892, 52.8400991], [70.2048845, 52.8401595], [70.2050519, 52.8402199], [70.2056006, 52.8403659], [70.2059168, 52.8404221], [70.2063725, 52.840505], [70.2068166, 52.8405668], [70.2071166, 52.8405583], [70.20757, 52.8404811], [70.2079094, 52.8404334], [70.208114, 52.8404221], [70.2083047, 52.8404319], [70.2087279, 52.8404951], [70.2092952, 52.8405668], [70.2100276, 52.8406693], [70.2104926, 52.8407732], [70.2114389, 52.8410457], [70.2122504, 52.8413195], [70.212927, 52.841526], [70.2132106, 52.8415948], [70.2134478, 52.8416271], [70.21375, 52.8416496], [70.2143569, 52.8416875], [70.2151777, 52.8416903], [70.2160728, 52.8416622], [70.2171679, 52.8416257], [70.2182747, 52.8416397], [70.219228, 52.8416426], [70.2206463, 52.8415892], [70.2216367, 52.8415091], [70.2226062, 52.8415379], [70.22435, 52.8415716], [70.2260473, 52.8415687], [70.2268657, 52.8415182], [70.2270703, 52.8414732], [70.2271503, 52.8413758], [70.227147, 52.8411196], [70.2267853, 52.8401702], [70.2262362, 52.838613], [70.2258975, 52.8377212], [70.225664, 52.8367698], [70.2253845, 52.8358898], [70.2252201, 52.8352661], [70.2249669, 52.8343146], [70.2247532, 52.8335557], [70.2245921, 52.8328386], [70.2243356, 52.8318433], [70.2241285, 52.8310745], [70.2237963, 52.8304845], [70.2235563, 52.8299044], [70.2234478, 52.8298249], [70.2232867, 52.8297097], [70.2232176, 52.8296303], [70.2232143, 52.8295428], [70.2232176, 52.8294236], [70.2232867, 52.8292647], [70.223336, 52.8290879], [70.2233327, 52.828925], [70.2231617, 52.8282793], [70.2229776, 52.8274608], [70.2227474, 52.8265468], [70.2225468, 52.8257183], [70.2222739, 52.8246236], [70.2222608, 52.8241666], [70.2221983, 52.8240195], [70.222047, 52.8239619], [70.2209386, 52.8237743], [70.2197187, 52.8234822], [70.2179858, 52.823055], [70.2161411, 52.822606], [70.2148949, 52.8222384], [70.2141485, 52.8220297], [70.2132771, 52.8219185], [70.2128168, 52.8218271], [70.2119916, 52.8215892], [70.2116529, 52.8228768], [70.2109262, 52.825728], [70.2107956, 52.8262038], [70.2107735, 52.8262206], [70.210729, 52.8262238], [70.2082168, 52.8259783], [70.2048102, 52.8256108], [70.2040098, 52.8255452]]]}, "properties": {"district_en": "Burabay", "district_ru": "Бурабайский", "area_ha": 254.88, "source": "OSM ODbL", "demo": false, "osm_type": "way", "osm_id": 337047590, "osm_name": null}}, {"type": "Feature", "geometry": {"type": "Polygon", "coordinates": [[[70.2036955, 52.8250564], [70.203717, 52.8254712], [70.2037383, 52.8255045], [70.2037976, 52.8255278], [70.2040098, 52.8255452], [70.2048102, 52.8256108], [70.2082168, 52.8259783], [70.210729, 52.8262238], [70.2107735, 52.8262206], [70.2107956, 52.8262038], [70.2109262, 52.825728], [70.2116529, 52.8228768], [70.2119916, 52.8215892], [70.2119954, 52.8215426], [70.2119279, 52.8215159], [70.2117326, 52.8215229], [70.2114211, 52.8214934], [70.2111389, 52.8214811], [70.2104274, 52.82138], [70.2102693, 52.8213463], [70.2101298, 52.8212788], [70.2093858, 52.8206325], [70.2089161, 52.8201772], [70.2085859, 52.8197388], [70.2083906, 52.819292], [70.2083581, 52.8187581], [70.2083209, 52.8185445], [70.2082186, 52.8183815], [70.2078186, 52.8180358], [70.2075908, 52.8178194], [70.2073908, 52.8176199], [70.2071537, 52.8171702], [70.2070049, 52.8168836], [70.206791, 52.8166363], [70.2067212, 52.8165435], [70.2067119, 52.8164311], [70.2067398, 52.8163187], [70.2068096, 52.8161444], [70.2068063, 52.8160196], [70.2067551, 52.815896], [70.2066272, 52.8158383], [70.2064715, 52.8158159], [70.2063738, 52.8158369], [70.2063064, 52.8158693], [70.2062785, 52.8159226], [70.2062808, 52.8160196], [70.2062297, 52.8162402], [70.2059576, 52.8169344], [70.2055157, 52.8183268], [70.2049159, 52.8203024], [70.2044533, 52.8220717], [70.2042673, 52.8228895], [70.2042394, 52.8232463], [70.2040022, 52.8239404], [70.2037046, 52.824848], [70.2036955, 52.8250564]]]}, "properties": {"district_en": "Burabay", "district_ru": "Бурабайский", "area_ha": 35.76, "source": "OSM ODbL", "demo": false, "osm_type": "way", "osm_id": 337047600, "osm_name": null}}, {"type": "Feature", "geometry": {"type": "Polygon", "coordinates": [[[71.1703928, 51.7101549], [71.1702753, 51.7102468], [71.1702473, 51.7103491], [71.1702921, 51.7104513], [71.170527, 51.7106368], [71.1705606, 51.7107217], [71.1705242, 51.7108153], [71.1703564, 51.7109921], [71.1701774, 51.7111377], [71.1700767, 51.7113024], [71.1700655, 51.7114462], [71.1701326, 51.7116941], [71.1701914, 51.7119471], [71.170155, 51.7121742], [71.1700907, 51.71237], [71.170099, 51.7125104], [71.170169, 51.7126421], [71.1703844, 51.7127444], [71.1708347, 51.7128519], [71.1739956, 51.7134775], [71.1751732, 51.7137132], [71.1762614, 51.7138796], [71.1769943, 51.7140027], [71.1774027, 51.7139975], [71.1776152, 51.7138987], [71.1779146, 51.7137046], [71.1786306, 51.7131136], [71.1786866, 51.7129974], [71.1786642, 51.7128969], [71.1785607, 51.7127947], [71.1783845, 51.7126855], [71.178239, 51.7126352], [71.1780404, 51.7125988], [71.1779146, 51.7125174], [71.1779229, 51.7124376], [71.1780069, 51.7123388], [71.1781132, 51.7122556], [71.1782754, 51.7122019], [71.1784572, 51.7121967], [71.1788824, 51.712273], [71.1793048, 51.7123908], [71.179537, 51.7124636], [71.179688, 51.7125451], [71.179853, 51.7125711], [71.1800125, 51.7125399], [71.1801915, 51.7124758], [71.1803761, 51.7123388], [71.1804796, 51.7122712], [71.1805719, 51.7122522], [71.180695, 51.7122799], [71.1808153, 51.712344], [71.1813104, 51.7127323], [71.1821356, 51.7133319], [71.1833804, 51.7141621], [71.1849412, 51.7152522], [71.1864797, 51.7163389], [71.1882308, 51.7175572], [71.1890616, 51.7170737], [71.192491, 51.7150287], [71.1967528, 51.7126324], [71.2004541, 51.7104983], [71.2037872, 51.7086416], [71.2065971, 51.707058], [71.2145973, 51.7026043], [71.2141938, 51.7021752], [71.2139683, 51.7018737], [71.2138022, 51.7014103], [71.2137626, 51.7010695], [71.213636, 51.7006797], [71.2132919, 51.7003732], [71.2117411, 51.6993042], [71.2096445, 51.6977718], [71.2085329, 51.6969234], [71.2071325, 51.6959132], [71.2042012, 51.693829], [71.20269, 51.6927476], [71.2021876, 51.6924337], [71.2018429, 51.6925541], [71.2007827, 51.6931622], [71.1980135, 51.6946752], [71.1952602, 51.6962469], [71.1890416, 51.6997703], [71.1886469, 51.699991], [71.188906, 51.7001785], [71.1935753, 51.7032748], [71.194767, 51.7039821], [71.195181, 51.704249], [71.1954159, 51.7043721], [71.1955922, 51.7044588], [71.1956187, 51.7045088], [71.1956033, 51.7045715], [71.1953376, 51.7046703], [71.1942411, 51.7049667], [71.1940229, 51.7049823], [71.1935641, 51.704932], [71.1928341, 51.7048141], [71.1919361, 51.7046183], [71.1914858, 51.704542], [71.1910438, 51.7045316], [71.190683, 51.7046027], [71.1903361, 51.7047517], [71.1879941, 51.7061686], [71.1878458, 51.7062059], [71.1877325, 51.7061721], [71.1875843, 51.7061001], [71.1874486, 51.7059745], [71.1868638, 51.7055317], [71.1860108, 51.7050085], [71.1845743, 51.7040091], [71.1835047, 51.7033271], [71.183183, 51.7031174], [71.1830025, 51.7030931], [71.1828851, 51.7031139], [71.1810525, 51.7041897], [71.179387, 51.7051495], [71.1782853, 51.7057514], [71.1769482, 51.7065003], [71.1756527, 51.7071842], [71.1741538, 51.7080252], [71.1726249, 51.7088966], [71.170995, 51.7098342], [71.1703928, 51.7101549]]]}, "properties": {"district_en": "Shortandy", "district_ru": "Шортандинский", "area_ha": 363.51, "source": "OSM ODbL", "demo": false, "osm_type": "way", "osm_id": 298205408, "osm_name": null}}, {"type": "Feature", "geometry": {"type": "Polygon", "coordinates": [[[71.0216496, 51.6718832], [71.023221, 51.6721466], [71.0236882, 51.6718656], [71.0263072, 51.6722519], [71.0276946, 51.6697234], [71.029719, 51.6661147], [71.0251039, 51.6653156], [71.0216496, 51.6718832]]]}, "properties": {"district_en": "Shortandy", "district_ru": "Шортандинский", "area_ha": 23.98, "source": "OSM ODbL", "demo": false, "osm_type": "way", "osm_id": 314363311, "osm_name": null}}, {"type": "Feature", "geometry": {"type": "Polygon", "coordinates": [[[71.0106996, 51.6704808], [71.0102194, 51.6714074], [71.0204172, 51.672966], [71.0221418, 51.6695559], [71.0235902, 51.6667744], [71.0245183, 51.665204], [71.0145887, 51.6632275], [71.0134649, 51.6652788], [71.0163483, 51.6658528], [71.0136446, 51.6710464], [71.0106996, 51.6704808]]]}, "properties": {"district_en": "Shortandy", "district_ru": "Шортандинский", "area_ha": 54.21, "source": "OSM ODbL", "demo": false, "osm_type": "way", "osm_id": 314363382, "osm_name": null}}, {"type": "Feature", "geometry": {"type": "Polygon", "coordinates": [[[70.9942875, 51.6702699], [70.9931074, 51.6681672], [70.9967123, 51.6607406], [71.0137282, 51.6636821], [71.013063, 51.6649332], [71.0094796, 51.6713478], [71.0003172, 51.6699771], [70.9942875, 51.6702699]]]}, "properties": {"district_en": "Shortandy", "district_ru": "Шортандинский", "area_ha": 113.47, "source": "OSM ODbL", "demo": false, "osm_type": "way", "osm_id": 314363537, "osm_name": null}}, {"type": "Feature", "geometry": {"type": "Polygon", "coordinates": [[[71.0147312, 51.6628899], [71.0245254, 51.6648758], [71.0263064, 51.6612564], [71.0187638, 51.6596108], [71.0181052, 51.6596057], [71.0174629, 51.6595149], [71.016659, 51.6594024], [71.0147312, 51.6628899]]]}, "properties": {"district_en": "Shortandy", "district_ru": "Шортандинский", "area_ha": 29.9, "source": "OSM ODbL", "demo": false, "osm_type": "way", "osm_id": 314363569, "osm_name": null}}, {"type": "Feature", "geometry": {"type": "Polygon", "coordinates": [[[71.016666, 51.6591618], [71.0184974, 51.655416], [71.0282534, 51.6573392], [71.0266119, 51.6610465], [71.0253824, 51.6608162], [71.0244148, 51.660675], [71.0202518, 51.6598226], [71.0192761, 51.6596208], [71.0183817, 51.6594897], [71.0175523, 51.6594191], [71.016666, 51.6591618]]]}, "properties": {"district_en": "Shortandy", "district_ru": "Шортандинский", "area_ha": 30.78, "source": "OSM ODbL", "demo": false, "osm_type": "way", "osm_id": 314363644, "osm_name": null}}, {"type": "Feature", "geometry": {"type": "Polygon", "coordinates": [[[71.018563, 51.6552098], [71.0202131, 51.6521378], [71.0300407, 51.653975], [71.0284522, 51.6570634], [71.018563, 51.6552098]]]}, "properties": {"district_en": "Shortandy", "district_ru": "Шортандинский", "area_ha": 25.59, "source": "OSM ODbL", "demo": false, "osm_type": "way", "osm_id": 314363652, "osm_name": null}}, {"type": "Feature", "geometry": {"type": "Polygon", "coordinates": [[[71.0204055, 51.6518394], [71.022813, 51.652236], [71.0239246, 51.6500476], [71.024301, 51.6494058], [71.0249271, 51.6481496], [71.025545, 51.6469539], [71.028302, 51.6416859], [71.0259851, 51.6412427], [71.0223325, 51.6482171], [71.0212511, 51.6502705], [71.0204055, 51.6518394]]]}, "properties": {"district_en": "Shortandy", "district_ru": "Шортандинский", "area_ha": 20.78, "source": "OSM ODbL", "demo": false, "osm_type": "way", "osm_id": 314363830, "osm_name": null}}, {"type": "Feature", "geometry": {"type": "Polygon", "coordinates": [[[71.0234066, 51.6522915], [71.025358, 51.6526396], [71.0308125, 51.6422373], [71.0288741, 51.6418101], [71.0234066, 51.6522915]]]}, "properties": {"district_en": "Shortandy", "district_ru": "Шортандинский", "area_ha": 17.2, "source": "OSM ODbL", "demo": false, "osm_type": "way", "osm_id": 314363873, "osm_name": null}}, {"type": "Feature", "geometry": {"type": "Polygon", "coordinates": [[[71.0349912, 51.6541901], [71.03664, 51.6544631], [71.0373075, 51.6545435], [71.0413006, 51.6470861], [71.0416089, 51.6464833], [71.0419544, 51.6458458], [71.0426678, 51.6445991], [71.0402224, 51.6440987], [71.039318, 51.6458084], [71.0386838, 51.6470446], [71.0380827, 51.648256], [71.0374382, 51.6495136], [71.0367751, 51.6507422], [71.0359719, 51.6522952], [71.0349912, 51.6541901]]]}, "properties": {"district_en": "Shortandy", "district_ru": "Шортандинский", "area_ha": 19.92, "source": "OSM ODbL", "demo": false, "osm_type": "way", "osm_id": 314363898, "osm_name": null}}, {"type": "Feature", "geometry": {"type": "Polygon", "coordinates": [[[71.0318853, 51.6537408], [71.0344817, 51.6541402], [71.03534, 51.6525294], [71.0397603, 51.6440748], [71.0372658, 51.6435681], [71.0318853, 51.6537408]]]}, "properties": {"district_en": "Shortandy", "district_ru": "Шортандинский", "area_ha": 21.66, "source": "OSM ODbL", "demo": false, "osm_type": "way", "osm_id": 314363908, "osm_name": null}}, {"type": "Feature", "geometry": {"type": "Polygon", "coordinates": [[[71.0291154, 51.6532508], [71.0303389, 51.653471], [71.0315905, 51.6536681], [71.0322029, 51.6524197], [71.0328772, 51.6511361], [71.0341902, 51.6485939], [71.0368218, 51.6434976], [71.0343744, 51.6430283], [71.033358, 51.6450314], [71.0291154, 51.6532508]]]}, "properties": {"district_en": "Shortandy", "district_ru": "Шортандинский", "area_ha": 20.91, "source": "OSM ODbL", "demo": false, "osm_type": "way", "osm_id": 314363919, "osm_name": null}}, {"type": "Feature", "geometry": {"type": "Polygon", "coordinates": [[[71.0286882, 51.6531817], [71.0302175, 51.6501274], [71.0339238, 51.6428897], [71.0314245, 51.6423517], [71.0306414, 51.6438568], [71.0295164, 51.6460598], [71.026624, 51.6515927], [71.0260463, 51.6527364], [71.0286882, 51.6531817]]]}, "properties": {"district_en": "Shortandy", "district_ru": "Шортандинский", "area_ha": 22.3, "source": "OSM ODbL", "demo": false, "osm_type": "way", "osm_id": 314363922, "osm_name": null}}, {"type": "Feature", "geometry": {"type": "Polygon", "coordinates": [[[71.0105242, 51.6629722], [71.0137054, 51.6635861], [71.016865, 51.6574948], [71.0137107, 51.6568958], [71.0105242, 51.6629722]]]}, "properties": {"district_en": "Shortandy", "district_ru": "Шортандинский", "area_ha": 16.26, "source": "OSM ODbL", "demo": false, "osm_type": "way", "osm_id": 314363987, "osm_name": null}}, {"type": "Feature", "geometry": {"type": "Polygon", "coordinates": [[[70.9968128, 51.6604832], [71.0102023, 51.6628923], [71.0133674, 51.6568159], [71.0030248, 51.6548058], [71.0000636, 51.6540071], [70.9968128, 51.6604832]]]}, "properties": {"district_en": "Shortandy", "district_ru": "Шортандинский", "area_ha": 69.79, "source": "OSM ODbL", "demo": false, "osm_type": "way", "osm_id": 314363998, "osm_name": null}}, {"type": "Feature", "geometry": {"type": "Polygon", "coordinates": [[[71.0692419, 51.2279171], [71.0682978, 51.2279575], [71.0669889, 51.2283337], [71.0660662, 51.2290727], [71.0596718, 51.2316123], [71.0560669, 51.2333455], [71.0548867, 51.233668], [71.0543503, 51.2340038], [71.0520543, 51.2353474], [71.0503377, 51.2360326], [71.0493721, 51.2362475], [71.0435571, 51.2381418], [71.0406174, 51.2391628], [71.0399951, 51.2389344], [71.0370554, 51.2357773], [71.0329785, 51.2324453], [71.045896, 51.2265062], [71.0543718, 51.2224747], [71.0526981, 51.2211577], [71.0581268, 51.2184832], [71.0595431, 51.2197734], [71.0601439, 51.2195584], [71.0684265, 51.2265465], [71.0692419, 51.2279171]]]}, "properties": {"district_en": "Tselinograd", "district_ru": "Целиноградский", "area_ha": 252.34, "source": "OSM ODbL", "demo": false, "osm_type": "way", "osm_id": 570259445, "osm_name": null}}, {"type": "Feature", "geometry": {"type": "Polygon", "coordinates": [[[71.0766943, 51.3109604], [71.0801061, 51.3161107], [71.0834964, 51.3208581], [71.0864575, 51.3248542], [71.089526, 51.3294264], [71.0948475, 51.3272543], [71.1013706, 51.3246933], [71.1036451, 51.3236876], [71.1096104, 51.3213677], [71.115125, 51.3191014], [71.1142023, 51.3179078], [71.1118205, 51.3144208], [71.1013277, 51.2996652], [71.0942467, 51.3019191], [71.094075, 51.3023886], [71.0945471, 51.3028582], [71.095341, 51.3030728], [71.097122, 51.3026972], [71.0990317, 51.3029789], [71.0993965, 51.3035289], [71.0977014, 51.3039985], [71.0965856, 51.3040119], [71.0945256, 51.3045619], [71.0915001, 51.3047631], [71.0876377, 51.305957], [71.0848053, 51.3072985], [71.0801275, 51.3093239], [71.0766943, 51.3108262], [71.0766943, 51.3109604]]]}, "properties": {"district_en": "Tselinograd", "district_ru": "Целиноградский", "area_ha": 474.7, "source": "OSM ODbL", "demo": false, "osm_type": "way", "osm_id": 590439762, "osm_name": null}}, {"type": "Feature", "geometry": {"type": "Polygon", "coordinates": [[[71.1183919, 51.3174015], [71.1166109, 51.3167712], [71.1152806, 51.316731], [71.1145939, 51.317187], [71.1139287, 51.3170797], [71.1111607, 51.3132171], [71.10747, 51.3080664], [71.1015477, 51.299749], [71.1017193, 51.2995478], [71.1157955, 51.2950933], [71.1195721, 51.2939126], [71.1214175, 51.2944627], [71.1224689, 51.2969718], [71.1226835, 51.2968242], [71.122383, 51.2944225], [71.1203231, 51.2937918], [71.1204304, 51.2936308], [71.1215462, 51.2934161], [71.1220183, 51.2935905], [71.1224903, 51.2935637], [71.1238422, 51.2953885], [71.1269535, 51.2996149], [71.1304297, 51.3044043], [71.1351289, 51.3107223], [71.1318888, 51.3119563], [71.128241, 51.3136328], [71.1214818, 51.3163823], [71.1183919, 51.3174015]]]}, "properties": {"district_en": "Tselinograd", "district_ru": "Целиноградский", "area_ha": 359.32, "source": "OSM ODbL", "demo": false, "osm_type": "way", "osm_id": 590440684, "osm_name": null}}, {"type": "Feature", "geometry": {"type": "Polygon", "coordinates": [[[71.1227693, 51.2934564], [71.1229195, 51.2937784], [71.1257948, 51.2976426], [71.1364164, 51.2941138], [71.1430468, 51.2917254], [71.1432184, 51.2912155], [71.1450638, 51.2908397], [71.1462654, 51.2916046], [71.1479391, 51.2928794], [71.1491622, 51.292866], [71.151072, 51.2922084], [71.1522736, 51.2928928], [71.1522736, 51.2943151], [71.1513938, 51.2943151], [71.1497845, 51.2941138], [71.1496128, 51.294503], [71.1508574, 51.2964888], [71.1516942, 51.297911], [71.1525096, 51.3005272], [71.1542477, 51.3060409], [71.1562433, 51.3056116], [71.1623587, 51.3040555], [71.1623372, 51.3038006], [71.1557068, 51.2924231], [71.1520161, 51.2864113], [71.150793, 51.2841835], [71.1227693, 51.2934564]]]}, "properties": {"district_en": "Tselinograd", "district_ru": "Целиноградский", "area_ha": 200.16, "source": "OSM ODbL", "demo": false, "osm_type": "way", "osm_id": 590440685, "osm_name": null}}, {"type": "Feature", "geometry": {"type": "Polygon", "coordinates": [[[71.1551275, 51.2870018], [71.1531748, 51.2876459], [71.1562862, 51.2930001], [71.1596336, 51.298877], [71.1625518, 51.3038274], [71.1752548, 51.3000979], [71.1772503, 51.2994807], [71.1751689, 51.2961667], [71.1780228, 51.2953617], [71.1774864, 51.2941809], [71.1738385, 51.2877801], [71.1704268, 51.2817274], [71.1701264, 51.2815932], [71.1551275, 51.2870018]]]}, "properties": {"district_en": "Tselinograd", "district_ru": "Целиноградский", "area_ha": 255.7, "source": "OSM ODbL", "demo": false, "osm_type": "way", "osm_id": 590440876, "osm_name": null}}, {"type": "Feature", "geometry": {"type": "Polygon", "coordinates": [[[71.204404, 51.2383001], [71.2017647, 51.2345518], [71.2002412, 51.2321737], [71.1987606, 51.229997], [71.2052408, 51.228398], [71.2064854, 51.2302792], [71.2149611, 51.2282233], [71.2171069, 51.2286937], [71.2182656, 51.2304942], [71.2203041, 51.2343502], [71.2201754, 51.2344712], [71.204404, 51.2383001]]]}, "properties": {"district_en": "Tselinograd", "district_ru": "Целиноградский", "area_ha": 105.43, "source": "OSM ODbL", "demo": false, "osm_type": "way", "osm_id": 606696580, "osm_name": null}}, {"type": "Feature", "geometry": {"type": "Polygon", "coordinates": [[[71.2173, 51.2315019], [71.2148539, 51.2270408], [71.2160126, 51.2265705], [71.2160126, 51.2261539], [71.2172142, 51.2258852], [71.2172786, 51.2254417], [71.2210981, 51.2245682], [71.2241665, 51.2299164], [71.2173, 51.2315019]]]}, "properties": {"district_en": "Tselinograd", "district_ru": "Целиноградский", "area_ha": 30.5, "source": "OSM ODbL", "demo": false, "osm_type": "way", "osm_id": 606696581, "osm_name": null}}, {"type": "Feature", "geometry": {"type": "Polygon", "coordinates": [[[71.2243382, 51.2298626], [71.2308613, 51.2283174], [71.2308184, 51.2259524], [71.2306038, 51.2247295], [71.222407, 51.2266108], [71.2243382, 51.2298626]]]}, "properties": {"district_en": "Tselinograd", "district_ru": "Целиноградский", "area_ha": 21.12, "source": "OSM ODbL", "demo": false, "osm_type": "way", "osm_id": 606696582, "osm_name": null}}, {"type": "Feature", "geometry": {"type": "Polygon", "coordinates": [[[71.2223855, 51.2265168], [71.2212053, 51.2244742], [71.2210337, 51.2240038], [71.2213609, 51.2238224], [71.2220637, 51.2237082], [71.2236462, 51.2233823], [71.2239627, 51.2238527], [71.226441, 51.2232513], [71.2262264, 51.2228481], [71.2295953, 51.2220418], [71.2300888, 51.222109], [71.2303463, 51.2232782], [71.2305609, 51.2246489], [71.2223855, 51.2265168]]]}, "properties": {"district_en": "Tselinograd", "district_ru": "Целиноградский", "area_ha": 17.98, "source": "OSM ODbL", "demo": false, "osm_type": "way", "osm_id": 606696583, "osm_name": null}}, {"type": "Feature", "geometry": {"type": "Polygon", "coordinates": [[[71.2316338, 51.2281964], [71.2311832, 51.2280486], [71.2311188, 51.2258852], [71.2463752, 51.2220687], [71.247212, 51.2240038], [71.2403456, 51.2258717], [71.2398735, 51.2261808], [71.2316338, 51.2281964]]]}, "properties": {"district_en": "Tselinograd", "district_ru": "Целиноградский", "area_ha": 28.55, "source": "OSM ODbL", "demo": false, "osm_type": "way", "osm_id": 606696584, "osm_name": null}}, {"type": "Feature", "geometry": {"type": "Polygon", "coordinates": [[[71.2310973, 51.2257239], [71.2306682, 51.223305], [71.2305823, 51.222109], [71.2303678, 51.2218536], [71.2301532, 51.2210607], [71.229724, 51.2199856], [71.229767, 51.2185341], [71.2314675, 51.2180637], [71.2310115, 51.2172035], [71.2375346, 51.2165987], [71.2398735, 51.2173916], [71.2413112, 51.2180502], [71.243693, 51.2195824], [71.2446371, 51.220214], [71.2456027, 51.2209129], [71.2462679, 51.2217596], [71.2463108, 51.2219746], [71.2385002, 51.2239098], [71.2319127, 51.2255627], [71.2310973, 51.2257239]]]}, "properties": {"district_en": "Tselinograd", "district_ru": "Целиноградский", "area_ha": 74.1, "source": "OSM ODbL", "demo": false, "osm_type": "way", "osm_id": 606696585, "osm_name": null}}, {"type": "Feature", "geometry": {"type": "Polygon", "coordinates": [[[71.0993794, 51.1051691], [71.1082414, 51.1122824], [71.1153225, 51.1180476], [71.1285404, 51.1121476], [71.1288623, 51.1117974], [71.1280039, 51.1108544], [71.1265663, 51.1095342], [71.1256865, 51.1087932], [71.1249784, 51.1079041], [71.1241416, 51.1069071], [71.1236695, 51.1062604], [71.1226181, 51.1054251], [71.1218241, 51.1048996], [71.1217598, 51.1042664], [71.1202148, 51.1023801], [71.118069, 51.0999951], [71.1171678, 51.098971], [71.1158589, 51.0975696], [71.0993794, 51.1051691]]]}, "properties": {"district_en": "Tselinograd", "district_ru": "Целиноградский", "area_ha": 234.77, "source": "OSM ODbL", "demo": false, "osm_type": "way", "osm_id": 606700251, "osm_name": null}}, {"type": "Feature", "geometry": {"type": "Polygon", "coordinates": [[[71.1177257, 51.0990923], [71.1211589, 51.1032424], [71.1224893, 51.1046167], [71.1232189, 51.1054251], [71.123648, 51.1060583], [71.1248282, 51.1073786], [71.1257294, 51.1084295], [71.1263088, 51.1091165], [71.127446, 51.1097363], [71.1299995, 51.1083352], [71.1314586, 51.1080118], [71.1314586, 51.1078097], [71.1296562, 51.1056945], [71.1333254, 51.1040912], [71.133304, 51.1032963], [71.1337975, 51.1030268], [71.1342481, 51.1019624], [71.1310724, 51.0989441], [71.1177257, 51.0990923]]]}, "properties": {"district_en": "Tselinograd", "district_ru": "Целиноградский", "area_ha": 78.62, "source": "OSM ODbL", "demo": false, "osm_type": "way", "osm_id": 606700252, "osm_name": null}}, {"type": "Feature", "geometry": {"type": "Polygon", "coordinates": [[[71.1155585, 51.1182631], [71.1234335, 51.1249434], [71.1312226, 51.1316901], [71.1465219, 51.1244316], [71.1467794, 51.1241219], [71.1421446, 51.1206875], [71.1387542, 51.1182631], [71.1376384, 51.1174954], [71.1363295, 51.1176839], [71.1362437, 51.1175088], [71.1364368, 51.1168353], [71.1361579, 51.1163504], [71.134334, 51.1148418], [71.1329821, 51.1136564], [71.1321667, 51.1128751], [71.1313513, 51.1122285], [71.1299781, 51.1120668], [71.1290339, 51.1122015], [71.125708, 51.1137507], [71.1229614, 51.1148822], [71.1155585, 51.1182631]]]}, "properties": {"district_en": "Tselinograd", "district_ru": "Целиноградский", "area_ha": 239.45, "source": "OSM ODbL", "demo": false, "osm_type": "way", "osm_id": 606700253, "osm_name": null}}, {"type": "Feature", "geometry": {"type": "Polygon", "coordinates": [[[71.1313943, 51.131892], [71.1382822, 51.1381261], [71.1442045, 51.1434169], [71.1492041, 51.1440765], [71.1498479, 51.14374], [71.1501268, 51.1438477], [71.1504701, 51.1442785], [71.1533669, 51.1430265], [71.15356, 51.142138], [71.1539463, 51.1420303], [71.1548475, 51.1421245], [71.1561993, 51.1417476], [71.157358, 51.1408456], [71.1584953, 51.140159], [71.1593107, 51.1399301], [71.1604909, 51.1396609], [71.1617569, 51.1389069], [71.1602977, 51.137601], [71.157401, 51.1350967], [71.1514786, 51.130155], [71.1493543, 51.1282966], [71.1483244, 51.1278388], [71.1484746, 51.1276503], [71.1493114, 51.1272463], [71.1491398, 51.1268692], [71.1467794, 51.1245394], [71.1408785, 51.1273944], [71.1313943, 51.131892]]]}, "properties": {"district_en": "Tselinograd", "district_ru": "Целиноградский", "area_ha": 238.84, "source": "OSM ODbL", "demo": false, "osm_type": "way", "osm_id": 606700254, "osm_name": null}}, {"type": "Feature", "geometry": {"type": "Polygon", "coordinates": [[[68.3329788, 51.7678522], [68.3327002, 51.7681587], [68.3322514, 51.7683215], [68.3316621, 51.7683686], [68.3314631, 51.7686508], [68.3315392, 51.7744645], [68.3237223, 51.781986], [68.3238461, 51.7844374], [68.3228245, 51.7849544], [68.3083677, 51.7815072], [68.3055197, 51.7820626], [68.3036933, 51.7830968], [68.2954576, 51.7831433], [68.2936188, 51.783387], [68.2933562, 51.7844974], [68.2912548, 51.7844974], [68.2900289, 51.7849308], [68.2895036, 51.7858786], [68.2893285, 51.7861765], [68.2871395, 51.7864474], [68.2783836, 51.784687], [68.2381066, 51.7755956], [68.2221709, 51.776029], [68.1943272, 51.7676852], [68.1878478, 51.7677935], [68.1617553, 51.7706111], [68.1706863, 51.7608572], [68.1738384, 51.751318], [68.1696356, 51.7441624], [68.170161, 51.7310406], [68.1829445, 51.7311491], [68.1846957, 51.7335351], [68.2195441, 51.7342943], [68.231277, 51.7353788], [68.2324153, 51.7434033], [68.2344729, 51.7475235], [68.2367932, 51.7497732], [68.2427034, 51.751318], [68.249927, 51.7513994], [68.2582889, 51.7475506], [68.2638051, 51.7473609], [68.2622829, 51.7440998], [68.2577013, 51.730297], [68.2631497, 51.7286097], [68.2727556, 51.7275515], [68.2694465, 51.7175217], [68.265769, 51.7173047], [68.2631423, 51.7167623], [68.2629671, 51.708516], [68.2939629, 51.6999426], [68.3111245, 51.6997255], [68.3211062, 51.7043923], [68.3274104, 51.7051519], [68.3319907, 51.7087545], [68.3326156, 51.7316715], [68.3304486, 51.7317674], [68.3328164, 51.7381435], [68.3327675, 51.7600937], [68.3300751, 51.7594705], [68.3274653, 51.7554684], [68.3251745, 51.7540887], [68.3215835, 51.7534371], [68.3173115, 51.7534179], [68.311956, 51.7540887], [68.3086127, 51.754951], [68.3072506, 51.7557367], [68.3080864, 51.7567714], [68.3081793, 51.7590134], [68.310532, 51.7598373], [68.3115845, 51.7598373], [68.3142158, 51.7614851], [68.3269667, 51.7647327], [68.3288396, 51.7646943], [68.3333592, 51.7640046], [68.3329788, 51.7678522]]]}, "properties": {"district_en": "Atbasar", "district_ru": "Атбасарский", "area_ha": 6525.98, "source": "OSM ODbL", "demo": false, "osm_type": "way", "osm_id": 206543108, "osm_name": null}}, {"type": "Feature", "geometry": {"type": "Polygon", "coordinates": [[[68.1287842, 51.7379042], [68.1291917, 51.7379264], [68.1308611, 51.7384134], [68.1335744, 51.7391749], [68.1352223, 51.7397083], [68.1362733, 51.740202], [68.1372206, 51.7406469], [68.1386398, 51.7410785], [68.1392367, 51.7413043], [68.1398051, 51.741716], [68.1404343, 51.7420857], [68.1407453, 51.7423269], [68.1415496, 51.7431902], [68.1419643, 51.7433562], [68.1436908, 51.7440778], [68.1440269, 51.7442593], [68.1440376, 51.7444518], [68.1439018, 51.7450162], [68.1438982, 51.74545], [68.1439766, 51.7458462], [68.1442294, 51.7462296], [68.1444316, 51.7463532], [68.1447248, 51.7463548], [68.1453391, 51.7462812], [68.1459154, 51.7462155], [68.1465499, 51.746239], [68.1475609, 51.7463313], [68.1496799, 51.7465644], [68.1521943, 51.7467342], [68.1529779, 51.7467999], [68.1536048, 51.7469971], [68.1540142, 51.7470566], [68.154449, 51.7470128], [68.1551163, 51.7469377], [68.1562083, 51.7470096], [68.1583922, 51.7471724], [68.1604065, 51.7472877], [68.1615683, 51.7473297], [68.1623726, 51.7473762], [68.1629339, 51.7474315], [68.1632627, 51.7475267], [68.1637346, 51.747717], [68.1644352, 51.7479937], [68.1653218, 51.748308], [68.1660439, 51.7485514], [68.1666873, 51.7487506], [68.1672986, 51.7489232], [68.1674666, 51.7489985], [68.168034, 51.7491687], [68.1689491, 51.7499575], [68.1697175, 51.7507336], [68.1701977, 51.7515067], [68.1706426, 51.7522954], [68.1712189, 51.7530621], [68.171315, 51.7535879], [68.1712594, 51.7541981], [68.1711431, 51.7546863], [68.170764, 51.7550212], [68.1703899, 51.7554092], [68.1703191, 51.7557065], [68.1703292, 51.756467], [68.1701523, 51.7568894], [68.1699601, 51.7573338], [68.1697074, 51.7579315], [68.1692878, 51.7583883], [68.1688631, 51.7588014], [68.1686508, 51.7591331], [68.1686195, 51.7596023], [68.1686338, 51.7602241], [68.1685623, 51.7606179], [68.1684121, 51.7606511], [68.1685021, 51.7607949], [68.1684718, 51.7610327], [68.1681381, 51.7614677], [68.1677893, 51.7621999], [68.167764, 51.7626191], [68.1677185, 51.7630009], [68.1676124, 51.7632168], [68.1673748, 51.7633857], [68.1670664, 51.7635453], [68.1669602, 51.7636485], [68.1668338, 51.7638676], [68.1667024, 51.7640928], [68.1664041, 51.7642931], [68.1660957, 51.7644464], [68.1658379, 51.7645841], [68.1656205, 51.7647029], [68.1652515, 51.7649877], [68.1643314, 51.7659357], [68.1632091, 51.7669869], [68.1621272, 51.7677503], [68.1611313, 51.7685387], [68.1603022, 51.7689673], [68.1598826, 51.7692332], [68.1596602, 51.7694991], [68.1594478, 51.7700591], [68.1594023, 51.7706535], [68.1595995, 51.7712353], [68.1595641, 51.7713573], [68.1591344, 51.7714481], [68.1581081, 51.7714449], [68.1569151, 51.7713636], [68.1539189, 51.7711507], [68.1506683, 51.7709598], [68.1477968, 51.7709035], [68.145532, 51.7708222], [68.1440002, 51.7708253], [68.1430447, 51.7708847], [68.1419072, 51.7708253], [68.1409012, 51.7707221], [68.139152, 51.770672], [68.1370692, 51.7705907], [68.1350824, 51.7704781], [68.1317155, 51.7703654], [68.1286367, 51.7701777], [68.1259624, 51.7701621], [68.1236723, 51.76999], [68.1219838, 51.7699525], [68.1197897, 51.7700901], [68.1197796, 51.7700213], [68.1208108, 51.7683881], [68.1212612, 51.7675696], [68.121154, 51.7673351], [68.1209038, 51.7672223], [68.1202746, 51.7671869], [68.119885, 51.7671471], [68.1197634, 51.7670343], [68.119767, 51.7667732], [68.1202496, 51.7656737], [68.1203854, 51.76526], [68.1202853, 51.7651206], [68.1199207, 51.7650255], [68.1187697, 51.7647866], [68.1183335, 51.7647224], [68.1185194, 51.7644857], [68.1191057, 51.7636339], [68.1201602, 51.7620387], [68.1212352, 51.7605911], [68.1220441, 51.7596649], [68.1224637, 51.7589671], [68.1225901, 51.7583382], [68.1229473, 51.7574388], [68.1233227, 51.7567949], [68.1236372, 51.755788], [68.1240662, 51.7540864], [68.1244523, 51.7527498], [68.1248133, 51.7514043], [68.1253174, 51.7500078], [68.125589, 51.7489389], [68.1259751, 51.7475689], [68.1262003, 51.7466305], [68.1266257, 51.7454088], [68.1269403, 51.744623], [68.1270332, 51.7443287], [68.1271119, 51.7436602], [68.1272799, 51.7428966], [68.1273836, 51.7421772], [68.1275802, 51.7419581], [68.1276803, 51.7417566], [68.1275945, 51.7415906], [68.1275766, 51.741449], [68.1278054, 51.7404839], [68.1281628, 51.7397578], [68.1285453, 51.7389985], [68.1287205, 51.7384584], [68.1287455, 51.738133], [68.1287842, 51.7379042]]]}, "properties": {"district_en": "Atbasar", "district_ru": "Атбасарский", "area_ha": 897.11, "source": "OSM ODbL", "demo": false, "osm_type": "way", "osm_id": 296755880, "osm_name": null}}, {"type": "Feature", "geometry": {"type": "Polygon", "coordinates": [[[68.1144651, 51.7690936], [68.1151979, 51.7692462], [68.1172283, 51.7695072], [68.1185867, 51.7696886], [68.1189227, 51.7699076], [68.1191694, 51.7700359], [68.1196305, 51.7701532], [68.1200917, 51.7701576], [68.1206672, 51.770089], [68.1216932, 51.7700359], [68.1231195, 51.7700536], [68.1249891, 51.7701886], [68.1260365, 51.7702704], [68.1272125, 51.7702682], [68.1286281, 51.7702925], [68.1297935, 51.770339], [68.1311412, 51.7704739], [68.1321743, 51.7704783], [68.1335362, 51.7705137], [68.1352485, 51.7705867], [68.1371789, 51.7707128], [68.1384551, 51.7707703], [68.1409896, 51.7708389], [68.142255, 51.7709584], [68.1432345, 51.7709849], [68.1443605, 51.7709385], [68.1453865, 51.7709252], [68.146752, 51.7709716], [68.1488182, 51.7710336], [68.1499049, 51.7710977], [68.1508379, 51.7710889], [68.1528362, 51.7711574], [68.1539265, 51.7712304], [68.1553564, 51.7713167], [68.1564252, 51.7713875], [68.1569007, 51.7714229], [68.1570973, 51.7715158], [68.1571044, 51.771768], [68.1570258, 51.772259], [68.1568864, 51.772436], [68.1564824, 51.7725267], [68.1550847, 51.7724891], [68.1533617, 51.7724227], [68.1509702, 51.7723851], [68.1493509, 51.7723542], [68.1480425, 51.7723696], [68.1476493, 51.77229], [68.1471417, 51.7722679], [68.1465411, 51.7724426], [68.145962, 51.7725599], [68.1451005, 51.7726506], [68.142695, 51.7729989], [68.1376149, 51.7736356], [68.1335326, 51.7741112], [68.1290713, 51.7746553], [68.1248451, 51.7751954], [68.1211698, 51.7756365], [68.1165511, 51.7761205], [68.1157182, 51.7761471], [68.1132266, 51.7764567], [68.1111926, 51.7767288], [68.1097627, 51.7768305], [68.1096876, 51.7767642], [68.109684, 51.7765917], [68.1097269, 51.776209], [68.109634, 51.775676], [68.1092872, 51.7747381], [68.1091049, 51.7740613], [68.1092014, 51.7736587], [68.1094946, 51.773296], [68.1103954, 51.7722696], [68.1109352, 51.7715817], [68.1116573, 51.7709999], [68.1129585, 51.7701018], [68.1138236, 51.7694802], [68.1143205, 51.7691882], [68.1144651, 51.7690936]]]}, "properties": {"district_en": "Atbasar", "district_ru": "Атбасарский", "area_ha": 132.85, "source": "OSM ODbL", "demo": false, "osm_type": "way", "osm_id": 296755911, "osm_name": null}}, {"type": "Feature", "geometry": {"type": "Polygon", "coordinates": [[[68.3342834, 51.7519244], [68.3338327, 51.735537], [68.3372451, 51.7351384], [68.3474105, 51.7334507], [68.3482474, 51.7335304], [68.3478294, 51.7513268], [68.3368644, 51.7518316], [68.3342834, 51.7519244]]]}, "properties": {"district_en": "Atbasar", "district_ru": "Атбасарский", "area_ha": 183.49, "source": "OSM ODbL", "demo": false, "osm_type": "way", "osm_id": 844659436, "osm_name": null}}, {"type": "Feature", "geometry": {"type": "Polygon", "coordinates": [[[68.343881, 51.7516722], [68.3440527, 51.7535319], [68.3443746, 51.7539436], [68.3511388, 51.753678], [68.3680135, 51.7471775], [68.3681422, 51.7444467], [68.3711101, 51.7413995], [68.3737923, 51.7391806], [68.3745004, 51.7372192], [68.3744361, 51.7366079], [68.3737494, 51.7353987], [68.3731701, 51.734202], [68.3737709, 51.7312252], [68.3751013, 51.7290989], [68.3754017, 51.7276768], [68.3757021, 51.7280091], [68.3754231, 51.7295508], [68.3742859, 51.7321557], [68.3739855, 51.7344148], [68.3748009, 51.73585], [68.375509, 51.7379097], [68.3768179, 51.7362487], [68.3778049, 51.7347224], [68.3779337, 51.7341224], [68.3776333, 51.7326607], [68.3769895, 51.7300688], [68.377526, 51.727318], [68.3788134, 51.7264408], [68.3781697, 51.7258294], [68.3672511, 51.7228786], [68.3658135, 51.7230381], [68.3652556, 51.7231577], [68.3623588, 51.7231843], [68.3618223, 51.7228254], [68.3541393, 51.7226792], [68.350165, 51.7225729], [68.3493925, 51.7225197], [68.3488132, 51.7227191], [68.3484698, 51.7272727], [68.3482767, 51.7298436], [68.3485128, 51.732794], [68.3484484, 51.7333521], [68.3482553, 51.7389362], [68.3482338, 51.7444071], [68.3480407, 51.7514266], [68.343881, 51.7516722]]]}, "properties": {"district_en": "Atbasar", "district_ru": "Атбасарский", "area_ha": 539.67, "source": "OSM ODbL", "demo": false, "osm_type": "way", "osm_id": 844659437, "osm_name": null}}, {"type": "Feature", "geometry": {"type": "Polygon", "coordinates": [[[68.3985777, 51.7446036], [68.3986421, 51.7421988], [68.4016033, 51.7417204], [68.4037061, 51.7397805], [68.4127328, 51.739039], [68.4139988, 51.7385474], [68.4161874, 51.7384544], [68.4167024, 51.7389327], [68.4174105, 51.7402349], [68.4189769, 51.7451509], [68.4188911, 51.7453236], [68.3985777, 51.7446036]]]}, "properties": {"district_en": "Atbasar", "district_ru": "Атбасарский", "area_ha": 76.99, "source": "OSM ODbL", "demo": false, "osm_type": "way", "osm_id": 844659438, "osm_name": null}}, {"type": "Feature", "geometry": {"type": "Polygon", "coordinates": [[[68.419976, 51.7457354], [68.4186456, 51.7431417], [68.4171865, 51.7391025], [68.4169719, 51.7372422], [68.4219072, 51.7365379], [68.4345776, 51.7370961], [68.4355218, 51.7408741], [68.4335906, 51.741379], [68.4318525, 51.742907], [68.4321315, 51.7455509], [68.419976, 51.7457354]]]}, "properties": {"district_en": "Atbasar", "district_ru": "Атбасарский", "area_ha": 104.97, "source": "OSM ODbL", "demo": false, "osm_type": "way", "osm_id": 844659439, "osm_name": null}}, {"type": "Feature", "geometry": {"type": "Polygon", "coordinates": [[[68.4185393, 51.7362205], [68.4206636, 51.7307738], [68.4228095, 51.7299764], [68.4348559, 51.7307738], [68.4416124, 51.7346619], [68.4406253, 51.7350207], [68.4395953, 51.7372], [68.4185393, 51.7362205]]]}, "properties": {"district_en": "Atbasar", "district_ru": "Атбасарский", "area_ha": 92.84, "source": "OSM ODbL", "demo": false, "osm_type": "way", "osm_id": 844659440, "osm_name": null}}, {"type": "Feature", "geometry": {"type": "Polygon", "coordinates": [[[68.4621589, 51.7561854], [68.4591763, 51.7545915], [68.4579532, 51.7554815], [68.4532754, 51.7534359], [68.4703625, 51.7396564], [68.472165, 51.7388857], [68.4763063, 51.7402144], [68.4779237, 51.7389123], [68.4816573, 51.7402898], [68.4621589, 51.7561854]]]}, "properties": {"district_en": "Atbasar", "district_ru": "Атбасарский", "area_ha": 142.43, "source": "OSM ODbL", "demo": false, "osm_type": "way", "osm_id": 844659441, "osm_name": null}}, {"type": "Feature", "geometry": {"type": "Polygon", "coordinates": [[[68.4523201, 51.7370172], [68.4534144, 51.7354624], [68.453908, 51.7346229], [68.4592723, 51.7276746], [68.4609155, 51.725455], [68.4676747, 51.7259335], [68.4680609, 51.7279006], [68.469401, 51.7300839], [68.4713751, 51.7317717], [68.4740977, 51.7333664], [68.4759216, 51.7345492], [68.4763293, 51.7354794], [68.4753422, 51.73629], [68.4732394, 51.7372068], [68.4704069, 51.7394791], [68.4684543, 51.7409938], [68.4583263, 51.7385356], [68.4523201, 51.7370172]]]}, "properties": {"district_en": "Atbasar", "district_ru": "Атбасарский", "area_ha": 163.06, "source": "OSM ODbL", "demo": false, "osm_type": "way", "osm_id": 844659442, "osm_name": null}}, {"type": "Feature", "geometry": {"type": "Polygon", "coordinates": [[[68.537818, 51.750408], [68.5370455, 51.7504612], [68.5323463, 51.7481654], [68.5148872, 51.7394604], [68.5232125, 51.733321], [68.5240923, 51.7323907], [68.5246931, 51.7319787], [68.5308064, 51.7322844], [68.5361236, 51.734745], [68.5394165, 51.7362875], [68.5457894, 51.7385066], [68.5512733, 51.7400479], [68.5467751, 51.7433073], [68.5406515, 51.7481707], [68.537818, 51.750408]]]}, "properties": {"district_en": "Atbasar", "district_ru": "Атбасарский", "area_ha": 265.17, "source": "OSM ODbL", "demo": false, "osm_type": "way", "osm_id": 844659443, "osm_name": null}}, {"type": "Feature", "geometry": {"type": "Polygon", "coordinates": [[[68.3365818, 51.7351294], [68.3355948, 51.7340132], [68.3341356, 51.7339999], [68.3337494, 51.7292125], [68.3336636, 51.7227183], [68.3487425, 51.721203], [68.3481417, 51.7298629], [68.3482704, 51.7328786], [68.3479486, 51.7333039], [68.3442793, 51.7336893], [68.3365818, 51.7351294]]]}, "properties": {"district_en": "Atbasar", "district_ru": "Атбасарский", "area_ha": 135.36, "source": "OSM ODbL", "demo": false, "osm_type": "way", "osm_id": 844847081, "osm_name": null}}, {"type": "Feature", "geometry": {"type": "Polygon", "coordinates": [[[68.333586, 51.722577], [68.3332856, 51.7170649], [68.3332856, 51.7115829], [68.3329423, 51.7111575], [68.3350022, 51.7104129], [68.3353884, 51.7093359], [68.3359034, 51.709296], [68.3410848, 51.7089503], [68.3422221, 51.7088971], [68.3456122, 51.7091897], [68.3476077, 51.7092163], [68.3488094, 51.7091897], [68.3493887, 51.7095088], [68.3490025, 51.7179244], [68.3487021, 51.721081], [68.3341199, 51.7225587], [68.333586, 51.722577]]]}, "properties": {"district_en": "Atbasar", "district_ru": "Атбасарский", "area_ha": 151.3, "source": "OSM ODbL", "demo": false, "osm_type": "way", "osm_id": 844847082, "osm_name": null}}, {"type": "Feature", "geometry": {"type": "Polygon", "coordinates": [[[68.3833783, 51.7236011], [68.383314, 51.7232688], [68.3842581, 51.7204907], [68.3833998, 51.7198393], [68.3833783, 51.717364], [68.383314, 51.7135959], [68.4017271, 51.7137288], [68.4017271, 51.7143404], [68.4022207, 51.7166064], [68.4016199, 51.7281575], [68.399753, 51.7273335], [68.396985, 51.726217], [68.3956332, 51.7260708], [68.3902651, 51.7261638], [68.3886772, 51.7246087], [68.3833783, 51.7236011]]]}, "properties": {"district_en": "Atbasar", "district_ru": "Атбасарский", "area_ha": 171.03, "source": "OSM ODbL", "demo": false, "osm_type": "way", "osm_id": 844847083, "osm_name": null}}, {"type": "Feature", "geometry": {"type": "Polygon", "coordinates": [[[68.4020679, 51.7303124], [68.4016173, 51.7285049], [68.4018319, 51.7281327], [68.4023469, 51.7176137], [68.4034198, 51.7169224], [68.4059089, 51.7172016], [68.4071105, 51.717175], [68.4086125, 51.7197939], [68.409621, 51.7205649], [68.4103935, 51.7216814], [68.4111231, 51.7221999], [68.4133118, 51.7231968], [68.4154361, 51.7250311], [68.4148996, 51.7281013], [68.413934, 51.7303208], [68.4122389, 51.7305468], [68.4020679, 51.7303124]]]}, "properties": {"district_en": "Atbasar", "district_ru": "Атбасарский", "area_ha": 104.12, "source": "OSM ODbL", "demo": false, "osm_type": "way", "osm_id": 844847084, "osm_name": null}}, {"type": "Feature", "geometry": {"type": "Polygon", "coordinates": [[[66.34170112671373, 51.90957599712541], [66.37085056335687, 51.90957599712541], [66.37085056335687, 51.91855910887532], [66.34170112671373, 51.91855910887532], [66.34170112671373, 51.90957599712541]]]}, "properties": {"district_en": "Esil", "district_ru": "Есильский", "area_ha": 199.71, "source": "demo-fallback", "demo": true, "note": "Демо-прямоугольник 1x2 км: Overpass вернул 0/ошибку, не данные OSM.", "demo_id": "Esil_demo_1"}}, {"type": "Feature", "geometry": {"type": "Polygon", "coordinates": [[[66.41457471832157, 51.963474667624865], [66.44372415496471, 51.963474667624865], [66.44372415496471, 51.97245777937478], [66.41457471832157, 51.97245777937478], [66.41457471832157, 51.963474667624865]]]}, "properties": {"district_en": "Esil", "district_ru": "Есильский", "area_ha": 199.47, "source": "demo-fallback", "demo": true, "note": "Демо-прямоугольник 1x2 км: Overpass вернул 0/ошибку, не данные OSM.", "demo_id": "Esil_demo_2"}}, {"type": "Feature", "geometry": {"type": "Polygon", "coordinates": [[[66.3562758450353, 51.9904240028746], [66.38542528167844, 51.9904240028746], [66.38542528167844, 51.99940711462451], [66.3562758450353, 51.99940711462451], [66.3562758450353, 51.9904240028746]]]}, "properties": {"district_en": "Esil", "district_ru": "Есильский", "area_ha": 199.35, "source": "demo-fallback", "demo": true, "note": "Демо-прямоугольник 1x2 км: Overpass вернул 0/ошибку, не данные OSM.", "demo_id": "Esil_demo_3"}}, {"type": "Feature", "geometry": {"type": "Polygon", "coordinates": [[[67.3247727, 51.8473797], [67.3315008, 51.8474118], [67.3441322, 51.8473238], [67.3499661, 51.8473737], [67.3558705, 51.8475917], [67.3559277, 51.8415606], [67.3560888, 51.840161], [67.3559848, 51.8400133], [67.3249136, 51.8401097], [67.324939, 51.8438009], [67.3247727, 51.8473797]]]}, "properties": {"district_en": "Zhaksy", "district_ru": "Жаксынский", "area_ha": 173.76, "source": "OSM ODbL", "demo": false, "osm_type": "way", "osm_id": 286671526, "osm_name": null}}, {"type": "Feature", "geometry": {"type": "Polygon", "coordinates": [[[67.324939, 51.8400334], [67.3312285, 51.839938], [67.3388258, 51.8398291], [67.3417721, 51.8397882], [67.3445495, 51.8398654], [67.3494282, 51.839761], [67.3508757, 51.8398336], [67.3552989, 51.8398109], [67.3560263, 51.8395976], [67.3562614, 51.8364786], [67.3557911, 51.8363424], [67.3552327, 51.8361018], [67.3547992, 51.8358112], [67.3541159, 51.8353981], [67.3516398, 51.8345809], [67.3499572, 51.8340633], [67.3452401, 51.8325604], [67.3415003, 51.8312482], [67.3400234, 51.830944], [67.3297884, 51.8306579], [67.325446, 51.8305308], [67.3252623, 51.8336001], [67.3251521, 51.8372414], [67.324939, 51.8400334]]]}, "properties": {"district_en": "Zhaksy", "district_ru": "Жаксынский", "area_ha": 181.87, "source": "OSM ODbL", "demo": false, "osm_type": "way", "osm_id": 286671541, "osm_name": null}}, {"type": "Feature", "geometry": {"type": "Polygon", "coordinates": [[[67.3321702, 51.8904578], [67.3325082, 51.8901313], [67.3332577, 51.8886439], [67.3338528, 51.8857189], [67.3348006, 51.8815237], [67.3351092, 51.8794917], [67.3337793, 51.8770015], [67.332905, 51.8758675], [67.3324347, 51.8754139], [67.33242, 51.8744749], [67.3320967, 51.8740712], [67.3316339, 51.8738716], [67.3276809, 51.8735994], [67.3194101, 51.8733415], [67.3187814, 51.8734314], [67.3172072, 51.8734923], [67.3148069, 51.8735404], [67.3126612, 51.8734827], [67.311009, 51.8733929], [67.3075281, 51.8733191], [67.3074501, 51.8742493], [67.307419, 51.8760487], [67.3075541, 51.8788007], [67.3075437, 51.8812927], [67.3075346, 51.8887144], [67.3076385, 51.8900291], [67.3200701, 51.8902374], [67.3321702, 51.8904578]]]}, "properties": {"district_en": "Zhaksy", "district_ru": "Жаксынский", "area_ha": 335.58, "source": "OSM ODbL", "demo": false, "osm_type": "way", "osm_id": 286671545, "osm_name": null}}, {"type": "Feature", "geometry": {"type": "Polygon", "coordinates": [[[67.3886339, 51.8168962], [67.3955124, 51.806909], [67.3955141, 51.8067411], [67.3952751, 51.8064456], [67.3949894, 51.8063299], [67.3925995, 51.8063235], [67.3897316, 51.8063588], [67.3884587, 51.8064424], [67.3854557, 51.8065355], [67.3809876, 51.8064199], [67.3759428, 51.8062689], [67.3701759, 51.8062336], [67.3566712, 51.8060246], [67.3540408, 51.8058974], [67.3538204, 51.8063789], [67.3536995, 51.8068448], [67.353606, 51.8083996], [67.3536008, 51.8104683], [67.3539106, 51.8207671], [67.3536902, 51.8299712], [67.3564455, 51.8300575], [67.357533, 51.8301029], [67.3581501, 51.8301982], [67.359289, 51.8304253], [67.360494, 51.8306478], [67.3614198, 51.8307658], [67.3633228, 51.8312562], [67.3635432, 51.8311972], [67.3645498, 51.8314151], [67.369818, 51.8337035], [67.3818875, 51.8250426], [67.3830557, 51.8240481], [67.3847015, 51.8225222], [67.3853187, 51.8217319], [67.3886339, 51.8168962]]]}, "properties": {"district_en": "Zhaksy", "district_ru": "Жаксынский", "area_ha": 627.0, "source": "OSM ODbL", "demo": false, "osm_type": "way", "osm_id": 286671547, "osm_name": null}}, {"type": "Feature", "geometry": {"type": "Polygon", "coordinates": [[[68.7764827, 52.5444595], [68.7770758, 52.5449666], [68.7786181, 52.5460679], [68.7805756, 52.5474026], [68.7824842, 52.5487457], [68.7841346, 52.5499126], [68.7855408, 52.5510307], [68.7867237, 52.5520216], [68.7879728, 52.5530081], [68.7880251, 52.5530823], [68.7880356, 52.5531672], [68.7879274, 52.5532584], [68.7864585, 52.5536679], [68.784487, 52.5542131], [68.7824737, 52.5547541], [68.7815281, 52.5550575], [68.7811653, 52.5552081], [68.7810466, 52.5553099], [68.7810187, 52.555399], [68.7810815, 52.5555369], [68.7812874, 52.5557703], [68.7814898, 52.5559485], [68.7816014, 52.5560439], [68.7816991, 52.5560715], [68.7818038, 52.5560736], [68.7820027, 52.5560333], [68.7828715, 52.5558318], [68.7836252, 52.5556854], [68.7837962, 52.5556939], [68.7840648, 52.5557024], [68.7843161, 52.555696], [68.784494, 52.5556218], [68.784665, 52.5555136], [68.7849162, 52.5553163], [68.7855408, 52.5550511], [68.7869121, 52.5546311], [68.7885241, 52.5541389], [68.7887544, 52.5541113], [68.7889707, 52.554124], [68.7891138, 52.5541834], [68.7892778, 52.5543086], [68.7899931, 52.5551275], [68.7912143, 52.5565276], [68.7918564, 52.5572043], [68.7918878, 52.5573104], [68.7918668, 52.5573719], [68.7917203, 52.5574483], [68.7899397, 52.5579874], [68.7859341, 52.5592814], [68.7819354, 52.5604735], [68.7788229, 52.5614662], [68.778303, 52.5616401], [68.7775389, 52.561831], [68.7758501, 52.5623486], [68.7737007, 52.5630125], [68.7710977, 52.5637973], [68.7691472, 52.5643573], [68.7678736, 52.5647242], [68.7668757, 52.5637231], [68.7668722, 52.5636573], [68.7669385, 52.5635788], [68.7670572, 52.5634431], [68.7670755, 52.5633226], [68.767031, 52.5632686], [68.7669546, 52.5632221], [68.7668287, 52.5631441], [68.7667103, 52.5630286], [68.7665277, 52.5625187], [68.7660244, 52.5615513], [68.7654915, 52.5609093], [68.7648894, 52.5600994], [68.7647513, 52.5598354], [68.7645169, 52.5592699], [68.7642751, 52.5585844], [68.7639864, 52.5578734], [68.7637816, 52.5574129], [68.7636533, 52.5569239], [68.7635818, 52.5562339], [68.7636533, 52.5554688], [68.7638483, 52.5546618], [68.7639593, 52.5541337], [68.7639469, 52.5536102], [68.7638951, 52.5529156], [68.7639223, 52.5522765], [68.7640481, 52.5518085], [68.7641591, 52.5515939], [68.7642776, 52.5514544], [68.7644626, 52.5512699], [68.7646995, 52.5509008], [68.764882, 52.5506953], [68.7650498, 52.5506173], [68.7651707, 52.5505513], [68.7652768, 52.5504642], [68.7653262, 52.5503712], [68.765341, 52.5502812], [68.7654002, 52.5501102], [68.7653952, 52.5498851], [68.7653484, 52.5497456], [68.7653952, 52.549387], [68.7653262, 52.5489085], [68.7652225, 52.5485619], [68.7652127, 52.5483608], [68.7652842, 52.5481478], [68.7654421, 52.5478897], [68.7657481, 52.5476152], [68.7661872, 52.5473001], [68.7667103, 52.5470525], [68.76711, 52.546829], [68.76749, 52.5466924], [68.7680032, 52.5465439], [68.7684571, 52.5464464], [68.7690468, 52.5464179], [68.7694811, 52.5463068], [68.7697426, 52.5462453], [68.7700362, 52.5462183], [68.7703298, 52.5462513], [68.7705839, 52.5462723], [68.7708233, 52.5462633], [68.7710256, 52.5462183], [68.7714647, 52.5460263], [68.772422, 52.5456226], [68.7734632, 52.5452986], [68.7756147, 52.5446594], [68.7763327, 52.5444583], [68.776424, 52.5444448], [68.7764827, 52.5444595]]]}, "properties": {"district_en": "Sandyktau", "district_ru": "Сандыктауский", "area_ha": 258.2, "source": "OSM ODbL", "demo": false, "osm_type": "way", "osm_id": 348024923, "osm_name": null}}, {"type": "Feature", "geometry": {"type": "Polygon", "coordinates": [[[68.8012184, 52.5679159], [68.8013649, 52.5679116], [68.8014905, 52.5679413], [68.8015917, 52.5680113], [68.8020942, 52.5685627], [68.8030921, 52.5697355], [68.8042226, 52.5709783], [68.8053392, 52.572257], [68.806686, 52.573733], [68.8079491, 52.5751262], [68.8093169, 52.5766402], [68.8104928, 52.5779781], [68.8112221, 52.5787711], [68.8122026, 52.5798588], [68.8133191, 52.5810398], [68.8144741, 52.582242], [68.815636, 52.5835734], [68.8159605, 52.5840377], [68.816145, 52.5841262], [68.8163917, 52.584387], [68.8166483, 52.5846209], [68.816821, 52.5847558], [68.8168901, 52.5849057], [68.8168703, 52.5849806], [68.8167717, 52.5850346], [68.816441, 52.5850856], [68.8159525, 52.5850856], [68.8155972, 52.5850466], [68.81539, 52.5850136], [68.8152567, 52.5849657], [68.8151433, 52.5848697], [68.8150347, 52.5847288], [68.8149607, 52.5845399], [68.814797, 52.5843741], [68.8146267, 52.5843202], [68.8134301, 52.5842527], [68.8121373, 52.5841613], [68.8115698, 52.5840353], [68.8108395, 52.5838434], [68.8097637, 52.5836186], [68.8094627, 52.5835001], [68.8089989, 52.5833487], [68.8085671, 52.5832018], [68.8080292, 52.5831434], [68.8074075, 52.5830759], [68.8066772, 52.5829185], [68.8063219, 52.582848], [68.8056409, 52.5828405], [68.8043505, 52.582854], [68.803677, 52.5828435], [68.8030207, 52.5827731], [68.8021818, 52.5826157], [68.8012146, 52.5824253], [68.8003807, 52.5821749], [68.7992877, 52.5818391], [68.7984019, 52.5815857], [68.7982514, 52.5814613], [68.798091, 52.5813488], [68.7979159, 52.5812904], [68.7976839, 52.5812904], [68.7975112, 52.5812934], [68.7972398, 52.5812049], [68.7969364, 52.5811105], [68.7966181, 52.5810415], [68.7959149, 52.5810115], [68.7951574, 52.5809905], [68.7944419, 52.581013], [68.7934501, 52.581052], [68.7927987, 52.581085], [68.7919376, 52.5810895], [68.7910396, 52.5810505], [68.7904745, 52.5810355], [68.7901489, 52.581091], [68.7895715, 52.5812259], [68.7890781, 52.5813084], [68.788291, 52.5813743], [68.7876051, 52.5814538], [68.7873386, 52.5814883], [68.7869093, 52.5814823], [68.7862284, 52.5814253], [68.7854684, 52.5813204], [68.7850243, 52.5813054], [68.7846641, 52.5812994], [68.7844791, 52.5812799], [68.7843039, 52.5811764], [68.7835982, 52.5804658], [68.7834058, 52.5802274], [68.7834009, 52.580157], [68.7834403, 52.5800865], [68.7834132, 52.5800295], [68.7833268, 52.57998], [68.7831862, 52.5799516], [68.7831147, 52.5799081], [68.7826138, 52.5793923], [68.7820562, 52.5788226], [68.7820488, 52.5787806], [68.7820611, 52.5787177], [68.7820611, 52.5786622], [68.7820167, 52.5786202], [68.7819526, 52.5785992], [68.7818469, 52.5785555], [68.781696, 52.5784448], [68.7807362, 52.5774687], [68.7807067, 52.5774151], [68.7807042, 52.5773176], [68.7806783, 52.5772599], [68.7806277, 52.5772217], [68.7804587, 52.5771519], [68.7803008, 52.5770522], [68.779338, 52.5760732], [68.7793275, 52.5760297], [68.7793223, 52.575928], [68.7792804, 52.5758686], [68.7792298, 52.5758209], [68.7790955, 52.5757827], [68.7790135, 52.5757509], [68.77875, 52.5755081], [68.7786419, 52.5753936], [68.7786244, 52.575331], [68.7787204, 52.5752377], [68.7788722, 52.5751773], [68.7803185, 52.5747702], [68.7823517, 52.574121], [68.7852088, 52.5731763], [68.7882732, 52.5721837], [68.7919494, 52.570996], [68.7946684, 52.5700783], [68.7976735, 52.5691005], [68.7995333, 52.5684495], [68.8009813, 52.5679808], [68.8012184, 52.5679159]]]}, "properties": {"district_en": "Sandyktau", "district_ru": "Сандыктауский", "area_ha": 236.55, "source": "OSM ODbL", "demo": false, "osm_type": "way", "osm_id": 348024928, "osm_name": null}}, {"type": "Feature", "geometry": {"type": "Polygon", "coordinates": [[[68.7984048, 52.5646422], [68.7985451, 52.5646443], [68.7986603, 52.5646899], [68.7994757, 52.5656283], [68.8005434, 52.5668775], [68.8013913, 52.5677577], [68.8013285, 52.5678489], [68.8000933, 52.5682094], [68.7980626, 52.5688754], [68.7958992, 52.5696028], [68.7932753, 52.5704765], [68.7904176, 52.571433], [68.7881147, 52.5721625], [68.7854315, 52.573034], [68.7829855, 52.5738547], [68.780372, 52.5746987], [68.7788717, 52.5751249], [68.7786846, 52.5751769], [68.7785014, 52.5751896], [68.7784107, 52.5751694], [68.7778245, 52.5745778], [68.7768893, 52.5736204], [68.7760537, 52.572822], [68.7754361, 52.572207], [68.7754361, 52.5721169], [68.7755529, 52.5720193], [68.7757256, 52.5719515], [68.7765842, 52.5716156], [68.7774761, 52.571258], [68.7775367, 52.5713366], [68.7775663, 52.5713696], [68.7776329, 52.5713876], [68.7777119, 52.5713921], [68.7777958, 52.5713651], [68.7778525, 52.5713231], [68.7778772, 52.5712571], [68.7778229, 52.5712046], [68.7777908, 52.5711776], [68.7777734, 52.5711388], [68.779841, 52.5705299], [68.7847657, 52.5689944], [68.7893055, 52.5675427], [68.7944276, 52.565917], [68.7979212, 52.5648432], [68.7984048, 52.5646422]]]}, "properties": {"district_en": "Sandyktau", "district_ru": "Сандыктауский", "area_ha": 73.32, "source": "OSM ODbL", "demo": false, "osm_type": "way", "osm_id": 348024932, "osm_name": null}}, {"type": "Feature", "geometry": {"type": "Polygon", "coordinates": [[[68.7915853, 52.5576257], [68.7918863, 52.5575507], [68.7921182, 52.5575417], [68.7923107, 52.5576827], [68.7929719, 52.5584267], [68.7945263, 52.5601517], [68.7961991, 52.5619905], [68.797714, 52.5637004], [68.798464, 52.5645252], [68.7984048, 52.5646422], [68.7979212, 52.5648432], [68.7944276, 52.565917], [68.7893055, 52.5675427], [68.7847657, 52.5689944], [68.779841, 52.5705299], [68.7777734, 52.5711388], [68.7774761, 52.571258], [68.7765842, 52.5716156], [68.7757256, 52.5719515], [68.7755184, 52.5719635], [68.775358, 52.571917], [68.7752395, 52.5717806], [68.7751705, 52.5716771], [68.7746943, 52.5713952], [68.7738603, 52.5707669], [68.7734557, 52.5704235], [68.7727821, 52.5697037], [68.7718915, 52.5688159], [68.7710674, 52.5679836], [68.7702482, 52.5671573], [68.7692737, 52.566154], [68.7685508, 52.5654221], [68.7678853, 52.5647486], [68.7687506, 52.5645131], [68.7714897, 52.5637156], [68.7745951, 52.5628142], [68.7771562, 52.5619806], [68.7788555, 52.5615457], [68.7791102, 52.5614524], [68.7792324, 52.5613718], [68.779358, 52.5613156], [68.7823645, 52.560405], [68.7849256, 52.5596392], [68.7856304, 52.5594822], [68.7876402, 52.5588607], [68.7901281, 52.5580886], [68.7915853, 52.5576257]]]}, "properties": {"district_en": "Sandyktau", "district_ru": "Сандыктауский", "area_ha": 166.29, "source": "OSM ODbL", "demo": false, "osm_type": "way", "osm_id": 348024935, "osm_name": null}}, {"type": "Feature", "geometry": {"type": "Polygon", "coordinates": [[[68.8785599, 52.3949923], [68.8786347, 52.3951268], [68.8788302, 52.3952587], [68.8794872, 52.3954059], [68.8832381, 52.3961215], [68.8856251, 52.3965097], [68.8862862, 52.3965655], [68.8871387, 52.396497], [68.8874589, 52.3964158], [68.8876045, 52.3963042], [68.8878581, 52.3962915], [68.888116, 52.3963372], [68.8891223, 52.3966011], [68.8899873, 52.3967508], [68.8908481, 52.3968244], [68.8924532, 52.3968269], [68.8930853, 52.3968167], [68.8936384, 52.3968447], [68.8949233, 52.3969639], [68.8956427, 52.3969944], [68.8961625, 52.3969715], [68.8983208, 52.3967685], [68.8995475, 52.3967305], [68.9007243, 52.3966315], [68.9010445, 52.3965452], [68.9012275, 52.3964209], [68.9020051, 52.3957459], [68.9033649, 52.3944036], [68.9044545, 52.3933936], [68.9057935, 52.3922466], [68.9075192, 52.3907443], [68.9093822, 52.3891124], [68.9110539, 52.3876125], [68.9127963, 52.3861532], [68.9145553, 52.384643], [68.9162769, 52.3832089], [68.9172583, 52.3823891], [68.916281, 52.3819017], [68.9140438, 52.3807925], [68.9115072, 52.3794903], [68.9093656, 52.3784318], [68.9073903, 52.3774824], [68.9045376, 52.3760658], [68.9031861, 52.3754007], [68.9030822, 52.3757282], [68.9026705, 52.3763121], [68.9017639, 52.3773529], [68.900662, 52.3787059], [68.8996307, 52.3799548], [68.8989695, 52.3807138], [68.8987033, 52.3809093], [68.8985412, 52.3809245], [68.898458, 52.3808915], [68.8984017, 52.3807065], [68.8983576, 52.3802416], [68.8983458, 52.3799903], [68.8983958, 52.3798521], [68.898781, 52.3792418], [68.8989839, 52.3787195], [68.8991633, 52.378172], [68.8991192, 52.3780625], [68.8990427, 52.3780051], [68.8988633, 52.3779746], [68.8986751, 52.3780033], [68.8985222, 52.3781056], [68.8977577, 52.3785866], [68.8967874, 52.3791808], [68.8958082, 52.3796959], [68.894585, 52.3803888], [68.8934999, 52.3809721], [68.8929707, 52.3815159], [68.8918562, 52.3826467], [68.8908006, 52.3837182], [68.889795, 52.3846532], [68.8887423, 52.3857032], [68.8879895, 52.3864192], [68.8867192, 52.3877975], [68.8855372, 52.3889173], [68.8845051, 52.3899151], [68.8831554, 52.3911264], [68.8820704, 52.3920236], [68.8806884, 52.3932061], [68.8795504, 52.3941697], [68.8786771, 52.3948802], [68.8785742, 52.3949592], [68.8785599, 52.3949923]]]}, "properties": {"district_en": "Sandyktau", "district_ru": "Сандыктауский", "area_ha": 320.07, "source": "OSM ODbL", "demo": false, "osm_type": "way", "osm_id": 353306793, "osm_name": null}}, {"type": "Feature", "geometry": {"type": "Polygon", "coordinates": [[[68.6973216, 52.4726906], [68.6979516, 52.4731776], [68.6997113, 52.4747311], [68.7011451, 52.4761628], [68.7018489, 52.4768721], [68.7028482, 52.4763534], [68.7029612, 52.4760676], [68.7030655, 52.4757659], [68.7033001, 52.4754906], [68.7042125, 52.4748105], [68.7052249, 52.4739901], [68.7053726, 52.4738128], [68.7054421, 52.4736381], [68.7055247, 52.4734555], [68.7057202, 52.4732305], [68.7058597, 52.4730973], [68.7065971, 52.4726594], [68.707531, 52.4720886], [68.7084435, 52.4715122], [68.7088091, 52.4712109], [68.7095096, 52.4706101], [68.710164, 52.470088], [68.7104036, 52.4698391], [68.7105173, 52.4696538], [68.7105388, 52.4693787], [68.7104282, 52.4692533], [68.7102684, 52.4691092], [68.7100503, 52.468995], [68.7097339, 52.4687648], [68.7090334, 52.4682538], [68.7086309, 52.4679057], [68.7078813, 52.4673592], [68.7071747, 52.4667172], [68.7065879, 52.4663803], [68.7059795, 52.4659461], [68.7052484, 52.4654033], [68.7050763, 52.4652853], [68.7049196, 52.4652666], [68.704723, 52.4652591], [68.7044711, 52.4653022], [68.7041731, 52.4654575], [68.7034972, 52.4661594], [68.7021822, 52.4675407], [68.7016753, 52.4681209], [68.7009871, 52.4689351], [68.7002774, 52.469768], [68.6997121, 52.4702826], [68.6988243, 52.4711173], [68.6977705, 52.4721822], [68.6973219, 52.4725546], [68.6972758, 52.472622], [68.6973216, 52.4726906]]]}, "properties": {"district_en": "Sandyktau", "district_ru": "Сандыктауский", "area_ha": 55.93, "source": "OSM ODbL", "demo": false, "osm_type": "way", "osm_id": 358728969, "osm_name": null}}, {"type": "Feature", "geometry": {"type": "Polygon", "coordinates": [[[68.6749037, 52.5172151], [68.6752948, 52.5175469], [68.6757206, 52.5178629], [68.6767503, 52.5185899], [68.6776822, 52.5192033], [68.6787685, 52.5199885], [68.6796613, 52.5206904], [68.6801784, 52.5210248], [68.6806997, 52.5213368], [68.6814362, 52.5216646], [68.682429, 52.5220056], [68.6832371, 52.5222515], [68.6834478, 52.5223533], [68.6836781, 52.5224167], [68.6838563, 52.5226837], [68.6840366, 52.5229838], [68.6840322, 52.5230882], [68.683941, 52.5231768], [68.6837976, 52.5232019], [68.6835586, 52.5232138], [68.6830112, 52.5232243], [68.6825485, 52.5232614], [68.6822856, 52.5233605], [68.6818468, 52.5235614], [68.6815318, 52.5236698], [68.6811081, 52.5237782], [68.6800654, 52.5240425], [68.6796722, 52.5241218], [68.6794528, 52.5241165], [68.6793072, 52.5240742], [68.679027, 52.5238535], [68.6788597, 52.5236486], [68.6787011, 52.523338], [68.6785664, 52.523071], [68.6784426, 52.522923], [68.6781276, 52.5226203], [68.6780016, 52.5223506], [68.677893, 52.5219382], [68.6778061, 52.5217717], [68.6775649, 52.5214135], [68.6773151, 52.5210526], [68.6772825, 52.5207248], [68.6772173, 52.5206256], [68.6769762, 52.5204578], [68.6768133, 52.5203057], [68.6765243, 52.5198272], [68.6762115, 52.5193183], [68.6759769, 52.5187208], [68.6758248, 52.5182885], [68.6757053, 52.5180942], [68.6754794, 52.517921], [68.6751536, 52.5175879], [68.6749906, 52.5173618], [68.6749037, 52.5172151]]]}, "properties": {"district_en": "Sandyktau", "district_ru": "Сандыктауский", "area_ha": 13.07, "source": "OSM ODbL", "demo": false, "osm_type": "way", "osm_id": 358728970, "osm_name": null}}, {"type": "Feature", "geometry": {"type": "Polygon", "coordinates": [[[68.6881638, 52.5234315], [68.6883897, 52.5231525], [68.6884918, 52.5230873], [68.6886442, 52.523071], [68.6893288, 52.5232034], [68.6906561, 52.5234295], [68.6918814, 52.5235741], [68.6924086, 52.523623], [68.6935385, 52.5236821], [68.6950583, 52.5237299], [68.6952374, 52.5238134], [68.6953245, 52.5239336], [68.6953948, 52.5241353], [68.6953328, 52.5242768], [68.6946673, 52.5254625], [68.6941853, 52.5261163], [68.6935877, 52.5270858], [68.6935425, 52.5272416], [68.6935609, 52.5276101], [68.6936106, 52.5279759], [68.6935609, 52.5282265], [68.6930851, 52.5292], [68.6919208, 52.5314893], [68.6912436, 52.5328027], [68.6909456, 52.5332416], [68.6906393, 52.5336377], [68.6903129, 52.5340032], [68.690092, 52.5343025], [68.6898191, 52.534721], [68.689553, 52.5350183], [68.6891379, 52.535508], [68.6885805, 52.5361423], [68.6881486, 52.5367613], [68.6880097, 52.536854], [68.6878373, 52.5368571], [68.6865468, 52.5365262], [68.6856111, 52.5362737], [68.6852663, 52.5361423], [68.6846202, 52.536011], [68.683949, 52.5359591], [68.6829413, 52.5359051], [68.6824994, 52.5358359], [68.682101, 52.5357066], [68.6817311, 52.5355426], [68.6816759, 52.5354194], [68.6816608, 52.5353166], [68.6824616, 52.5343626], [68.6830441, 52.5337171], [68.6837739, 52.5328536], [68.6840417, 52.5327539], [68.6841622, 52.5326765], [68.6842125, 52.5325808], [68.6842593, 52.5323995], [68.6842526, 52.5321124], [68.6842761, 52.5316684], [68.6841388, 52.5312713], [68.6838308, 52.5304628], [68.6837538, 52.530027], [68.6837337, 52.5297093], [68.6837906, 52.5290698], [68.6837337, 52.5283102], [68.6837505, 52.528021], [68.6838074, 52.5276971], [68.684035, 52.5272531], [68.6843899, 52.5266503], [68.6846343, 52.5263163], [68.6848719, 52.5261024], [68.6852, 52.5258641], [68.685652, 52.5256156], [68.6860336, 52.5252714], [68.6865726, 52.5247887], [68.6872789, 52.524196], [68.6878346, 52.5237805], [68.6880556, 52.523589], [68.6881638, 52.5234315]]]}, "properties": {"district_en": "Sandyktau", "district_ru": "Сандыктауский", "area_ha": 80.02, "source": "OSM ODbL", "demo": false, "osm_type": "way", "osm_id": 358728972, "osm_name": null}}, {"type": "Feature", "geometry": {"type": "Polygon", "coordinates": [[[68.6666889, 52.5116721], [68.6682076, 52.5131051], [68.669074, 52.5140511], [68.669203, 52.5141409], [68.6693136, 52.5141596], [68.6695287, 52.5141558], [68.6705978, 52.5138342], [68.6711692, 52.5136323], [68.6713567, 52.5136211], [68.6714642, 52.5136641], [68.6720663, 52.5142624], [68.67269, 52.5149186], [68.6734796, 52.5158441], [68.6744596, 52.5168013], [68.6747792, 52.5170238], [68.6754397, 52.5175492], [68.6766655, 52.518383], [68.6783312, 52.5195801], [68.6796861, 52.5206101], [68.6804265, 52.5211148], [68.6809088, 52.5213672], [68.6817937, 52.5217299], [68.6828075, 52.5220607], [68.6836554, 52.5223542], [68.6835141, 52.5221262], [68.6829673, 52.521528], [68.6826139, 52.5212868], [68.6819288, 52.5205185], [68.6809611, 52.5194941], [68.6800824, 52.518578], [68.6798551, 52.5182434], [68.679468, 52.5177947], [68.6790931, 52.5174601], [68.678789, 52.5170712], [68.6785155, 52.5166487], [68.6782114, 52.5161327], [68.6781254, 52.5159532], [68.6780301, 52.515497], [68.6779472, 52.5147286], [68.6778028, 52.513833], [68.6776768, 52.5134105], [68.6774218, 52.5128533], [68.6771207, 52.512298], [68.6768565, 52.5117857], [68.6767613, 52.5116529], [68.6767336, 52.5115725], [68.6767275, 52.5114772], [68.6767459, 52.5112359], [68.6767367, 52.511077], [68.6766814, 52.5109386], [68.6765524, 52.5107591], [68.676365, 52.5105778], [68.6761991, 52.5104693], [68.6760485, 52.510374], [68.6760332, 52.5103029], [68.6760762, 52.510215], [68.6761561, 52.5100991], [68.6763926, 52.5098504], [68.676494, 52.5097046], [68.6765339, 52.509583], [68.6765124, 52.5095007], [68.6762759, 52.5088968], [68.6760147, 52.5084237], [68.6758212, 52.5079973], [68.6757198, 52.5078908], [68.6755693, 52.5078496], [68.6754156, 52.507859], [68.6752559, 52.5079095], [68.6751422, 52.5079973], [68.6750715, 52.5081114], [68.6749855, 52.5082255], [68.674878, 52.5082741], [68.6747397, 52.5082928], [68.6746291, 52.5082872], [68.6744909, 52.5082872], [68.6744202, 52.5082965], [68.6738488, 52.5085621], [68.6734893, 52.5087341], [68.6732712, 52.5087995], [68.6731207, 52.5088182], [68.6728534, 52.5089043], [68.6718242, 52.509353], [68.6711851, 52.509583], [68.670712, 52.5097363], [68.6695445, 52.5101776], [68.6682511, 52.5106787], [68.6674247, 52.5110677], [68.6669423, 52.5113126], [68.6667519, 52.5114173], [68.6666751, 52.5115089], [68.6666658, 52.5115931], [68.6666889, 52.5116721]]]}, "properties": {"district_en": "Sandyktau", "district_ru": "Сандыктауский", "area_ha": 53.96, "source": "OSM ODbL", "demo": false, "osm_type": "way", "osm_id": 358728973, "osm_name": null}}, {"type": "Feature", "geometry": {"type": "Polygon", "coordinates": [[[68.6940084, 52.5064571], [68.6940836, 52.5063654], [68.6942019, 52.5062981], [68.6943678, 52.5062654], [68.6947749, 52.5062794], [68.6959761, 52.5063327], [68.6968871, 52.506358], [68.6981329, 52.5064552], [68.6986382, 52.5064907], [68.699755, 52.5066123], [68.7007858, 52.5067207], [68.7017904, 52.5068264], [68.7031883, 52.5069994], [68.7037121, 52.5070872], [68.7039348, 52.5071536], [68.7040086, 52.5072434], [68.7040224, 52.5073584], [68.7038062, 52.5080932], [68.7036482, 52.5085813], [68.7035207, 52.5089151], [68.70343, 52.5092685], [68.7033624, 52.5097827], [68.7033133, 52.5103549], [68.7032778, 52.5115688], [68.7032296, 52.5124859], [68.7031773, 52.512714], [68.7030483, 52.5132628], [68.7028696, 52.5140359], [68.7025872, 52.5149349], [68.7022005, 52.5162543], [68.7017183, 52.5173039], [68.7014706, 52.5181103], [68.701262, 52.5188004], [68.7010144, 52.5199504], [68.7007494, 52.520733], [68.7005321, 52.521386], [68.7003583, 52.522261], [68.6999716, 52.5228188], [68.6997718, 52.522988], [68.6995458, 52.5231123], [68.6989202, 52.5232682], [68.6976863, 52.5234295], [68.69607, 52.5236119], [68.6956529, 52.5236912], [68.6952792, 52.5236965], [68.6939236, 52.523641], [68.6923465, 52.523567], [68.6908649, 52.5234004], [68.6890183, 52.5230911], [68.6884491, 52.5230012], [68.6881102, 52.5229774], [68.687767, 52.5230197], [68.6875628, 52.5230197], [68.6874629, 52.5230144], [68.6874976, 52.5228638], [68.687641, 52.5223165], [68.687515, 52.5216662], [68.687389, 52.5212538], [68.6873629, 52.5208599], [68.6873803, 52.520577], [68.6875541, 52.520236], [68.6879017, 52.5197759], [68.6881667, 52.5194825], [68.6884144, 52.5190595], [68.6885447, 52.5188078], [68.6890878, 52.5184019], [68.6896353, 52.5181058], [68.6897439, 52.517971], [68.6898199, 52.517778], [68.6900111, 52.5176074], [68.6901979, 52.5175334], [68.6906346, 52.5174726], [68.6910169, 52.5174541], [68.6926244, 52.5173956], [68.6939191, 52.5171814], [68.6941494, 52.5170915], [68.6942754, 52.5169646], [68.694484, 52.5159176], [68.6947924, 52.5143549], [68.6949184, 52.5137045], [68.694875, 52.5135458], [68.694762, 52.5133872], [68.6944883, 52.5132047], [68.6942884, 52.5130329], [68.694232, 52.5127975], [68.6943362, 52.5121656], [68.6945448, 52.5112639], [68.6946882, 52.5108699], [68.694749, 52.5107165], [68.6947055, 52.510378], [68.6945752, 52.510021], [68.694258, 52.5091854], [68.694106, 52.5089659], [68.6940191, 52.5087597], [68.693993, 52.5085587], [68.6939626, 52.5079425], [68.6938974, 52.5073237], [68.6939669, 52.5067446], [68.6940084, 52.5064571]]]}, "properties": {"district_en": "Sandyktau", "district_ru": "Сандыктауский", "area_ha": 128.25, "source": "OSM ODbL", "demo": false, "osm_type": "way", "osm_id": 358728974, "osm_name": null}}, {"type": "Feature", "geometry": {"type": "Polygon", "coordinates": [[[68.6007431, 52.5122634], [68.601517, 52.5123081], [68.602252, 52.5124437], [68.6029676, 52.5127007], [68.6036792, 52.5128363], [68.6040467, 52.5128744], [68.6042657, 52.5128697], [68.6049343, 52.5129743], [68.6060486, 52.5132218], [68.6078003, 52.513831], [68.6098295, 52.5145472], [68.6109712, 52.5148922], [68.6117107, 52.5150984], [68.6121393, 52.5153222], [68.6128166, 52.515832], [68.6135299, 52.5166614], [68.6141409, 52.5175649], [68.6143566, 52.5179367], [68.6144727, 52.5185053], [68.6146497, 52.5193448], [68.6150699, 52.5206772], [68.6154653, 52.5217875], [68.6162643, 52.523431], [68.6167094, 52.5244656], [68.6171214, 52.5255472], [68.6174034, 52.5263462], [68.6175195, 52.5267078], [68.6179453, 52.5274496], [68.6185618, 52.5285143], [68.6189378, 52.5291097], [68.6190318, 52.529362], [68.6190318, 52.5296126], [68.6189323, 52.5298077], [68.6187825, 52.5298816], [68.6186093, 52.529948], [68.6167647, 52.5304502], [68.6143815, 52.5311062], [68.6118849, 52.5317991], [68.6098003, 52.5324079], [68.6077046, 52.5330033], [68.605631, 52.5335936], [68.6035105, 52.5342243], [68.6028082, 52.5344227], [68.602529, 52.5344547], [68.6023575, 52.5344227], [68.6021004, 52.5342596], [68.6017576, 52.5340157], [68.6013567, 52.5337988], [68.6009475, 52.5334708], [68.6005052, 52.5331496], [68.5998361, 52.532783], [68.5992057, 52.5324214], [68.5983238, 52.5318277], [68.5976823, 52.5313299], [68.5969746, 52.530827], [68.5961341, 52.5302333], [68.5957415, 52.5299019], [68.5950226, 52.5292931], [68.5946964, 52.5289617], [68.5942402, 52.5283982], [68.5937453, 52.5277759], [68.5934827, 52.5273335], [68.5934937, 52.5271855], [68.5935573, 52.5270779], [68.5936873, 52.5269736], [68.5938227, 52.5269265], [68.5953351, 52.5266338], [68.5961234, 52.5265136], [68.5966072, 52.5264497], [68.5968201, 52.5264009], [68.5969998, 52.5263168], [68.59708, 52.5262613], [68.5971104, 52.5261873], [68.5970965, 52.526083], [68.5970164, 52.525829], [68.5966652, 52.5251763], [68.5963666, 52.5246902], [68.5963114, 52.5244816], [68.5962699, 52.5239584], [68.5962284, 52.5236809], [68.5961344, 52.5234689], [68.5959077, 52.5231325], [68.5956036, 52.5227405], [68.5955649, 52.522537], [68.5955704, 52.5222964], [68.5957225, 52.5219549], [68.5960542, 52.5213813], [68.5966929, 52.5204964], [68.5974283, 52.5195409], [68.5979785, 52.5186795], [68.5985674, 52.5177693], [68.5988688, 52.5172596], [68.5993332, 52.5163477], [68.5996152, 52.5156326], [68.5998115, 52.5153769], [68.5997922, 52.5152474], [68.5998613, 52.5148049], [68.5999608, 52.5142311], [68.5999719, 52.5138778], [68.6000604, 52.5136052], [68.600041, 52.5132956], [68.600041, 52.5131122], [68.6001157, 52.512944], [68.6003313, 52.5126394], [68.6004966, 52.5124585], [68.6006608, 52.5123347], [68.6007431, 52.5122634]]]}, "properties": {"district_en": "Sandyktau", "district_ru": "Сандыктауский", "area_ha": 269.09, "source": "OSM ODbL", "demo": false, "osm_type": "way", "osm_id": 360539220, "osm_name": null}}, {"type": "Feature", "geometry": {"type": "Polygon", "coordinates": [[[68.6939163, 52.4826237], [68.6945363, 52.4826481], [68.6952896, 52.4826217], [68.6963729, 52.4825101], [68.6977129, 52.4822989], [68.6981196, 52.4831617], [68.6985729, 52.4841238], [68.6989162, 52.4847998], [68.6991595, 52.4852524], [68.6994529, 52.4860887], [68.6996895, 52.4871036], [68.6997762, 52.4880901], [68.6998395, 52.4886807], [68.6997329, 52.4891455], [68.6996162, 52.4895149], [68.6996395, 52.4899837], [68.6998662, 52.4909295], [68.7000195, 52.4912583], [68.7004128, 52.4917109], [68.7009528, 52.4925227], [68.7014028, 52.4934136], [68.7020295, 52.4943797], [68.7022761, 52.4949235], [68.7024995, 52.4957475], [68.7027628, 52.4965003], [68.7030894, 52.4975211], [68.7033461, 52.4986798], [68.7037661, 52.4999419], [68.7040661, 52.5009869], [68.7044994, 52.5024438], [68.7046961, 52.5031945], [68.7046594, 52.5033176], [68.7044727, 52.5035448], [68.7043761, 52.5038208], [68.7043494, 52.5042164], [68.7044561, 52.5046486], [68.7045468, 52.504918], [68.7045857, 52.5051145], [68.7045562, 52.5053484], [68.704469, 52.5056124], [68.7042498, 52.5061661], [68.7040919, 52.5064674], [68.7039104, 52.506519], [68.7036064, 52.506519], [68.7027296, 52.5063741], [68.7018693, 52.5063268], [68.7007144, 52.5062565], [68.6999578, 52.5062135], [68.6996891, 52.5061417], [68.6995383, 52.5061303], [68.6992389, 52.5061948], [68.698216, 52.5061633], [68.6979827, 52.50606], [68.6978177, 52.5060528], [68.6974099, 52.5061346], [68.6970611, 52.5061403], [68.6963446, 52.5061331], [68.6952321, 52.5061016], [68.694591, 52.5060356], [68.693865, 52.5059653], [68.6931226, 52.5059065], [68.6927549, 52.5059036], [68.6925899, 52.5058419], [68.692531, 52.5057788], [68.6924249, 52.5057458], [68.692267, 52.5057673], [68.6920973, 52.5058634], [68.6918487, 52.5059473], [68.6914916, 52.5059595], [68.6908481, 52.5059717], [68.6899031, 52.5060744], [68.6878665, 52.5064071], [68.6865699, 52.5065511], [68.6853166, 52.5066222], [68.68298, 52.5067337], [68.6823, 52.506752], [68.6818633, 52.506823], [68.68185, 52.5067966], [68.6817567, 52.5063077], [68.6815567, 52.5053825], [68.6811034, 52.5036579], [68.68061, 52.5018115], [68.6805334, 52.5014706], [68.6805234, 52.5009775], [68.6804767, 52.5007584], [68.68046, 52.5005474], [68.6805367, 52.5004662], [68.6807, 52.5004439], [68.6809167, 52.50045], [68.6819, 52.5005088], [68.68311, 52.5006874], [68.6836333, 52.5007442], [68.6839766, 52.5006833], [68.6842799, 52.5005717], [68.6843533, 52.5004114], [68.6843466, 52.5002572], [68.6841366, 52.4993887], [68.6839533, 52.4988063], [68.68366, 52.4978567], [68.6834366, 52.4969232], [68.6833466, 52.4965721], [68.6833, 52.4964666], [68.6832133, 52.496422], [68.6830566, 52.4964098], [68.6824309, 52.4964316], [68.6820209, 52.496393], [68.6815909, 52.4963179], [68.6811876, 52.4962915], [68.6807476, 52.4963849], [68.6801276, 52.4965087], [68.6795976, 52.4966386], [68.6793943, 52.4966649], [68.6793243, 52.4966426], [68.679261, 52.4965858], [68.6790643, 52.4959567], [68.6786077, 52.4941201], [68.6781743, 52.4925392], [68.6777577, 52.4909886], [68.6772677, 52.4889976], [68.676831, 52.4874225], [68.6762077, 52.4852425], [68.6759277, 52.4843453], [68.6758611, 52.4840124], [68.6761111, 52.4839779], [68.677941, 52.4838236], [68.6793776, 52.483714], [68.6812976, 52.4836004], [68.6831609, 52.4834786], [68.6841108, 52.4834217], [68.6847808, 52.4835009], [68.6851975, 52.4835456], [68.6855275, 52.4835151], [68.6859708, 52.4834177], [68.6865408, 52.483304], [68.6879874, 52.48317], [68.6889574, 52.483103], [68.6897307, 52.4829569], [68.6910307, 52.4828432], [68.692164, 52.4827315], [68.6933006, 52.4826301], [68.6939163, 52.4826237]]]}, "properties": {"district_en": "Sandyktau", "district_ru": "Сандыктауский", "area_ha": 388.12, "source": "OSM ODbL", "demo": false, "osm_type": "way", "osm_id": 360539224, "osm_name": null}}, {"type": "Feature", "geometry": {"type": "Polygon", "coordinates": [[[68.6818727, 52.4466502], [68.6820945, 52.4467576], [68.6830893, 52.447515], [68.684332, 52.448499], [68.6861259, 52.4499342], [68.6880046, 52.4514132], [68.690017, 52.4529914], [68.6920719, 52.4546193], [68.6944398, 52.4564757], [68.6961522, 52.4577576], [68.6962109, 52.457861], [68.6961685, 52.4579345], [68.6959891, 52.4579762], [68.6956956, 52.4579802], [68.6933896, 52.4577536], [68.6916544, 52.4577099], [68.690627, 52.4576304], [68.6891723, 52.4573979], [68.686651, 52.4569169], [68.6848115, 52.456432], [68.6829132, 52.4559331], [68.6813411, 52.455474], [68.6801441, 52.4551619], [68.6790286, 52.4549035], [68.6775119, 52.454665], [68.6769052, 52.4544961], [68.6763997, 52.4542854], [68.6758713, 52.4539077], [68.6749841, 52.4532041], [68.6739959, 52.4523434], [68.6726325, 52.4511925], [68.6725934, 52.4511051], [68.6736559, 52.450625], [68.6754364, 52.449731], [68.6771223, 52.4489158], [68.6786352, 52.4482003], [68.6797792, 52.4476577], [68.6810177, 52.4470743], [68.681479, 52.4468494], [68.6816957, 52.4467089], [68.6818065, 52.4466498], [68.6818727, 52.4466502]]]}, "properties": {"district_en": "Sandyktau", "district_ru": "Сандыктауский", "area_ha": 89.53, "source": "OSM ODbL", "demo": false, "osm_type": "way", "osm_id": 360539240, "osm_name": null}}, {"type": "Feature", "geometry": {"type": "Polygon", "coordinates": [[[68.6186093, 52.529948], [68.6187874, 52.5299274], [68.6189321, 52.5299143], [68.6190653, 52.5299141], [68.6193003, 52.5301849], [68.6201546, 52.5312831], [68.6205555, 52.5316851], [68.6209619, 52.5320316], [68.6219821, 52.533298], [68.622806, 52.5344282], [68.6230742, 52.5348402], [68.6230438, 52.5350084], [68.6228143, 52.5351042], [68.6208955, 52.5357517], [68.6190985, 52.5363319], [68.617799, 52.5367405], [68.6169281, 52.5371021], [68.6163558, 52.5372904], [68.6152859, 52.5374855], [68.6147523, 52.5376167], [68.613204, 52.538027], [68.611946, 52.5383633], [68.6098172, 52.5389468], [68.6082661, 52.539347], [68.6079095, 52.5394261], [68.6077464, 52.5394261], [68.6074671, 52.5393706], [68.6072376, 52.5392646], [68.6071105, 52.5392007], [68.6069695, 52.539152], [68.606751, 52.5391553], [68.6064525, 52.5391721], [68.6062174, 52.5391217], [68.6059576, 52.5389939], [68.6054212, 52.5386593], [68.6052028, 52.5384911], [68.6046941, 52.5381682], [68.6042489, 52.5377747], [68.6038674, 52.5373392], [68.6037043, 52.5370668], [68.6035882, 52.5368111], [68.6035301, 52.5365555], [68.6036573, 52.5361032], [68.6037762, 52.535634], [68.6037651, 52.5355146], [68.60366, 52.5354036], [68.603331, 52.5351664], [68.6028168, 52.5347292], [68.602756, 52.5345896], [68.6028859, 52.534487], [68.6035105, 52.5342243], [68.605631, 52.5335936], [68.6077046, 52.5330033], [68.6098003, 52.5324079], [68.6118849, 52.5317991], [68.6143815, 52.5311062], [68.6167647, 52.5304502], [68.6186093, 52.529948]]]}, "properties": {"district_en": "Sandyktau", "district_ru": "Сандыктауский", "area_ha": 82.31, "source": "OSM ODbL", "demo": false, "osm_type": "way", "osm_id": 360539241, "osm_name": null}}, {"type": "Feature", "geometry": {"type": "Polygon", "coordinates": [[[68.6305207, 52.518022], [68.6321046, 52.5182544], [68.6353902, 52.5188854], [68.6373747, 52.5193673], [68.6379404, 52.5196197], [68.6381667, 52.5198779], [68.638261, 52.5200529], [68.6385721, 52.5203225], [68.6387041, 52.5206208], [68.6388078, 52.5211744], [68.6387229, 52.521639], [68.6386852, 52.5218455], [68.6387936, 52.5221926], [68.6389728, 52.5224794], [68.6389374, 52.5230126], [68.638809, 52.5233739], [68.6386416, 52.5235224], [68.6385957, 52.5236106], [68.6385945, 52.5236722], [68.6386416, 52.5238214], [68.6385992, 52.5239382], [68.6384142, 52.5243654], [68.638327, 52.5244586], [68.638202, 52.5245755], [68.6381738, 52.5246415], [68.6381631, 52.5247203], [68.6381396, 52.5249275], [68.6381042, 52.5250078], [68.6378933, 52.5253663], [68.6375814, 52.5258798], [68.6373914, 52.5263188], [68.6372381, 52.5268086], [68.6371581, 52.5270692], [68.6369831, 52.5274545], [68.6367181, 52.5279371], [68.6364514, 52.5283924], [68.6362231, 52.5287188], [68.6359015, 52.5290605], [68.6354981, 52.529456], [68.6352965, 52.5296537], [68.6346767, 52.5289107], [68.6339724, 52.5280545], [68.6335691, 52.5274279], [68.6331191, 52.5264586], [68.6328058, 52.5259698], [68.6321758, 52.5252215], [68.6319958, 52.5248098], [68.6316758, 52.5238911], [68.6314425, 52.5233131], [68.6310825, 52.5223498], [68.6309292, 52.5218306], [68.6307092, 52.5210254], [68.6306958, 52.5205265], [68.6306358, 52.5193886], [68.6305925, 52.5186584], [68.6304425, 52.5182994], [68.6303758, 52.5181635], [68.6303825, 52.5181007], [68.6304192, 52.5180459], [68.6305207, 52.518022]]]}, "properties": {"district_en": "Sandyktau", "district_ru": "Сандыктауский", "area_ha": 46.76, "source": "OSM ODbL", "demo": false, "osm_type": "way", "osm_id": 360539242, "osm_name": null}}, {"type": "Feature", "geometry": {"type": "Polygon", "coordinates": [[[70.4537657, 52.5371025], [70.4529071, 52.5373009], [70.4522761, 52.53722], [70.4520571, 52.5372983], [70.4520056, 52.53763], [70.4524263, 52.5381156], [70.4528127, 52.5382488], [70.4534481, 52.5386352], [70.4541864, 52.5389225], [70.4553026, 52.5392071], [70.4572516, 52.539429], [70.4581145, 52.5395778], [70.4604742, 52.5403426], [70.4616529, 52.5407323], [70.4628625, 52.541147], [70.4640087, 52.5413794], [70.465241, 52.5415458], [70.4665716, 52.5417214], [70.4687319, 52.5419403], [70.4707466, 52.5421447], [70.471515, 52.5421603], [70.4718327, 52.542116], [70.4724595, 52.5418105], [70.473567, 52.5415859], [70.4743355, 52.5415442], [70.4765903, 52.5416454], [70.477422, 52.5416269], [70.4791675, 52.5414331], [70.479608, 52.5414349], [70.4807767, 52.5416269], [70.4823734, 52.5417894], [70.4855999, 52.542214], [70.4866987, 52.542262], [70.4869598, 52.5421512], [70.4875851, 52.5412909], [70.4876883, 52.5408183], [70.487573, 52.5402349], [70.4871662, 52.5397881], [70.486723, 52.5395185], [70.4854663, 52.5391603], [70.4845799, 52.5387246], [70.4830985, 52.5385289], [70.4811801, 52.5383923], [70.4814893, 52.5382213], [70.4819568, 52.5381253], [70.4830043, 52.5380859], [70.4840514, 52.538068], [70.484874, 52.5379573], [70.4854116, 52.5378053], [70.4859911, 52.537636], [70.4866501, 52.537327], [70.487172, 52.5371338], [70.4871737, 52.5370894], [70.4870991, 52.5370913], [70.4857795, 52.5373185], [70.4845272, 52.5375153], [70.483763, 52.5375832], [70.4814105, 52.5375832], [70.4797105, 52.5377007], [70.4786491, 52.5378256], [70.477564, 52.5379696], [70.4752191, 52.5381753], [70.4739417, 52.5382852], [70.4727302, 52.538377], [70.4714335, 52.5383778], [70.4701844, 52.5383483], [70.4687942, 52.5382819], [70.4674842, 52.5381942], [70.4650157, 52.5379461], [70.4640286, 52.5378119], [70.4630237, 52.537689], [70.4620134, 52.5376396], [70.4609546, 52.5375989], [70.4594446, 52.5375785], [70.4578679, 52.5375388], [70.4559819, 52.5373092], [70.4541975, 52.5370688], [70.4537657, 52.5371025]]]}, "properties": {"district_en": "Bulandy", "district_ru": "Буландынский", "area_ha": 84.0, "source": "OSM ODbL", "demo": false, "osm_type": "way", "osm_id": 317788359, "osm_name": null}}, {"type": "Feature", "geometry": {"type": "Polygon", "coordinates": [[[70.3760291, 52.5634291], [70.3753801, 52.5640399], [70.3753383, 52.5642231], [70.3743251, 52.5653072], [70.3737013, 52.5659842], [70.3736636, 52.5661572], [70.3737013, 52.5662794], [70.3738311, 52.5663964], [70.3740823, 52.5665008], [70.3756774, 52.5670047], [70.375937, 52.5671166], [70.3760668, 52.5672286], [70.3760584, 52.567366], [70.3759244, 52.5676179], [70.3755309, 52.5682032], [70.375422, 52.5683559], [70.3753801, 52.5686104], [70.3753885, 52.5688343], [70.3754764, 52.5690354], [70.3756606, 52.5691448], [70.3760709, 52.5692847], [70.3765608, 52.5694094], [70.3768664, 52.56944], [70.3772306, 52.5694807], [70.3774442, 52.5695417], [70.3776912, 52.5696562], [70.3778754, 52.5697148], [70.3780261, 52.56973], [70.3781433, 52.5697275], [70.3788174, 52.5696791], [70.37937, 52.5696664], [70.3796212, 52.5696842], [70.3799352, 52.5697555], [70.3804628, 52.5699362], [70.380961, 52.570099], [70.3811703, 52.570211], [70.3813964, 52.5703738], [70.3816266, 52.5706207], [70.3818067, 52.570781], [70.3821039, 52.570954], [70.3823635, 52.571066], [70.3830292, 52.571267], [70.3840675, 52.5716461], [70.3844987, 52.5718242], [70.3848839, 52.5719845], [70.3852523, 52.5721677], [70.3856165, 52.5722619], [70.3864078, 52.5724502], [70.3871489, 52.5726486], [70.3876638, 52.5727606], [70.3877685, 52.5728471], [70.3877769, 52.5729667], [70.3878355, 52.5734451], [70.3879611, 52.5736995], [70.3881746, 52.573931], [70.3884844, 52.5741651], [70.3885723, 52.5743738], [70.3885535, 52.5744552], [70.3884886, 52.574541], [70.3882775, 52.5746097], [70.387925, 52.5746848], [70.3875733, 52.574805], [70.3871117, 52.5749699], [70.3867162, 52.5749929], [70.3862669, 52.5750063], [70.3845954, 52.5751378], [70.3843009, 52.5751846], [70.383916, 52.575315], [70.3828419, 52.5756803], [70.381552, 52.5762384], [70.381515, 52.5762852], [70.3815091, 52.5763455], [70.381518, 52.5764049], [70.3816453, 52.5765236], [70.3824458, 52.5772812], [70.3827211, 52.5775532], [70.3828514, 52.5776234], [70.3830261, 52.577645], [70.3832126, 52.5776467], [70.3833665, 52.5776126], [70.385048, 52.577179], [70.3860279, 52.5769739], [70.3863388, 52.5769181], [70.3864661, 52.5769127], [70.3866467, 52.5769433], [70.3869397, 52.5770279], [70.3889765, 52.5778302], [70.3925142, 52.5792083], [70.3935918, 52.5796472], [70.3942609, 52.5798631], [70.3948263, 52.5800322], [70.3951904, 52.5801167], [70.3955842, 52.5802642], [70.3958062, 52.5803614], [70.3960016, 52.5804027], [70.3962651, 52.5803991], [70.3965404, 52.5803326], [70.3968039, 52.5802067], [70.3971946, 52.5799386], [70.3986304, 52.5786002], [70.4001732, 52.5771445], [70.4018399, 52.5755631], [70.4034573, 52.5740357], [70.3990319, 52.5723508], [70.3934403, 52.5700765], [70.3861182, 52.567048], [70.3790969, 52.5642521], [70.3780335, 52.5639161], [70.3767273, 52.5635242], [70.37625, 52.5634275], [70.3760291, 52.5634291]]]}, "properties": {"district_en": "Bulandy", "district_ru": "Буландынский", "area_ha": 146.91, "source": "OSM ODbL", "demo": false, "osm_type": "way", "osm_id": 318834321, "osm_name": null}}, {"type": "Feature", "geometry": {"type": "Polygon", "coordinates": [[[70.3966632, 52.4814407], [70.3965115, 52.4818172], [70.396286, 52.4821629], [70.3958584, 52.4828401], [70.3955434, 52.4835599], [70.3953452, 52.4838677], [70.3953257, 52.4839648], [70.3954268, 52.4840713], [70.3956795, 52.4841447], [70.3961461, 52.4842228], [70.3965582, 52.4842347], [70.396842, 52.4842631], [70.3969898, 52.4843389], [70.3970364, 52.4844241], [70.3970559, 52.4845851], [70.3970481, 52.4847792], [70.3971025, 52.4849308], [70.397433, 52.4851699], [70.3979423, 52.4852859], [70.4009633, 52.4860649], [70.4061888, 52.4874049], [70.4078645, 52.4878098], [70.4080472, 52.4877979], [70.4081716, 52.4877648], [70.4083233, 52.4876488], [70.4087937, 52.4868912], [70.4090114, 52.4865999], [70.4092447, 52.4863371], [70.4093108, 52.4863206], [70.4092953, 52.4866615], [70.4093264, 52.488101], [70.409408, 52.4883969], [70.4094469, 52.4887331], [70.4093652, 52.4890669], [70.4091825, 52.4898718], [70.4088248, 52.4909182], [70.4085177, 52.491555], [70.4081366, 52.4920853], [70.40781, 52.4925516], [70.4070169, 52.4938915], [70.4070402, 52.4940004], [70.4070908, 52.4940856], [70.4073046, 52.4941755], [70.4077206, 52.4942939], [70.4080511, 52.4944265], [70.4081639, 52.4945188], [70.4081872, 52.4945519], [70.4083738, 52.4947768], [70.4084593, 52.495004], [70.4083738, 52.4952195], [70.4080161, 52.495797], [70.4078995, 52.496003], [70.4079189, 52.4961284], [70.4079967, 52.496242], [70.4082844, 52.4963651], [70.4089842, 52.4966255], [70.4094547, 52.4967557], [70.4108427, 52.497132], [70.4125495, 52.4977404], [70.4147384, 52.498299], [70.4148978, 52.4983108], [70.4152905, 52.4983084], [70.4157338, 52.498299], [70.4159009, 52.4983179], [70.4177944, 52.4985972], [70.4208853, 52.4989996], [70.4244623, 52.4994872], [70.425687, 52.4996552], [70.4261225, 52.4996718], [70.4264607, 52.4996339], [70.4267212, 52.4996102], [70.4267718, 52.4996079], [70.4270595, 52.4996363], [70.4274949, 52.4997096], [70.4289024, 52.500015], [70.4296955, 52.5001451], [70.4301038, 52.5001451], [70.4305042, 52.5000741], [70.4354406, 52.4990156], [70.4371484, 52.4986974], [70.4381981, 52.4984607], [70.4389913, 52.4982406], [70.4392284, 52.4981364], [70.4394073, 52.4979992], [70.4395317, 52.4976725], [70.4404065, 52.495812], [70.4406087, 52.4953765], [70.4406825, 52.4950759], [70.4407447, 52.4946995], [70.4408886, 52.4944864], [70.441118, 52.4942568], [70.4414368, 52.4941361], [70.4417906, 52.4940982], [70.4423505, 52.4941645], [70.4432758, 52.4943113], [70.4436763, 52.4943136], [70.4443839, 52.4941929], [70.4469811, 52.4933573], [70.4471055, 52.493291], [70.4472416, 52.4931466], [70.447366, 52.4929241], [70.4475371, 52.4923133], [70.4476654, 52.4916931], [70.4477457, 52.4913887], [70.4479189, 52.4909869], [70.4481334, 52.4906454], [70.4483423, 52.4904077], [70.4460439, 52.4900327], [70.4428548, 52.4894669], [70.4398142, 52.4889664], [70.4370292, 52.4884692], [70.4335735, 52.4878548], [70.4304339, 52.4872739], [70.4276434, 52.4868018], [70.4244625, 52.4862359], [70.4222494, 52.4858659], [70.4199043, 52.4854374], [70.4171386, 52.4849485], [70.4144801, 52.4844529], [70.4134711, 52.4842688], [70.4120938, 52.4840561], [70.4115055, 52.4839607], [70.4088167, 52.4835053], [70.4062187, 52.4830399], [70.404297, 52.4827033], [70.4014323, 52.4821994], [70.3985291, 52.4816988], [70.3976686, 52.4814861], [70.3972755, 52.4814125], [70.3969318, 52.4814058], [70.3966899, 52.4814141], [70.3966632, 52.4814407]]]}, "properties": {"district_en": "Bulandy", "district_ru": "Буландынский", "area_ha": 361.95, "source": "OSM ODbL", "demo": false, "osm_type": "way", "osm_id": 320091938, "osm_name": null}}, {"type": "Feature", "geometry": {"type": "Polygon", "coordinates": [[[70.3476073, 52.4840057], [70.347825, 52.4843971], [70.3479261, 52.4851157], [70.3489938, 52.4892868], [70.3504772, 52.4947336], [70.3528148, 52.4980178], [70.3530564, 52.4987703], [70.3535004, 52.4992048], [70.3536408, 52.4992356], [70.3540847, 52.4992116], [70.3567988, 52.4986335], [70.3583497, 52.4983462], [70.359097, 52.4982504], [70.3592881, 52.4982641], [70.3593949, 52.4983256], [70.3599624, 52.4992185], [70.3601478, 52.4993929], [70.3605187, 52.4995332], [70.3620696, 52.4998924], [70.3627663, 52.499971], [70.3632496, 52.4999779], [70.3654579, 52.4997453], [70.3676719, 52.4997624], [70.3685428, 52.4998445], [70.3692396, 52.499995], [70.369824, 52.5002105], [70.3703129, 52.5005149], [70.3705433, 52.5009323], [70.3707568, 52.5011512], [70.3710771, 52.5013838], [70.3714311, 52.5014796], [70.372111, 52.5014693], [70.3734034, 52.5012264], [70.3764041, 52.5005149], [70.3768929, 52.5003405], [70.3777695, 52.4997487], [70.3782921, 52.4996084], [70.3786405, 52.4994066], [70.3789664, 52.4991295], [70.3790339, 52.4989385], [70.379157, 52.4983556], [70.3790741, 52.4975725], [70.3792056, 52.4972059], [70.3794559, 52.4969422], [70.3801211, 52.4964092], [70.3816787, 52.495519], [70.3824336, 52.4952505], [70.382529, 52.4951707], [70.3826283, 52.4949747], [70.3828031, 52.4933176], [70.3833084, 52.4915359], [70.3833408, 52.4909755], [70.3838706, 52.4900536], [70.383958, 52.4898092], [70.3840455, 52.489035], [70.3839819, 52.4884519], [70.3829766, 52.4866591], [70.382778, 52.4860058], [70.3826031, 52.4847476], [70.3824919, 52.4837434], [70.3826806, 52.4813343], [70.3828236, 52.4802477], [70.382768, 52.4800057], [70.3826607, 52.4798799], [70.3819137, 52.4791733], [70.3815879, 52.478999], [70.3805071, 52.4787232], [70.3796966, 52.4786215], [70.3790688, 52.4785998], [70.3786913, 52.4786385], [70.3777576, 52.478924], [70.3731261, 52.4798144], [70.3681082, 52.4806084], [70.3649446, 52.4812997], [70.3647002, 52.4815221], [70.3645344, 52.4816008], [70.3642787, 52.4816213], [70.3632476, 52.4815734], [70.35938, 52.4823387], [70.3548172, 52.4831703], [70.3532663, 52.4833893], [70.3516874, 52.4835399], [70.3491475, 52.4839608], [70.347641, 52.4839441], [70.3475623, 52.4839647], [70.3476073, 52.4840057]]]}, "properties": {"district_en": "Bulandy", "district_ru": "Буландынский", "area_ha": 455.1, "source": "OSM ODbL", "demo": false, "osm_type": "way", "osm_id": 320091950, "osm_name": null}}, {"type": "Feature", "geometry": {"type": "Polygon", "coordinates": [[[70.432298, 52.5296734], [70.4321127, 52.5299352], [70.4318546, 52.5304465], [70.4312887, 52.5313464], [70.4308485, 52.5320953], [70.4307095, 52.5324476], [70.4307327, 52.5325543], [70.4308254, 52.5326086], [70.4312324, 52.5327214], [70.4328705, 52.5329851], [70.4340288, 52.5331985], [70.4348131, 52.533285], [70.4353989, 52.5332991], [70.4359515, 52.5334259], [70.4367424, 52.5335608], [70.4371065, 52.5335628], [70.4373745, 52.5335206], [70.4378676, 52.5332951], [70.4382846, 52.5331099], [70.4388108, 52.5330334], [70.4394594, 52.5330032], [70.440707, 52.5332709], [70.4419017, 52.5335206], [70.442686, 52.5336715], [70.4440958, 52.5340802], [70.4457339, 52.5345049], [70.4471834, 52.5349075], [70.4480471, 52.5351853], [70.4483549, 52.5352034], [70.4487123, 52.5351088], [70.4489373, 52.5350082], [70.4491789, 52.5346156], [70.449394, 52.5342332], [70.4505556, 52.5330435], [70.4513564, 52.5322886], [70.4508799, 52.5321537], [70.4502677, 52.5320772], [70.4498143, 52.5320369], [70.4496224, 52.5319966], [70.4495793, 52.5319282], [70.4496488, 52.5317732], [70.4502941, 52.5308149], [70.4503835, 52.5304968], [70.4503107, 52.5300801], [70.4501353, 52.529911], [70.4498342, 52.5298224], [70.4493775, 52.5297117], [70.4501353, 52.5286789], [70.4505159, 52.5281534], [70.4505225, 52.5280085], [70.4504265, 52.5278454], [70.4501188, 52.5275776], [70.4498739, 52.5274629], [70.4495628, 52.5273743], [70.4491789, 52.5273662], [70.4488182, 52.5274427], [70.4486329, 52.5275414], [70.4482688, 52.5280367], [70.4477757, 52.528701], [70.4473257, 52.5291983], [70.4471933, 52.5292668], [70.4468888, 52.5292003], [70.44489, 52.5287051], [70.4449297, 52.5283467], [70.4452176, 52.5269454], [70.4453599, 52.526128], [70.445307, 52.525985], [70.4451515, 52.5258542], [70.4447245, 52.5257938], [70.4442017, 52.5257314], [70.4438608, 52.5256267], [70.4434769, 52.5254877], [70.4433578, 52.525375], [70.4432155, 52.525073], [70.4431063, 52.5249199], [70.4428978, 52.5248032], [70.4425735, 52.524785], [70.4422558, 52.5249803], [70.4420936, 52.5251454], [70.4419381, 52.525526], [70.4418487, 52.5262407], [70.4417693, 52.5269052], [70.4417064, 52.5275736], [70.4415906, 52.5278675], [70.4414913, 52.5279863], [70.4413192, 52.5280024], [70.4411836, 52.5279903], [70.4401875, 52.5277065], [70.4397606, 52.527642], [70.4394429, 52.5276743], [70.4391318, 52.5277588], [70.4386883, 52.5279803], [70.4384732, 52.5281534], [70.4383872, 52.5282098], [70.4382614, 52.528238], [70.4380728, 52.5282199], [70.4372455, 52.5281293], [70.436855, 52.5281756], [70.436395, 52.5283326], [70.4360971, 52.5285219], [70.4357066, 52.5289809], [70.4354684, 52.5290856], [70.4350084, 52.529156], [70.4333735, 52.529305], [70.4328672, 52.5294399], [70.43248, 52.5295607], [70.432298, 52.5296734]]]}, "properties": {"district_en": "Bulandy", "district_ru": "Буландынский", "area_ha": 81.53, "source": "OSM ODbL", "demo": false, "osm_type": "way", "osm_id": 352168215, "osm_name": null}}, {"type": "Feature", "geometry": {"type": "Polygon", "coordinates": [[[70.4464507, 52.5215056], [70.4480723, 52.5217714], [70.4507198, 52.5221942], [70.4518416, 52.5222627], [70.4522156, 52.5222748], [70.4529569, 52.5223231], [70.4539232, 52.5224077], [70.4549061, 52.5223936], [70.4557599, 52.522454], [70.4561437, 52.5225587], [70.4563191, 52.5227258], [70.4563622, 52.5232755], [70.4563059, 52.5237789], [70.4563986, 52.5240326], [70.4566898, 52.5244252], [70.4562, 52.5243447], [70.4541515, 52.5239943], [70.4519972, 52.5236601], [70.4508951, 52.5234185], [70.4500248, 52.5231265], [70.4482311, 52.5225406], [70.4467717, 52.5220815], [70.4461264, 52.5218177], [70.4460404, 52.521713], [70.4460371, 52.5216184], [70.4461463, 52.5215298], [70.4462952, 52.5214875], [70.4464507, 52.5215056]]]}, "properties": {"district_en": "Bulandy", "district_ru": "Буландынский", "area_ha": 9.25, "source": "OSM ODbL", "demo": false, "osm_type": "way", "osm_id": 352168217, "osm_name": null}}, {"type": "Feature", "geometry": {"type": "Polygon", "coordinates": [[[70.4593432, 52.5198297], [70.4597635, 52.5198397], [70.4614214, 52.5201901], [70.463877, 52.5208365], [70.4657567, 52.5212956], [70.4684902, 52.5219057], [70.4690163, 52.5220708], [70.4693704, 52.5222621], [70.4695094, 52.5224595], [70.4694763, 52.5226508], [70.4692215, 52.5230615], [70.4689535, 52.5233394], [70.4683545, 52.5236736], [70.4680732, 52.5237522], [70.4677389, 52.5236938], [70.4667859, 52.5235609], [70.4654357, 52.5233837], [70.4636089, 52.5229387], [70.4616895, 52.5224917], [70.4596907, 52.5220749], [70.4590586, 52.5218494], [70.4582246, 52.5215332], [70.4578871, 52.5214245], [70.4578407, 52.5213359], [70.4579102, 52.521199], [70.4582511, 52.5206754], [70.4586383, 52.5202848], [70.4589692, 52.520023], [70.4592373, 52.5198639], [70.4593432, 52.5198297]]]}, "properties": {"district_en": "Bulandy", "district_ru": "Буландынский", "area_ha": 17.02, "source": "OSM ODbL", "demo": false, "osm_type": "way", "osm_id": 352168218, "osm_name": null}}, {"type": "Feature", "geometry": {"type": "Polygon", "coordinates": [[[70.4564485, 52.5227089], [70.456551, 52.5226142], [70.4567364, 52.5225377], [70.4569482, 52.5225317], [70.4574015, 52.5226142], [70.4587319, 52.5228397], [70.4600821, 52.5230955], [70.4620214, 52.5234317], [70.4636595, 52.5237599], [70.4645729, 52.5240338], [70.4651222, 52.5242532], [70.4658139, 52.5244465], [70.4666842, 52.5245734], [70.4682495, 52.5247385], [70.4693184, 52.5248653], [70.4699638, 52.5249539], [70.4702649, 52.5250868], [70.4704337, 52.525264], [70.4700767, 52.525714], [70.4698567, 52.5258991], [70.4696789, 52.5259048], [70.4688224, 52.525771], [70.4685135, 52.5257482], [70.4684199, 52.5257767], [70.4683544, 52.5258906], [70.4682234, 52.5262493], [70.4681672, 52.5263889], [70.4679519, 52.52646], [70.4677039, 52.5264572], [70.4672406, 52.526349], [70.4663888, 52.5262209], [70.4654949, 52.5261582], [70.4643436, 52.5261212], [70.462158, 52.5258763], [70.4599209, 52.5254435], [70.4592282, 52.5253154], [70.4587368, 52.5252869], [70.4576514, 52.525173], [70.4574642, 52.525099], [70.4573518, 52.5250079], [70.456823, 52.5244868], [70.4566241, 52.5242163], [70.456472, 52.5239814], [70.4564041, 52.5237493], [70.4564977, 52.5232794], [70.4564533, 52.5229505], [70.4564158, 52.5227925], [70.4564485, 52.5227089]]]}, "properties": {"district_en": "Bulandy", "district_ru": "Буландынский", "area_ha": 20.61, "source": "OSM ODbL", "demo": false, "osm_type": "way", "osm_id": 352168219, "osm_name": null}}, {"type": "Feature", "geometry": {"type": "Polygon", "coordinates": [[[70.4491396, 52.53493], [70.4491443, 52.5351435], [70.4493409, 52.5353741], [70.4497902, 52.5355534], [70.4509508, 52.5358039], [70.4523689, 52.5360317], [70.4534734, 52.5362708], [70.4545592, 52.5365612], [70.4560521, 52.5368544], [70.4574936, 52.5370394], [70.4586929, 52.5369909], [70.4592687, 52.5367453], [70.459871, 52.5362501], [70.4605395, 52.5359965], [70.4612874, 52.5354933], [70.462823, 52.5351148], [70.4644247, 52.5346679], [70.4664698, 52.5334803], [70.4681245, 52.5322241], [70.4681973, 52.5319906], [70.468012, 52.5317168], [70.4678664, 52.53129], [70.4682635, 52.5308632], [70.4699296, 52.5294515], [70.4721535, 52.5281348], [70.4718821, 52.5278208], [70.4708298, 52.5283362], [70.4702738, 52.528469], [70.4696252, 52.5284409], [70.4692281, 52.5285053], [70.468864, 52.5286583], [70.4678646, 52.5293871], [70.4671035, 52.5297092], [70.4666468, 52.5297978], [70.4659386, 52.52983], [70.4652701, 52.5297777], [70.4649061, 52.5297777], [70.4645156, 52.5300958], [70.4638669, 52.5305829], [70.463397, 52.5306554], [70.4629668, 52.5305467], [70.4625035, 52.5303172], [70.4620534, 52.5296689], [70.4619144, 52.5288798], [70.4616894, 52.5283362], [70.4613121, 52.5281228], [70.460776, 52.527861], [70.4603988, 52.5278167], [70.4601406, 52.5278127], [70.4597038, 52.5285174], [70.4598362, 52.5287549], [70.4600943, 52.5289965], [70.460273, 52.5291334], [70.4591081, 52.5305507], [70.4574998, 52.5300515], [70.4577844, 52.5294878], [70.4586713, 52.5284409], [70.4581683, 52.5282838], [70.4571821, 52.5278167], [70.4569041, 52.5276315], [70.4566923, 52.5272892], [70.456229, 52.527555], [70.4558639, 52.5278524], [70.4552788, 52.5286325], [70.4549044, 52.5291393], [70.4543943, 52.5295351], [70.4533226, 52.5306397], [70.4515067, 52.5323081], [70.4504911, 52.5332618], [70.4494989, 52.5343436], [70.4492836, 52.534745], [70.4491396, 52.53493]]]}, "properties": {"district_en": "Bulandy", "district_ru": "Буландынский", "area_ha": 82.06, "source": "OSM ODbL", "demo": false, "osm_type": "way", "osm_id": 352168220, "osm_name": null}}, {"type": "Feature", "geometry": {"type": "Polygon", "coordinates": [[[70.4731223, 52.5234949], [70.475156, 52.5238593], [70.477083, 52.5241803], [70.4782392, 52.5242958], [70.4793361, 52.5242417], [70.4816308, 52.5239531], [70.4834155, 52.5237691], [70.4841033, 52.5237474], [70.4846547, 52.5237474], [70.4850757, 52.5238088], [70.4853484, 52.5239675], [70.4854492, 52.5241334], [70.4854551, 52.5243174], [70.4854077, 52.5244834], [70.485212, 52.5245808], [70.483878, 52.5247467], [70.4807355, 52.5250606], [70.4791701, 52.525158], [70.4780436, 52.5252662], [70.4764308, 52.525176], [70.4740413, 52.5248189], [70.4720965, 52.5244329], [70.4713554, 52.5241623], [70.4707921, 52.524119], [70.4712249, 52.5239495], [70.4719957, 52.5237114], [70.4726479, 52.523531], [70.4728317, 52.5234985], [70.4731223, 52.5234949]]]}, "properties": {"district_en": "Bulandy", "district_ru": "Буландынский", "area_ha": 10.47, "source": "OSM ODbL", "demo": false, "osm_type": "way", "osm_id": 358720653, "osm_name": null}}, {"type": "Feature", "geometry": {"type": "Polygon", "coordinates": [[[70.4722322, 52.5347224], [70.4734103, 52.5346434], [70.4750035, 52.5345694], [70.4763703, 52.5344572], [70.4765799, 52.5343909], [70.4768147, 52.5342838], [70.4769992, 52.5341103], [70.4771501, 52.5340007], [70.4774268, 52.5339216], [70.4786972, 52.5337865], [70.481066, 52.5336666], [70.4831036, 52.5335518], [70.483242, 52.5335926], [70.483372, 52.5336921], [70.4835103, 52.5338783], [70.4836445, 52.5340109], [70.4839086, 52.5340976], [70.4841015, 52.5341206], [70.4845711, 52.5340695], [70.4854305, 52.5340007], [70.4857115, 52.5340542], [70.4858498, 52.5341512], [70.4858875, 52.5342736], [70.4858121, 52.5344546], [70.4855982, 52.5346689], [70.4846843, 52.5353421], [70.4838625, 52.5359312], [70.4836738, 52.5358955], [70.4835439, 52.5359389], [70.48346, 52.5359873], [70.4833678, 52.5361302], [70.4831917, 52.5362347], [70.4822232, 52.536755], [70.4810702, 52.53714], [70.4800137, 52.5373134], [70.4785588, 52.5375277], [70.477213, 52.5376373], [70.4763913, 52.5376067], [70.4753054, 52.5377011], [70.4748148, 52.5377011], [70.4734396, 52.5377317], [70.4720687, 52.5378082], [70.4700017, 52.5378439], [70.4688026, 52.5378158], [70.4677544, 52.5376246], [70.4673436, 52.5374435], [70.4668405, 52.5373185], [70.466547, 52.537214], [70.4664422, 52.5371094], [70.4664296, 52.5368315], [70.4665889, 52.5363648], [70.4667356, 52.5360562], [70.4669117, 52.5359516], [70.4672262, 52.5359236], [70.4692973, 52.5358955], [70.4701275, 52.5359032], [70.4704419, 52.5358445], [70.4706641, 52.5357349], [70.4708151, 52.5355921], [70.4711631, 52.5351305], [70.4713936, 52.5349392], [70.4716536, 52.5348168], [70.4719471, 52.5347505], [70.4722322, 52.5347224]]]}, "properties": {"district_en": "Bulandy", "district_ru": "Буландынский", "area_ha": 38.96, "source": "OSM ODbL", "demo": false, "osm_type": "way", "osm_id": 358720654, "osm_name": null}}, {"type": "Feature", "geometry": {"type": "Polygon", "coordinates": [[[70.3839242, 52.6214712], [70.38624, 52.6280706], [70.3859257, 52.6282129], [70.3715787, 52.6340785], [70.3658637, 52.628599], [70.3839242, 52.6214712]]]}, "properties": {"district_en": "Bulandy", "district_ru": "Буландынский", "area_ha": 94.03, "source": "OSM ODbL", "demo": false, "osm_type": "way", "osm_id": 415404102, "osm_name": null}}, {"type": "Feature", "geometry": {"type": "Polygon", "coordinates": [[[70.2103091, 52.5526394], [70.2101857, 52.5526704], [70.2100972, 52.5527634], [70.2101133, 52.5529281], [70.2106551, 52.5540795], [70.2111835, 52.5552634], [70.2117816, 52.5565093], [70.2126507, 52.5585037], [70.2130637, 52.5595636], [70.2131818, 52.5603169], [70.213273, 52.5607441], [70.2132823, 52.5607596], [70.2133239, 52.5607873], [70.2133816, 52.5607987], [70.2134352, 52.5608044], [70.2135036, 52.5607996], [70.213855, 52.5606642], [70.2146704, 52.5604278], [70.2166633, 52.5599386], [70.2199302, 52.559107], [70.2224059, 52.5584515], [70.2249835, 52.5577519], [70.2273036, 52.5571518], [70.2303908, 52.5563414], [70.2331884, 52.5555961], [70.2353958, 52.5549846], [70.237952, 52.5543453], [70.2383623, 52.5542744], [70.2384415, 52.5542597], [70.238471, 52.5542091], [70.2384281, 52.5541578], [70.2382765, 52.5541048], [70.2381759, 52.5541292], [70.2378527, 52.554161], [70.2375496, 52.554148], [70.236753, 52.5539784], [70.2343337, 52.5533342], [70.225941, 52.5511455], [70.2241279, 52.5506726], [70.2239106, 52.5506204], [70.2234466, 52.5506253], [70.2227894, 52.5507982], [70.221679, 52.5511146], [70.2210487, 52.5511912], [70.2143619, 52.5521127], [70.2103091, 52.5526394]]]}, "properties": {"district_en": "Bulandy", "district_ru": "Буландынский", "area_ha": 112.44, "source": "OSM ODbL", "demo": false, "osm_type": "way", "osm_id": 464049861, "osm_name": null}}, {"type": "Feature", "geometry": {"type": "Polygon", "coordinates": [[[70.2283404, 52.5191869], [70.2299832, 52.5183668], [70.2317347, 52.517536], [70.2326869, 52.5170937], [70.2330396, 52.5169003], [70.2337075, 52.5165257], [70.234551, 52.5161282], [70.2352122, 52.5157936], [70.2364715, 52.5151236], [70.2377334, 52.514416], [70.2388774, 52.5138063], [70.2400308, 52.5132211], [70.2417849, 52.5122989], [70.242324, 52.5119895], [70.2428095, 52.5116786], [70.2434345, 52.5113251], [70.2434908, 52.5113774], [70.2449057, 52.5139924], [70.2472285, 52.5183178], [70.2497122, 52.5227081], [70.2519652, 52.5268433], [70.2524373, 52.5277898], [70.2540466, 52.5304528], [70.2548647, 52.5320975], [70.2565384, 52.5353068], [70.2574343, 52.5370508], [70.2580217, 52.5379171], [70.2579734, 52.5380558], [70.2569247, 52.5384441], [70.253883, 52.5395338], [70.2503908, 52.5407671], [70.2460081, 52.5423299], [70.242438, 52.5435713], [70.2390102, 52.5448403], [70.2367276, 52.5456298], [70.2342466, 52.5465383], [70.2319855, 52.5473604], [70.229609, 52.5482314], [70.2281258, 52.5487337], [70.2277771, 52.5485119], [70.2260819, 52.5473588], [70.2247569, 52.5464127], [70.2229411, 52.5451192], [70.2213881, 52.5440166], [70.2196956, 52.5428127], [70.2176947, 52.5414001], [70.2161819, 52.540325], [70.2145618, 52.539139], [70.2126065, 52.5377556], [70.2107746, 52.5363803], [70.2090633, 52.5352073], [70.2073708, 52.5340326], [70.2054303, 52.5327648], [70.2036962, 52.5315289], [70.2036546, 52.5314301], [70.2036855, 52.5313404], [70.2038303, 52.5312466], [70.204521, 52.5309202], [70.2056274, 52.5303647], [70.2066507, 52.5298972], [70.2073668, 52.5295831], [70.2078885, 52.5292975], [70.2082841, 52.529078], [70.2088742, 52.5288039], [70.2097164, 52.5284123], [70.2106351, 52.5279725], [70.2118019, 52.5274202], [70.2127084, 52.5269632], [70.2131738, 52.5267348], [70.2140817, 52.5263195], [70.2146852, 52.5260355], [70.215506, 52.5256227], [70.2162959, 52.5252123], [70.2169436, 52.5248875], [70.2175592, 52.5245766], [70.2183719, 52.5241752], [70.2190666, 52.5238251], [70.2197412, 52.5234841], [70.2203259, 52.5231879], [70.2210474, 52.5228296], [70.2216992, 52.5225106], [70.2227332, 52.5220063], [70.2239952, 52.5213959], [70.225166, 52.5208157], [70.2259639, 52.5204159], [70.2269027, 52.5199279], [70.227706, 52.5195109], [70.2283404, 52.5191869]]]}, "properties": {"district_en": "Bulandy", "district_ru": "Буландынский", "area_ha": 798.96, "source": "OSM ODbL", "demo": false, "osm_type": "way", "osm_id": 464219320, "osm_name": null}}, {"type": "Feature", "geometry": {"type": "Polygon", "coordinates": [[[70.4883548, 52.5149362], [70.4881929, 52.515135], [70.4883674, 52.5158707], [70.488653, 52.5165136], [70.4885832, 52.518259], [70.4888529, 52.5184347], [70.4892209, 52.5184752], [70.4896302, 52.5184019], [70.4897984, 52.5182474], [70.4898206, 52.5174346], [70.4899983, 52.5160927], [70.4901062, 52.516002], [70.4914927, 52.5155772], [70.491737, 52.5156062], [70.4920638, 52.5157432], [70.4925587, 52.5158475], [70.4928062, 52.5158533], [70.4931394, 52.5157471], [70.4939453, 52.5153243], [70.4950494, 52.5148724], [70.4957792, 52.5146543], [70.4972958, 52.5144032], [70.4993962, 52.5135305], [70.502976, 52.511768], [70.5032107, 52.511741], [70.5086997, 52.5128184], [70.5102798, 52.5130386], [70.5107303, 52.5135406], [70.5107938, 52.5137028], [70.5106478, 52.5139577], [70.5096072, 52.5150235], [70.5092663, 52.5151807], [70.5080512, 52.515424], [70.5077244, 52.5156383], [70.5071945, 52.516399], [70.5069819, 52.5166134], [70.5064552, 52.5168856], [70.5057064, 52.5171617], [70.5054875, 52.5173721], [70.505478, 52.5174552], [70.5056239, 52.5175865], [70.5073722, 52.5180633], [70.5078005, 52.5182043], [70.5078925, 52.5183163], [70.5080067, 52.5190094], [70.5082288, 52.5191194], [70.5083557, 52.5193337], [70.5083272, 52.5194553], [70.5076609, 52.5202894], [70.5061824, 52.5216639], [70.5056937, 52.5219516], [70.5051512, 52.5221697], [70.5045388, 52.5223223], [70.5034759, 52.5224014], [70.5032253, 52.5225114], [70.5027049, 52.5229651], [70.5025114, 52.5232122], [70.5023623, 52.523662], [70.5020545, 52.5241137], [70.501293, 52.5245268], [70.5010138, 52.5248589], [70.5006743, 52.525133], [70.5000969, 52.5253994], [70.4995067, 52.5255982], [70.4994687, 52.5258009], [70.4998177, 52.5258993], [70.5023686, 52.5262275], [70.5054431, 52.5267159], [70.5092203, 52.5273803], [70.5094678, 52.5274093], [70.5101309, 52.5272549], [70.5103784, 52.5272452], [70.5107401, 52.5273282], [70.5121107, 52.5280965], [70.5122345, 52.5281119], [70.5123994, 52.5280694], [70.5123994, 52.5279227], [70.5111906, 52.5272452], [70.511143, 52.5270155], [70.5113492, 52.5264654], [70.5115587, 52.5262086], [70.5118379, 52.5261276], [70.5122852, 52.5261469], [70.5128595, 52.5263302], [70.5134623, 52.5268341], [70.5150741, 52.5278166], [70.5155088, 52.5278764], [70.5158039, 52.5278166], [70.5158927, 52.5277587], [70.5159879, 52.5276621], [70.5160514, 52.5274267], [70.5158547, 52.5271892], [70.5153533, 52.5267897], [70.5152613, 52.5262704], [70.5153851, 52.5260195], [70.5153819, 52.5257975], [70.5151186, 52.5256295], [70.5138875, 52.525255], [70.5137669, 52.5250813], [70.5138621, 52.524757], [70.5144301, 52.524284], [70.5151249, 52.5238342], [70.5154009, 52.5237474], [70.5163528, 52.5238786], [70.516724, 52.5238651], [70.5183263, 52.5234462], [70.5186087, 52.5235312], [70.5201728, 52.5245515], [70.5217796, 52.5256436], [70.5234549, 52.5267092], [70.5243687, 52.5271956], [70.5251428, 52.5274736], [70.5254982, 52.5275238], [70.5257411, 52.5274745], [70.5259385, 52.5273367], [70.5259542, 52.527207], [70.5258577, 52.5270869], [70.5250039, 52.5267527], [70.5242456, 52.5262504], [70.5230475, 52.5253331], [70.5222309, 52.5246315], [70.5214639, 52.5241241], [70.521049, 52.5234945], [70.5205977, 52.5228075], [70.5205216, 52.5221434], [70.520033, 52.5213268], [70.5197665, 52.5210584], [70.5196998, 52.5208808], [70.5198109, 52.5205719], [70.5200901, 52.5201337], [70.52029, 52.5200024], [70.5212164, 52.5197862], [70.5214322, 52.5195989], [70.521924, 52.5187378], [70.5228917, 52.5182301], [70.5231519, 52.5179887], [70.523209, 52.5178034], [70.5227584, 52.5175543], [70.5214322, 52.5169963], [70.5213021, 52.5168959], [70.5209817, 52.5165156], [70.5205343, 52.5161545], [70.5202551, 52.5158475], [70.5199855, 52.5152924], [70.519806, 52.5151204], [70.5200438, 52.5148009], [70.5202996, 52.5145879], [70.5217803, 52.5136868], [70.5224175, 52.5132144], [70.523231, 52.5123822], [70.5236528, 52.5117595], [70.5237066, 52.5114864], [70.5235361, 52.5110277], [70.5236438, 52.5105743], [70.5241284, 52.5099244], [70.5267488, 52.5089303], [70.5274398, 52.5084988], [70.5280321, 52.5079362], [70.5287411, 52.5074883], [70.5298359, 52.5071278], [70.5304731, 52.506374], [70.5306526, 52.5058551], [70.5306526, 52.5046807], [70.5306077, 52.5044731], [70.5302128, 52.5039924], [70.5300603, 52.503681], [70.5300423, 52.5031512], [70.53015, 52.502949], [70.5306615, 52.5023918], [70.5308365, 52.5020258], [70.530859, 52.5009606], [70.5311192, 52.5006328], [70.5310743, 52.4999608], [70.5312314, 52.5000127], [70.5316577, 52.5000264], [70.5319628, 52.4997068], [70.5321643, 52.4993591], [70.5325076, 52.4993769], [70.5332636, 52.4990696], [70.5335306, 52.4990546], [70.5345178, 52.4992649], [70.5348678, 52.4992376], [70.5350764, 52.4990723], [70.5352985, 52.4986271], [70.5353838, 52.4982365], [70.5353367, 52.4980261], [70.5352469, 52.4979619], [70.5350674, 52.4979469], [70.5342441, 52.4980807], [70.5339748, 52.4980603], [70.5337191, 52.4978144], [70.5334902, 52.4974648], [70.5332995, 52.4973131], [70.5331335, 52.4972667], [70.532979, 52.4967667], [70.5343571, 52.4956361], [70.5351122, 52.4948171], [70.5361339, 52.4940212], [70.5361099, 52.4939364], [70.5358213, 52.493797], [70.5357423, 52.493692], [70.5357513, 52.493539], [70.5361327, 52.4934051], [70.5367384, 52.4933778], [70.5369538, 52.4932904], [70.5385018, 52.4918315], [70.5395858, 52.4915676], [70.5412738, 52.4913822], [70.5426078, 52.4910166], [70.5440437, 52.4904156], [70.5443308, 52.4902188], [70.5444385, 52.4899948], [70.5437005, 52.4896813], [70.5443735, 52.4880283], [70.5445665, 52.4879572], [70.544912, 52.4879627], [70.546119, 52.4882386], [70.5469267, 52.4882687], [70.547317, 52.4878616], [70.5472093, 52.4876621], [70.5468235, 52.4875091], [70.545262, 52.4872632], [70.5319265, 52.4846401], [70.5312534, 52.4846401], [70.5306162, 52.484427], [70.5298893, 52.484345], [70.5292342, 52.4841264], [70.5230421, 52.4829022], [70.522378, 52.4836455], [70.5216152, 52.4849571], [70.5206729, 52.4861976], [70.520287, 52.48652], [70.5202332, 52.4867495], [70.5207358, 52.4868643], [70.5208704, 52.4869463], [70.5208793, 52.487061], [70.5203858, 52.487837], [70.5200806, 52.4879791], [70.5193448, 52.4878916], [70.5188512, 52.4880337], [70.5182948, 52.4880447], [70.5181422, 52.4881102], [70.5170025, 52.4895255], [70.5167513, 52.4897004], [70.5165807, 52.4897441], [70.5154859, 52.4897933], [70.5139872, 52.4900173], [70.5134488, 52.4899408], [70.5122821, 52.4895692], [70.5117347, 52.4896457], [70.5114296, 52.4897933], [70.5110886, 52.4900884], [70.5108642, 52.4904162], [70.510604, 52.4905911], [70.5104964, 52.4908174], [70.5106202, 52.4909585], [70.510195, 52.4910473], [70.5100744, 52.4911941], [70.509662, 52.4914414], [70.5094462, 52.491652], [70.509259, 52.4920075], [70.5092086, 52.4928022], [70.5090987, 52.4928842], [70.5089284, 52.4929428], [70.5086598, 52.4929159], [70.5080534, 52.4927222], [70.5077932, 52.4927184], [70.5073553, 52.4929193], [70.5069746, 52.4932709], [70.5062068, 52.493522], [70.5047917, 52.4937963], [70.5038906, 52.4938156], [70.5028763, 52.4940131], [70.5026414, 52.4941339], [70.502354, 52.4942276], [70.5021938, 52.4942468], [70.5018396, 52.4942547], [70.5011874, 52.4942599], [70.4994169, 52.4944686], [70.4982874, 52.4947545], [70.4977607, 52.4947351], [70.4971262, 52.4946308], [70.4964726, 52.4946192], [70.4928433, 52.4950252], [70.4926728, 52.4950853], [70.4924574, 52.4954076], [70.4925023, 52.4957518], [70.4926279, 52.4958392], [70.493651, 52.4961233], [70.4945663, 52.4964785], [70.4968547, 52.4967571], [70.4979496, 52.4967626], [70.5038366, 52.4963965], [70.5073365, 52.4960469], [70.509221, 52.4957136], [70.5112851, 52.4951126], [70.5122991, 52.4952601], [70.5131517, 52.4954513], [70.514444, 52.4958611], [70.514794, 52.4959321], [70.5142884, 52.4961155], [70.5136221, 52.4964883], [70.5124454, 52.4968475], [70.5087211, 52.4974485], [70.5074109, 52.497525], [70.5059661, 52.4978145], [70.5054725, 52.4979784], [70.5027623, 52.4985739], [70.5019457, 52.4988635], [70.4997111, 52.4995245], [70.4984099, 52.5000818], [70.4958702, 52.5007373], [70.4928639, 52.5014311], [70.4925049, 52.5017097], [70.4916354, 52.5016836], [70.4909247, 52.501475], [70.4905376, 52.5014171], [70.4902711, 52.5014557], [70.4896682, 52.501645], [70.4885704, 52.5054767], [70.4881326, 52.5061952], [70.4878914, 52.5071762], [70.4879803, 52.5072419], [70.4890527, 52.507462], [70.4895667, 52.5074891], [70.4897507, 52.5074002], [70.489922, 52.5069676], [70.4899347, 52.5065196], [70.4905185, 52.5055733], [70.4914704, 52.504654], [70.4914069, 52.503248], [70.4918384, 52.5029931], [70.4930631, 52.5027999], [70.4937992, 52.5027613], [70.4941736, 52.5028386], [70.4945671, 52.503051], [70.4981904, 52.5040283], [70.4986917, 52.5039626], [70.4991296, 52.5036768], [70.4995484, 52.5033021], [70.500056, 52.5030433], [70.5012427, 52.5027961], [70.5019724, 52.5029274], [70.5041617, 52.5036343], [70.5052785, 52.5037811], [70.5056529, 52.5037888], [70.5070743, 52.5035339], [70.5081975, 52.5034296], [70.510006, 52.5031746], [70.510869, 52.5029931], [70.5115417, 52.5027729], [70.5121445, 52.5026763], [70.5132931, 52.5025991], [70.5159646, 52.5019579], [70.5181856, 52.5017029], [70.5192009, 52.5016604], [70.5207682, 52.501475], [70.5211299, 52.5015059], [70.5214155, 52.5016759], [70.5215868, 52.5018961], [70.5217137, 52.5022205], [70.5217264, 52.5025489], [70.5205271, 52.5029158], [70.5182236, 52.5033909], [70.517405, 52.5037038], [70.5167261, 52.5038583], [70.5160725, 52.5039472], [70.514981, 52.5040012], [70.5140799, 52.5042253], [70.513623, 52.5044261], [70.5128108, 52.5045304], [70.5102662, 52.5049785], [70.5093651, 52.5052102], [70.5083815, 52.5055347], [70.5076201, 52.5059325], [70.5069284, 52.5062106], [70.5065349, 52.5064655], [70.5059511, 52.5066625], [70.5049866, 52.5068286], [70.5039269, 52.5069213], [70.5025943, 52.5071955], [70.502258, 52.5074659], [70.5022326, 52.5078019], [70.5017249, 52.5085782], [70.5017884, 52.5088293], [70.5018645, 52.5088988], [70.502461, 52.5092271], [70.5019407, 52.5092618], [70.5011856, 52.5091267], [70.5005193, 52.5090687], [70.499853, 52.5091267], [70.4991994, 52.5094472], [70.498641, 52.5099416], [70.4980952, 52.5103355], [70.495576, 52.511664], [70.4930251, 52.5128458], [70.4919526, 52.5134135], [70.4909437, 52.5137803], [70.4883548, 52.5149362]]]}, "properties": {"district_en": "Bulandy", "district_ru": "Буландынский", "area_ha": 764.96, "source": "OSM ODbL", "demo": false, "osm_type": "relation", "osm_id": 3805180, "osm_name": null}}, {"type": "Feature", "geometry": {"type": "Polygon", "coordinates": [[[69.32988868109688, 53.249575997125405], [69.35994434054844, 53.249575997125405], [69.35994434054844, 53.25855910887532], [69.32988868109688, 53.25855910887532], [69.32988868109688, 53.249575997125405]]]}, "properties": {"district_en": "Kokshetau", "district_ru": "Кокшетау", "area_ha": 199.72, "source": "demo-fallback", "demo": true, "note": "Демо-прямоугольник 1x2 км: Overpass вернул 0/ошибку, не данные OSM.", "demo_id": "Kokshetau_demo_1"}}, {"type": "Feature", "geometry": {"type": "Polygon", "coordinates": [[[69.40502782972578, 53.30347466762486], [69.43508348917734, 53.30347466762486], [69.43508348917734, 53.312457779374775], [69.40502782972578, 53.312457779374775], [69.40502782972578, 53.30347466762486]]]}, "properties": {"district_en": "Kokshetau", "district_ru": "Кокшетау", "area_ha": 199.47, "source": "demo-fallback", "demo": true, "note": "Демо-прямоугольник 1x2 км: Overpass вернул 0/ошибку, не данные OSM.", "demo_id": "Kokshetau_demo_2"}}, {"type": "Feature", "geometry": {"type": "Polygon", "coordinates": [[[69.34491651082266, 53.330424002874594], [69.37497217027422, 53.330424002874594], [69.37497217027422, 53.33940711462451], [69.34491651082266, 53.33940711462451], [69.34491651082266, 53.330424002874594]]]}, "properties": {"district_en": "Kokshetau", "district_ru": "Кокшетау", "area_ha": 199.35, "source": "demo-fallback", "demo": true, "note": "Демо-прямоугольник 1x2 км: Overpass вернул 0/ошибку, не данные OSM.", "demo_id": "Kokshetau_demo_3"}}]}