year,district,crop,yield_c_ha,source
2005,Зерендинский,spring_wheat,11.87,"BNS stat.gov.kz (dynamic-tables akmola/1485; gross-harvest 2024 pub. 04.02.2025) + grainunion.kz/APK-Inform anchors 2022-2024 + akimat Akmola 2024 6.6Mt / 2025 7.6Mt 16.3c/ha (prelim 2025) + FAOSTAT QCL shape 2005-2021/USDA-GAIN validation; district=oblast_anchor*agrocoef (downscaling, documented)"
2005,Зерендинский,barley,12.72,"BNS stat.gov.kz (dynamic-tables akmola/1485; gross-harvest 2024 pub. 04.02.2025) + grainunion.kz/APK-Inform anchors 2022-2024 + akimat Akmola 2024 6.6Mt / 2025 7.6Mt 16.3c/ha (prelim 2025) + FAOSTAT QCL shape 2005-2021/USDA-GAIN validation; district=oblast_anchor*agrocoef (downscaling, documented)"
2006,Зерендинский,spring_wheat,13.25,"BNS stat.gov.kz (dynamic-tables akmola/1485; gross-harvest 2024 pub. 04.02.2025) + grainunion.kz/APK-Inform anchors 2022-2024 + akimat Akmola 2024 6.6Mt / 2025 7.6Mt 16.3c/ha (prelim 2025) + FAOSTAT QCL shape 2005-2021/USDA-GAIN validation; district=oblast_anchor*agrocoef (downscaling, documented)"
2006,Зерендинский,barley,13.99,"BNS stat.gov.kz (dynamic-tables akmola/1485; gross-harvest 2024 pub. 04.02.2025) + grainunion.kz/APK-Inform anchors 2022-2024 + akimat Akmola 2024 6.6Mt / 2025 7.6Mt 16.3c/ha (prelim 2025) + FAOSTAT QCL shape 2005-2021/USDA-GAIN validation; district=oblast_anchor*agrocoef (downscaling, documented)"
2007,Зерендинский,spring_wheat,14.63,"BNS stat.gov.kz (dynamic-tables akmola/1485; gross-harvest 2024 pub. 04.02.2025) + grainunion.kz/APK-Inform anchors 2022-2024 + akimat Akmola 2024 6.6Mt / 2025 7.6Mt 16.3c/ha (prelim 2025) + FAOSTAT QCL shape 2005-2021/USDA-GAIN validation; district=oblast_anchor*agrocoef (downscaling, documented)"
2007,Зерендинский,barley,15.37,"BNS stat.gov.kz (dynamic-tables akmola/1485; gross-harvest 2024 pub. 04.02.2025) + grainunion.kz/APK-Inform anchors 2022-2024 + akimat Akmola 2024 6.6Mt / 2025 7.6Mt 16.3c/ha (prelim 2025) + FAOSTAT QCL shape 2005-2021/USDA-GAIN validation; district=oblast_anchor*agrocoef (downscaling, documented)"
2008,Зерендинский,spring_wheat,11.02,"BNS stat.gov.kz (dynamic-tables akmola/1485; gross-harvest 2024 pub. 04.02.2025) + grainunion.kz/APK-Inform anchors 2022-2024 + akimat Akmola 2024 6.6Mt / 2025 7.6Mt 16.3c/ha (prelim 2025) + FAOSTAT QCL shape 2005-2021/USDA-GAIN validation; district=oblast_anchor*agrocoef (downscaling, documented)"
2008,Зерендинский,barley,11.87,"BNS stat.gov.kz (dynamic-tables akmola/1485; gross-harvest 2024 pub. 04.02.2025) + grainunion.kz/APK-Inform anchors 2022-2024 + akimat Akmola 2024 6.6Mt / 2025 7.6Mt 16.3c/ha (prelim 2025) + FAOSTAT QCL shape 2005-2021/USDA-GAIN validation; district=oblast_anchor*agrocoef (downscaling, documented)"
2009,Зерендинский,spring_wheat,12.93,"BNS stat.gov.kz (dynamic-tables akmola/1485; gross-harvest 2024 pub. 04.02.2025) + grainunion.kz/APK-Inform anchors 2022-2024 + akimat Akmola 2024 6.6Mt / 2025 7.6Mt 16.3c/ha (prelim 2025) + FAOSTAT QCL shape 2005-2021/USDA-GAIN validation; district=oblast_anchor*agrocoef (downscaling, documented)"
2009,Зерендинский,barley,13.78,"BNS stat.gov.kz (dynamic-tables akmola/1485; gross-harvest 2024 pub. 04.02.2025) + grainunion.kz/APK-Inform anchors 2022-2024 + akimat Akmola 2024 6.6Mt / 2025 7.6Mt 16.3c/ha (prelim 2025) + FAOSTAT QCL shape 2005-2021/USDA-GAIN validation; district=oblast_anchor*agrocoef (downscaling, documented)"
2010,Зерендинский,spring_wheat,8.27,"BNS stat.gov.kz (dynamic-tables akmola/1485; gross-harvest 2024 pub. 04.02.2025) + grainunion.kz/APK-Inform anchors 2022-2024 + akimat Akmola 2024 6.6Mt / 2025 7.6Mt 16.3c/ha (prelim 2025) + FAOSTAT QCL shape 2005-2021/USDA-GAIN validation; district=oblast_anchor*agrocoef (downscaling, documented)"
2010,Зерендинский,barley,9.01,"BNS stat.gov.kz (dynamic-tables akmola/1485; gross-harvest 2024 pub. 04.02.2025) + grainunion.kz/APK-Inform anchors 2022-2024 + akimat Akmola 2024 6.6Mt / 2025 7.6Mt 16.3c/ha (prelim 2025) + FAOSTAT QCL shape 2005-2021/USDA-GAIN validation; district=oblast_anchor*agrocoef (downscaling, documented)"
2011,Зерендинский,spring_wheat,17.49,"BNS stat.gov.kz (dynamic-tables akmola/1485; gross-harvest 2024 pub. 04.02.2025) + grainunion.kz/APK-Inform anchors 2022-2024 + akimat Akmola 2024 6.6Mt / 2025 7.6Mt 16.3c/ha (prelim 2025) + FAOSTAT QCL shape 2005-2021/USDA-GAIN validation; district=oblast_anchor*agrocoef (downscaling, documented)"
2011,Зерендинский,barley,18.23,"BNS stat.gov.kz (dynamic-tables akmola/1485; gross-harvest 2024 pub. 04.02.2025) + grainunion.kz/APK-Inform anchors 2022-2024 + akimat Akmola 2024 6.6Mt / 2025 7.6Mt 16.3c/ha (prelim 2025) + FAOSTAT QCL shape 2005-2021/USDA-GAIN validation; district=oblast_anchor*agrocoef (downscaling, documented)"
2012,Зерендинский,spring_wheat,9.12,"BNS stat.gov.kz (dynamic-tables akmola/1485; gross-harvest 2024 pub. 04.02.2025) + grainunion.kz/APK-Inform anchors 2022-2024 + akimat Akmola 2024 6.6Mt / 2025 7.6Mt 16.3c/ha (prelim 2025) + FAOSTAT QCL shape 2005-2021/USDA-GAIN validation; district=oblast_anchor*agrocoef (downscaling, documented)"
2012,Зерендинский,barley,9.96,"BNS stat.gov.kz (dynamic-tables akmola/1485; gross-harvest 2024 pub. 04.02.2025) + grainunion.kz/APK-Inform anchors 2022-2024 + akimat Akmola 2024 6.6Mt / 2025 7.6Mt 16.3c/ha (prelim 2025) + FAOSTAT QCL shape 2005-2021/USDA-GAIN validation; district=oblast_anchor*agrocoef (downscaling, documented)"
2013,Зерендинский,spring_wheat,13.14,"BNS stat.gov.kz (dynamic-tables akmola/1485; gross-harvest 2024 pub. 04.02.2025) + grainunion.kz/APK-Inform anchors 2022-2024 + akimat Akmola 2024 6.6Mt / 2025 7.6Mt 16.3c/ha (prelim 2025) + FAOSTAT QCL shape 2005-2021/USDA-GAIN validation; district=oblast_anchor*agrocoef (downscaling, documented)"
2013,Зерендинский,barley,13.89,"BNS stat.gov.kz (dynamic-tables akmola/1485; gross-harvest 2024 pub. 04.02.2025) + grainunion.kz/APK-Inform anchors 2022-2024 + akimat Akmola 2024 6.6Mt / 2025 7.6Mt 16.3c/ha (prelim 2025) + FAOSTAT QCL shape 2005-2021/USDA-GAIN validation; district=oblast_anchor*agrocoef (downscaling, documented)"
2014,Зерендинский,spring_wheat,12.72,"BNS stat.gov.kz (dynamic-tables akmola/1485; gross-harvest 2024 pub. 04.02.2025) + grainunion.kz/APK-Inform anchors 2022-2024 + akimat Akmola 2024 6.6Mt / 2025 7.6Mt 16.3c/ha (prelim 2025) + FAOSTAT QCL shape 2005-2021/USDA-GAIN validation; district=oblast_anchor*agrocoef (downscaling, documented)"
2014,Зерендинский,barley,13.57,"BNS stat.gov.kz (dynamic-tables akmola/1485; gross-harvest 2024 pub. 04.02.2025) + grainunion.kz/APK-Inform anchors 2022-2024 + akimat Akmola 2024 6.6Mt / 2025 7.6Mt 16.3c/ha (prelim 2025) + FAOSTAT QCL shape 2005-2021/USDA-GAIN validation; district=oblast_anchor*agrocoef (downscaling, documented)"
2015,Зерендинский,spring_wheat,13.36,"BNS stat.gov.kz (dynamic-tables akmola/1485; gross-harvest 2024 pub. 04.02.2025) + grainunion.kz/APK-Inform anchors 2022-2024 + akimat Akmola 2024 6.6Mt / 2025 7.6Mt 16.3c/ha (prelim 2025) + FAOSTAT QCL shape 2005-2021/USDA-GAIN validation; district=oblast_anchor*agrocoef (downscaling, documented)"
2015,Зерендинский,barley,14.2,"BNS stat.gov.kz (dynamic-tables akmola/1485; gross-harvest 2024 pub. 04.02.2025) + grainunion.kz/APK-Inform anchors 2022-2024 + akimat Akmola 2024 6.6Mt / 2025 7.6Mt 16.3c/ha (prelim 2025) + FAOSTAT QCL shape 2005-2021/USDA-GAIN validation; district=oblast_anchor*agrocoef (downscaling, documented)"
2016,Зерендинский,spring_wheat,13.99,"BNS stat.gov.kz (dynamic-tables akmola/1485; gross-harvest 2024 pub. 04.02.2025) + grainunion.kz/APK-Inform anchors 2022-2024 + akimat Akmola 2024 6.6Mt / 2025 7.6Mt 16.3c/ha (prelim 2025) + FAOSTAT QCL shape 2005-2021/USDA-GAIN validation; district=oblast_anchor*agrocoef (downscaling, documented)"
2016,Зерендинский,barley,14.84,"BNS stat.gov.kz (dynamic-tables akmola/1485; gross-harvest 2024 pub. 04.02.2025) + grainunion.kz/APK-Inform anchors 2022-2024 + akimat Akmola 2024 6.6Mt / 2025 7.6Mt 16.3c/ha (prelim 2025) + FAOSTAT QCL shape 2005-2021/USDA-GAIN validation; district=oblast_anchor*agrocoef (downscaling, documented)"
2017,Зерендинский,spring_wheat,14.31,"BNS stat.gov.kz (dynamic-tables akmola/1485; gross-harvest 2024 pub. 04.02.2025) + grainunion.kz/APK-Inform anchors 2022-2024 + akimat Akmola 2024 6.6Mt / 2025 7.6Mt 16.3c/ha (prelim 2025) + FAOSTAT QCL shape 2005-2021/USDA-GAIN validation; district=oblast_anchor*agrocoef (downscaling, documented)"
2017,Зерендинский,barley,15.16,"BNS stat.gov.kz (dynamic-tables akmola/1485; gross-harvest 2024 pub. 04.02.2025) + grainunion.kz/APK-Inform anchors 2022-2024 + akimat Akmola 2024 6.6Mt / 2025 7.6Mt 16.3c/ha (prelim 2025) + FAOSTAT QCL shape 2005-2021/USDA-GAIN validation; district=oblast_anchor*agrocoef (downscaling, documented)"
2018,Зерендинский,spring_wheat,13.78,"BNS stat.gov.kz (dynamic-tables akmola/1485; gross-harvest 2024 pub. 04.02.2025) + grainunion.kz/APK-Inform anchors 2022-2024 + akimat Akmola 2024 6.6Mt / 2025 7.6Mt 16.3c/ha (prelim 2025) + FAOSTAT QCL shape 2005-2021/USDA-GAIN validation; district=oblast_anchor*agrocoef (downscaling, documented)"
2018,Зерендинский,barley,14.63,"BNS stat.gov.kz (dynamic-tables akmola/1485; gross-harvest 2024 pub. 04.02.2025) + grainunion.kz/APK-Inform anchors 2022-2024 + akimat Akmola 2024 6.6Mt / 2025 7.6Mt 16.3c/ha (prelim 2025) + FAOSTAT QCL shape 2005-2021/USDA-GAIN validation; district=oblast_anchor*agrocoef (downscaling, documented)"
2019,Зерендинский,spring_wheat,11.66,"BNS stat.gov.kz (dynamic-tables akmola/1485; gross-harvest 2024 pub. 04.02.2025) + grainunion.kz/APK-Inform anchors 2022-2024 + akimat Akmola 2024 6.6Mt / 2025 7.6Mt 16.3c/ha (prelim 2025) + FAOSTAT QCL shape 2005-2021/USDA-GAIN validation; district=oblast_anchor*agrocoef (downscaling, documented)"
2019,Зерендинский,barley,12.51,"BNS stat.gov.kz (dynamic-tables akmola/1485; gross-harvest 2024 pub. 04.02.2025) + grainunion.kz/APK-Inform anchors 2022-2024 + akimat Akmola 2024 6.6Mt / 2025 7.6Mt 16.3c/ha (prelim 2025) + FAOSTAT QCL shape 2005-2021/USDA-GAIN validation; district=oblast_anchor*agrocoef (downscaling, documented)"
2020,Зерендинский,spring_wheat,12.93,"BNS stat.gov.kz (dynamic-tables akmola/1485; gross-harvest 2024 pub. 04.02.2025) + grainunion.kz/APK-Inform anchors 2022-2024 + akimat Akmola 2024 6.6Mt / 2025 7.6Mt 16.3c/ha (prelim 2025) + FAOSTAT QCL shape 2005-2021/USDA-GAIN validation; district=oblast_anchor*agrocoef (downscaling, documented)"
2020,Зерендинский,barley,13.78,"BNS stat.gov.kz (dynamic-tables akmola/1485; gross-harvest 2024 pub. 04.02.2025) + grainunion.kz/APK-Inform anchors 2022-2024 + akimat Akmola 2024 6.6Mt / 2025 7.6Mt 16.3c/ha (prelim 2025) + FAOSTAT QCL shape 2005-2021/USDA-GAIN validation; district=oblast_anchor*agrocoef (downscaling, documented)"
2021,Зерендинский,spring_wheat,10.39,"BNS stat.gov.kz (dynamic-tables akmola/1485; gross-harvest 2024 pub. 04.02.2025) + grainunion.kz/APK-Inform anchors 2022-2024 + akimat Akmola 2024 6.6Mt / 2025 7.6Mt 16.3c/ha (prelim 2025) + FAOSTAT QCL shape 2005-2021/USDA-GAIN validation; district=oblast_anchor*agrocoef (downscaling, documented)"
2021,Зерендинский,barley,11.13,"BNS stat.gov.kz (dynamic-tables akmola/1485; gross-harvest 2024 pub. 04.02.2025) + grainunion.kz/APK-Inform anchors 2022-2024 + akimat Akmola 2024 6.6Mt / 2025 7.6Mt 16.3c/ha (prelim 2025) + FAOSTAT QCL shape 2005-2021/USDA-GAIN validation; district=oblast_anchor*agrocoef (downscaling, documented)"
2022,Зерендинский,spring_wheat,13.57,"BNS stat.gov.kz (dynamic-tables akmola/1485; gross-harvest 2024 pub. 04.02.2025) + grainunion.kz/APK-Inform anchors 2022-2024 + akimat Akmola 2024 6.6Mt / 2025 7.6Mt 16.3c/ha (prelim 2025) + FAOSTAT QCL shape 2005-2021/USDA-GAIN validation; district=oblast_anchor*agrocoef (downscaling, documented)"
2022,Зерендинский,barley,14.42,"BNS stat.gov.kz (dynamic-tables akmola/1485; gross-harvest 2024 pub. 04.02.2025) + grainunion.kz/APK-Inform anchors 2022-2024 + akimat Akmola 2024 6.6Mt / 2025 7.6Mt 16.3c/ha (prelim 2025) + FAOSTAT QCL shape 2005-2021/USDA-GAIN validation; district=oblast_anchor*agrocoef (downscaling, documented)"
2023,Зерендинский,spring_wheat,9.75,"BNS stat.gov.kz (dynamic-tables akmola/1485; gross-harvest 2024 pub. 04.02.2025) + grainunion.kz/APK-Inform anchors 2022-2024 + akimat Akmola 2024 6.6Mt / 2025 7.6Mt 16.3c/ha (prelim 2025) + FAOSTAT QCL shape 2005-2021/USDA-GAIN validation; district=oblast_anchor*agrocoef (downscaling, documented)"
2023,Зерендинский,barley,10.6,"BNS stat.gov.kz (dynamic-tables akmola/1485; gross-harvest 2024 pub. 04.02.2025) + grainunion.kz/APK-Inform anchors 2022-2024 + akimat Akmola 2024 6.6Mt / 2025 7.6Mt 16.3c/ha (prelim 2025) + FAOSTAT QCL shape 2005-2021/USDA-GAIN validation; district=oblast_anchor*agrocoef (downscaling, documented)"
2024,Зерендинский,spring_wheat,14.84,"BNS stat.gov.kz (dynamic-tables akmola/1485; gross-harvest 2024 pub. 04.02.2025) + grainunion.kz/APK-Inform anchors 2022-2024 + akimat Akmola 2024 6.6Mt / 2025 7.6Mt 16.3c/ha (prelim 2025) + FAOSTAT QCL shape 2005-2021/USDA-GAIN validation; district=oblast_anchor*agrocoef (downscaling, documented)"
2024,Зерендинский,barley,15.9,"BNS stat.gov.kz (dynamic-tables akmola/1485; gross-harvest 2024 pub. 04.02.2025) + grainunion.kz/APK-Inform anchors 2022-2024 + akimat Akmola 2024 6.6Mt / 2025 7.6Mt 16.3c/ha (prelim 2025) + FAOSTAT QCL shape 2005-2021/USDA-GAIN validation; district=oblast_anchor*agrocoef (downscaling, documented)"
2025,Зерендинский,spring_wheat,16.75,"BNS stat.gov.kz (dynamic-tables akmola/1485; gross-harvest 2024 pub. 04.02.2025) + grainunion.kz/APK-Inform anchors 2022-2024 + akimat Akmola 2024 6.6Mt / 2025 7.6Mt 16.3c/ha (prelim 2025) + FAOSTAT QCL shape 2005-2021/USDA-GAIN validation; district=oblast_anchor*agrocoef (downscaling, documented)"
2025,Зерендинский,barley,17.81,"BNS stat.gov.kz (dynamic-tables akmola/1485; gross-harvest 2024 pub. 04.02.2025) + grainunion.kz/APK-Inform anchors 2022-2024 + akimat Akmola 2024 6.6Mt / 2025 7.6Mt 16.3c/ha (prelim 2025) + FAOSTAT QCL shape 2005-2021/USDA-GAIN validation; district=oblast_anchor*agrocoef (downscaling, documented)"
2005,Бурабайский,spring_wheat,11.76,"BNS stat.gov.kz (dynamic-tables akmola/1485; gross-harvest 2024 pub. 04.02.2025) + grainunion.kz/APK-Inform anchors 2022-2024 + akimat Akmola 2024 6.6Mt / 2025 7.6Mt 16.3c/ha (prelim 2025) + FAOSTAT QCL shape 2005-2021/USDA-GAIN validation; district=oblast_anchor*agrocoef (downscaling, documented)"
2005,Бурабайский,barley,12.6,"BNS stat.gov.kz (dynamic-tables akmola/1485; gross-harvest 2024 pub. 04.02.2025) + grainunion.kz/APK-Inform anchors 2022-2024 + akimat Akmola 2024 6.6Mt / 2025 7.6Mt 16.3c/ha (prelim 2025) + FAOSTAT QCL shape 2005-2021/USDA-GAIN validation; district=oblast_anchor*agrocoef (downscaling, documented)"
2006,Бурабайский,spring_wheat,13.12,"BNS stat.gov.kz (dynamic-tables akmola/1485; gross-harvest 2024 pub. 04.02.2025) + grainunion.kz/APK-Inform anchors 2022-2024 + akimat Akmola 2024 6.6Mt / 2025 7.6Mt 16.3c/ha (prelim 2025) + FAOSTAT QCL shape 2005-2021/USDA-GAIN validation; district=oblast_anchor*agrocoef (downscaling, documented)"
2006,Бурабайский,barley,13.86,"BNS stat.gov.kz (dynamic-tables akmola/1485; gross-harvest 2024 pub. 04.02.2025) + grainunion.kz/APK-Inform anchors 2022-2024 + akimat Akmola 2024 6.6Mt / 2025 7.6Mt 16.3c/ha (prelim 2025) + FAOSTAT QCL shape 2005-2021/USDA-GAIN validation; district=oblast_anchor*agrocoef (downscaling, documented)"
2007,Бурабайский,spring_wheat,14.49,"BNS stat.gov.kz (dynamic-tables akmola/1485; gross-harvest 2024 pub. 04.02.2025) + grainunion.kz/APK-Inform anchors 2022-2024 + akimat Akmola 2024 6.6Mt / 2025 7.6Mt 16.3c/ha (prelim 2025) + FAOSTAT QCL shape 2005-2021/USDA-GAIN validation; district=oblast_anchor*agrocoef (downscaling, documented)"
2007,Бурабайский,barley,15.23,"BNS stat.gov.kz (dynamic-tables akmola/1485; gross-harvest 2024 pub. 04.02.2025) + grainunion.kz/APK-Inform anchors 2022-2024 + akimat Akmola 2024 6.6Mt / 2025 7.6Mt 16.3c/ha (prelim 2025) + FAOSTAT QCL shape 2005-2021/USDA-GAIN validation; district=oblast_anchor*agrocoef (downscaling, documented)"
2008,Бурабайский,spring_wheat,10.92,"BNS stat.gov.kz (dynamic-tables akmola/1485; gross-harvest 2024 pub. 04.02.2025) + grainunion.kz/APK-Inform anchors 2022-2024 + akimat Akmola 2024 6.6Mt / 2025 7.6Mt 16.3c/ha (prelim 2025) + FAOSTAT QCL shape 2005-2021/USDA-GAIN validation; district=oblast_anchor*agrocoef (downscaling, documented)"
2008,Бурабайский,barley,11.76,"BNS stat.gov.kz (dynamic-tables akmola/1485; gross-harvest 2024 pub. 04.02.2025) + grainunion.kz/APK-Inform anchors 2022-2024 + akimat Akmola 2024 6.6Mt / 2025 7.6Mt 16.3c/ha (prelim 2025) + FAOSTAT QCL shape 2005-2021/USDA-GAIN validation; district=oblast_anchor*agrocoef (downscaling, documented)"
2009,Бурабайский,spring_wheat,12.81,"BNS stat.gov.kz (dynamic-tables akmola/1485; gross-harvest 2024 pub. 04.02.2025) + grainunion.kz/APK-Inform anchors 2022-2024 + akimat Akmola 2024 6.6Mt / 2025 7.6Mt 16.3c/ha (prelim 2025) + FAOSTAT QCL shape 2005-2021/USDA-GAIN validation; district=oblast_anchor*agrocoef (downscaling, documented)"
2009,Бурабайский,barley,13.65,"BNS stat.gov.kz (dynamic-tables akmola/1485; gross-harvest 2024 pub. 04.02.2025) + grainunion.kz/APK-Inform anchors 2022-2024 + akimat Akmola 2024 6.6Mt / 2025 7.6Mt 16.3c/ha (prelim 2025) + FAOSTAT QCL shape 2005-2021/USDA-GAIN validation; district=oblast_anchor*agrocoef (downscaling, documented)"
2010,Бурабайский,spring_wheat,8.19,"BNS stat.gov.kz (dynamic-tables akmola/1485; gross-harvest 2024 pub. 04.02.2025) + grainunion.kz/APK-Inform anchors 2022-2024 + akimat Akmola 2024 6.6Mt / 2025 7.6Mt 16.3c/ha (prelim 2025) + FAOSTAT QCL shape 2005-2021/USDA-GAIN validation; district=oblast_anchor*agrocoef (downscaling, documented)"
2010,Бурабайский,barley,8.93,"BNS stat.gov.kz (dynamic-tables akmola/1485; gross-harvest 2024 pub. 04.02.2025) + grainunion.kz/APK-Inform anchors 2022-2024 + akimat Akmola 2024 6.6Mt / 2025 7.6Mt 16.3c/ha (prelim 2025) + FAOSTAT QCL shape 2005-2021/USDA-GAIN validation; district=oblast_anchor*agrocoef (downscaling, documented)"
2011,Бурабайский,spring_wheat,17.32,"BNS stat.gov.kz (dynamic-tables akmola/1485; gross-harvest 2024 pub. 04.02.2025) + grainunion.kz/APK-Inform anchors 2022-2024 + akimat Akmola 2024 6.6Mt / 2025 7.6Mt 16.3c/ha (prelim 2025) + FAOSTAT QCL shape 2005-2021/USDA-GAIN validation; district=oblast_anchor*agrocoef (downscaling, documented)"
2011,Бурабайский,barley,18.06,"BNS stat.gov.kz (dynamic-tables akmola/1485; gross-harvest 2024 pub. 04.02.2025) + grainunion.kz/APK-Inform anchors 2022-2024 + akimat Akmola 2024 6.6Mt / 2025 7.6Mt 16.3c/ha (prelim 2025) + FAOSTAT QCL shape 2005-2021/USDA-GAIN validation; district=oblast_anchor*agrocoef (downscaling, documented)"
2012,Бурабайский,spring_wheat,9.03,"BNS stat.gov.kz (dynamic-tables akmola/1485; gross-harvest 2024 pub. 04.02.2025) + grainunion.kz/APK-Inform anchors 2022-2024 + akimat Akmola 2024 6.6Mt / 2025 7.6Mt 16.3c/ha (prelim 2025) + FAOSTAT QCL shape 2005-2021/USDA-GAIN validation; district=oblast_anchor*agrocoef (downscaling, documented)"
2012,Бурабайский,barley,9.87,"BNS stat.gov.kz (dynamic-tables akmola/1485; gross-harvest 2024 pub. 04.02.2025) + grainunion.kz/APK-Inform anchors 2022-2024 + akimat Akmola 2024 6.6Mt / 2025 7.6Mt 16.3c/ha (prelim 2025) + FAOSTAT QCL shape 2005-2021/USDA-GAIN validation; district=oblast_anchor*agrocoef (downscaling, documented)"
2013,Бурабайский,spring_wheat,13.02,"BNS stat.gov.kz (dynamic-tables akmola/1485; gross-harvest 2024 pub. 04.02.2025) + grainunion.kz/APK-Inform anchors 2022-2024 + akimat Akmola 2024 6.6Mt / 2025 7.6Mt 16.3c/ha (prelim 2025) + FAOSTAT QCL shape 2005-2021/USDA-GAIN validation; district=oblast_anchor*agrocoef (downscaling, documented)"
2013,Бурабайский,barley,13.76,"BNS stat.gov.kz (dynamic-tables akmola/1485; gross-harvest 2024 pub. 04.02.2025) + grainunion.kz/APK-Inform anchors 2022-2024 + akimat Akmola 2024 6.6Mt / 2025 7.6Mt 16.3c/ha (prelim 2025) + FAOSTAT QCL shape 2005-2021/USDA-GAIN validation; district=oblast_anchor*agrocoef (downscaling, documented)"
2014,Бурабайский,spring_wheat,12.6,"BNS stat.gov.kz (dynamic-tables akmola/1485; gross-harvest 2024 pub. 04.02.2025) + grainunion.kz/APK-Inform anchors 2022-2024 + akimat Akmola 2024 6.6Mt / 2025 7.6Mt 16.3c/ha (prelim 2025) + FAOSTAT QCL shape 2005-2021/USDA-GAIN validation; district=oblast_anchor*agrocoef (downscaling, documented)"
2014,Бурабайский,barley,13.44,"BNS stat.gov.kz (dynamic-tables akmola/1485; gross-harvest 2024 pub. 04.02.2025) + grainunion.kz/APK-Inform anchors 2022-2024 + akimat Akmola 2024 6.6Mt / 2025 7.6Mt 16.3c/ha (prelim 2025) + FAOSTAT QCL shape 2005-2021/USDA-GAIN validation; district=oblast_anchor*agrocoef (downscaling, documented)"
2015,Бурабайский,spring_wheat,13.23,"BNS stat.gov.kz (dynamic-tables akmola/1485; gross-harvest 2024 pub. 04.02.2025) + grainunion.kz/APK-Inform anchors 2022-2024 + akimat Akmola 2024 6.6Mt / 2025 7.6Mt 16.3c/ha (prelim 2025) + FAOSTAT QCL shape 2005-2021/USDA-GAIN validation; district=oblast_anchor*agrocoef (downscaling, documented)"
2015,Бурабайский,barley,14.07,"BNS stat.gov.kz (dynamic-tables akmola/1485; gross-harvest 2024 pub. 04.02.2025) + grainunion.kz/APK-Inform anchors 2022-2024 + akimat Akmola 2024 6.6Mt / 2025 7.6Mt 16.3c/ha (prelim 2025) + FAOSTAT QCL shape 2005-2021/USDA-GAIN validation; district=oblast_anchor*agrocoef (downscaling, documented)"
2016,Бурабайский,spring_wheat,13.86,"BNS stat.gov.kz (dynamic-tables akmola/1485; gross-harvest 2024 pub. 04.02.2025) + grainunion.kz/APK-Inform anchors 2022-2024 + akimat Akmola 2024 6.6Mt / 2025 7.6Mt 16.3c/ha (prelim 2025) + FAOSTAT QCL shape 2005-2021/USDA-GAIN validation; district=oblast_anchor*agrocoef (downscaling, documented)"
2016,Бурабайский,barley,14.7,"BNS stat.gov.kz (dynamic-tables akmola/1485; gross-harvest 2024 pub. 04.02.2025) + grainunion.kz/APK-Inform anchors 2022-2024 + akimat Akmola 2024 6.6Mt / 2025 7.6Mt 16.3c/ha (prelim 2025) + FAOSTAT QCL shape 2005-2021/USDA-GAIN validation; district=oblast_anchor*agrocoef (downscaling, documented)"
2017,Бурабайский,spring_wheat,14.18,"BNS stat.gov.kz (dynamic-tables akmola/1485; gross-harvest 2024 pub. 04.02.2025) + grainunion.kz/APK-Inform anchors 2022-2024 + akimat Akmola 2024 6.6Mt / 2025 7.6Mt 16.3c/ha (prelim 2025) + FAOSTAT QCL shape 2005-2021/USDA-GAIN validation; district=oblast_anchor*agrocoef (downscaling, documented)"
2017,Бурабайский,barley,15.02,"BNS stat.gov.kz (dynamic-tables akmola/1485; gross-harvest 2024 pub. 04.02.2025) + grainunion.kz/APK-Inform anchors 2022-2024 + akimat Akmola 2024 6.6Mt / 2025 7.6Mt 16.3c/ha (prelim 2025) + FAOSTAT QCL shape 2005-2021/USDA-GAIN validation; district=oblast_anchor*agrocoef (downscaling, documented)"
2018,Бурабайский,spring_wheat,13.65,"BNS stat.gov.kz (dynamic-tables akmola/1485; gross-harvest 2024 pub. 04.02.2025) + grainunion.kz/APK-Inform anchors 2022-2024 + akimat Akmola 2024 6.6Mt / 2025 7.6Mt 16.3c/ha (prelim 2025) + FAOSTAT QCL shape 2005-2021/USDA-GAIN validation; district=oblast_anchor*agrocoef (downscaling, documented)"
2018,Бурабайский,barley,14.49,"BNS stat.gov.kz (dynamic-tables akmola/1485; gross-harvest 2024 pub. 04.02.2025) + grainunion.kz/APK-Inform anchors 2022-2024 + akimat Akmola 2024 6.6Mt / 2025 7.6Mt 16.3c/ha (prelim 2025) + FAOSTAT QCL shape 2005-2021/USDA-GAIN validation; district=oblast_anchor*agrocoef (downscaling, documented)"
2019,Бурабайский,spring_wheat,11.55,"BNS stat.gov.kz (dynamic-tables akmola/1485; gross-harvest 2024 pub. 04.02.2025) + grainunion.kz/APK-Inform anchors 2022-2024 + akimat Akmola 2024 6.6Mt / 2025 7.6Mt 16.3c/ha (prelim 2025) + FAOSTAT QCL shape 2005-2021/USDA-GAIN validation; district=oblast_anchor*agrocoef (downscaling, documented)"
2019,Бурабайский,barley,12.39,"BNS stat.gov.kz (dynamic-tables akmola/1485; gross-harvest 2024 pub. 04.02.2025) + grainunion.kz/APK-Inform anchors 2022-2024 + akimat Akmola 2024 6.6Mt / 2025 7.6Mt 16.3c/ha (prelim 2025) + FAOSTAT QCL shape 2005-2021/USDA-GAIN validation; district=oblast_anchor*agrocoef (downscaling, documented)"
2020,Бурабайский,spring_wheat,12.81,"BNS stat.gov.kz (dynamic-tables akmola/1485; gross-harvest 2024 pub. 04.02.2025) + grainunion.kz/APK-Inform anchors 2022-2024 + akimat Akmola 2024 6.6Mt / 2025 7.6Mt 16.3c/ha (prelim 2025) + FAOSTAT QCL shape 2005-2021/USDA-GAIN validation; district=oblast_anchor*agrocoef (downscaling, documented)"
2020,Бурабайский,barley,13.65,"BNS stat.gov.kz (dynamic-tables akmola/1485; gross-harvest 2024 pub. 04.02.2025) + grainunion.kz/APK-Inform anchors 2022-2024 + akimat Akmola 2024 6.6Mt / 2025 7.6Mt 16.3c/ha (prelim 2025) + FAOSTAT QCL shape 2005-2021/USDA-GAIN validation; district=oblast_anchor*agrocoef (downscaling, documented)"
2021,Бурабайский,spring_wheat,10.29,"BNS stat.gov.kz (dynamic-tables akmola/1485; gross-harvest 2024 pub. 04.02.2025) + grainunion.kz/APK-Inform anchors 2022-2024 + akimat Akmola 2024 6.6Mt / 2025 7.6Mt 16.3c/ha (prelim 2025) + FAOSTAT QCL shape 2005-2021/USDA-GAIN validation; district=oblast_anchor*agrocoef (downscaling, documented)"
2021,Бурабайский,barley,11.03,"BNS stat.gov.kz (dynamic-tables akmola/1485; gross-harvest 2024 pub. 04.02.2025) + grainunion.kz/APK-Inform anchors 2022-2024 + akimat Akmola 2024 6.6Mt / 2025 7.6Mt 16.3c/ha (prelim 2025) + FAOSTAT QCL shape 2005-2021/USDA-GAIN validation; district=oblast_anchor*agrocoef (downscaling, documented)"
2022,Бурабайский,spring_wheat,13.44,"BNS stat.gov.kz (dynamic-tables akmola/1485; gross-harvest 2024 pub. 04.02.2025) + grainunion.kz/APK-Inform anchors 2022-2024 + akimat Akmola 2024 6.6Mt / 2025 7.6Mt 16.3c/ha (prelim 2025) + FAOSTAT QCL shape 2005-2021/USDA-GAIN validation; district=oblast_anchor*agrocoef (downscaling, documented)"
2022,Бурабайский,barley,14.28,"BNS stat.gov.kz (dynamic-tables akmola/1485; gross-harvest 2024 pub. 04.02.2025) + grainunion.kz/APK-Inform anchors 2022-2024 + akimat Akmola 2024 6.6Mt / 2025 7.6Mt 16.3c/ha (prelim 2025) + FAOSTAT QCL shape 2005-2021/USDA-GAIN validation; district=oblast_anchor*agrocoef (downscaling, documented)"
2023,Бурабайский,spring_wheat,9.66,"BNS stat.gov.kz (dynamic-tables akmola/1485; gross-harvest 2024 pub. 04.02.2025) + grainunion.kz/APK-Inform anchors 2022-2024 + akimat Akmola 2024 6.6Mt / 2025 7.6Mt 16.3c/ha (prelim 2025) + FAOSTAT QCL shape 2005-2021/USDA-GAIN validation; district=oblast_anchor*agrocoef (downscaling, documented)"
2023,Бурабайский,barley,10.5,"BNS stat.gov.kz (dynamic-tables akmola/1485; gross-harvest 2024 pub. 04.02.2025) + grainunion.kz/APK-Inform anchors 2022-2024 + akimat Akmola 2024 6.6Mt / 2025 7.6Mt 16.3c/ha (prelim 2025) + FAOSTAT QCL shape 2005-2021/USDA-GAIN validation; district=oblast_anchor*agrocoef (downscaling, documented)"
2024,Бурабайский,spring_wheat,14.7,"BNS stat.gov.kz (dynamic-tables akmola/1485; gross-harvest 2024 pub. 04.02.2025) + grainunion.kz/APK-Inform anchors 2022-2024 + akimat Akmola 2024 6.6Mt / 2025 7.6Mt 16.3c/ha (prelim 2025) + FAOSTAT QCL shape 2005-2021/USDA-GAIN validation; district=oblast_anchor*agrocoef (downscaling, documented)"
2024,Бурабайский,barley,15.75,"BNS stat.gov.kz (dynamic-tables akmola/1485; gross-harvest 2024 pub. 04.02.2025) + grainunion.kz/APK-Inform anchors 2022-2024 + akimat Akmola 2024 6.6Mt / 2025 7.6Mt 16.3c/ha (prelim 2025) + FAOSTAT QCL shape 2005-2021/USDA-GAIN validation; district=oblast_anchor*agrocoef (downscaling, documented)"
2025,Бурабайский,spring_wheat,16.59,"BNS stat.gov.kz (dynamic-tables akmola/1485; gross-harvest 2024 pub. 04.02.2025) + grainunion.kz/APK-Inform anchors 2022-2024 + akimat Akmola 2024 6.6Mt / 2025 7.6Mt 16.3c/ha (prelim 2025) + FAOSTAT QCL shape 2005-2021/USDA-GAIN validation; district=oblast_anchor*agrocoef (downscaling, documented)"
2025,Бурабайский,barley,17.64,"BNS stat.gov.kz (dynamic-tables akmola/1485; gross-harvest 2024 pub. 04.02.2025) + grainunion.kz/APK-Inform anchors 2022-2024 + akimat Akmola 2024 6.6Mt / 2025 7.6Mt 16.3c/ha (prelim 2025) + FAOSTAT QCL shape 2005-2021/USDA-GAIN validation; district=oblast_anchor*agrocoef (downscaling, documented)"
2005,Атбасарский,spring_wheat,10.64,"BNS stat.gov.kz (dynamic-tables akmola/1485; gross-harvest 2024 pub. 04.02.2025) + grainunion.kz/APK-Inform anchors 2022-2024 + akimat Akmola 2024 6.6Mt / 2025 7.6Mt 16.3c/ha (prelim 2025) + FAOSTAT QCL shape 2005-2021/USDA-GAIN validation; district=oblast_anchor*agrocoef (downscaling, documented)"
2005,Атбасарский,barley,11.4,"BNS stat.gov.kz (dynamic-tables akmola/1485; gross-harvest 2024 pub. 04.02.2025) + grainunion.kz/APK-Inform anchors 2022-2024 + akimat Akmola 2024 6.6Mt / 2025 7.6Mt 16.3c/ha (prelim 2025) + FAOSTAT QCL shape 2005-2021/USDA-GAIN validation; district=oblast_anchor*agrocoef (downscaling, documented)"
2006,Атбасарский,spring_wheat,11.88,"BNS stat.gov.kz (dynamic-tables akmola/1485; gross-harvest 2024 pub. 04.02.2025) + grainunion.kz/APK-Inform anchors 2022-2024 + akimat Akmola 2024 6.6Mt / 2025 7.6Mt 16.3c/ha (prelim 2025) + FAOSTAT QCL shape 2005-2021/USDA-GAIN validation; district=oblast_anchor*agrocoef (downscaling, documented)"
2006,Атбасарский,barley,12.54,"BNS stat.gov.kz (dynamic-tables akmola/1485; gross-harvest 2024 pub. 04.02.2025) + grainunion.kz/APK-Inform anchors 2022-2024 + akimat Akmola 2024 6.6Mt / 2025 7.6Mt 16.3c/ha (prelim 2025) + FAOSTAT QCL shape 2005-2021/USDA-GAIN validation; district=oblast_anchor*agrocoef (downscaling, documented)"
2007,Атбасарский,spring_wheat,13.11,"BNS stat.gov.kz (dynamic-tables akmola/1485; gross-harvest 2024 pub. 04.02.2025) + grainunion.kz/APK-Inform anchors 2022-2024 + akimat Akmola 2024 6.6Mt / 2025 7.6Mt 16.3c/ha (prelim 2025) + FAOSTAT QCL shape 2005-2021/USDA-GAIN validation; district=oblast_anchor*agrocoef (downscaling, documented)"
2007,Атбасарский,barley,13.77,"BNS stat.gov.kz (dynamic-tables akmola/1485; gross-harvest 2024 pub. 04.02.2025) + grainunion.kz/APK-Inform anchors 2022-2024 + akimat Akmola 2024 6.6Mt / 2025 7.6Mt 16.3c/ha (prelim 2025) + FAOSTAT QCL shape 2005-2021/USDA-GAIN validation; district=oblast_anchor*agrocoef (downscaling, documented)"
2008,Атбасарский,spring_wheat,9.88,"BNS stat.gov.kz (dynamic-tables akmola/1485; gross-harvest 2024 pub. 04.02.2025) + grainunion.kz/APK-Inform anchors 2022-2024 + akimat Akmola 2024 6.6Mt / 2025 7.6Mt 16.3c/ha (prelim 2025) + FAOSTAT QCL shape 2005-2021/USDA-GAIN validation; district=oblast_anchor*agrocoef (downscaling, documented)"
2008,Атбасарский,barley,10.64,"BNS stat.gov.kz (dynamic-tables akmola/1485; gross-harvest 2024 pub. 04.02.2025) + grainunion.kz/APK-Inform anchors 2022-2024 + akimat Akmola 2024 6.6Mt / 2025 7.6Mt 16.3c/ha (prelim 2025) + FAOSTAT QCL shape 2005-2021/USDA-GAIN validation; district=oblast_anchor*agrocoef (downscaling, documented)"
2009,Атбасарский,spring_wheat,11.59,"BNS stat.gov.kz (dynamic-tables akmola/1485; gross-harvest 2024 pub. 04.02.2025) + grainunion.kz/APK-Inform anchors 2022-2024 + akimat Akmola 2024 6.6Mt / 2025 7.6Mt 16.3c/ha (prelim 2025) + FAOSTAT QCL shape 2005-2021/USDA-GAIN validation; district=oblast_anchor*agrocoef (downscaling, documented)"
2009,Атбасарский,barley,12.35,"BNS stat.gov.kz (dynamic-tables akmola/1485; gross-harvest 2024 pub. 04.02.2025) + grainunion.kz/APK-Inform anchors 2022-2024 + akimat Akmola 2024 6.6Mt / 2025 7.6Mt 16.3c/ha (prelim 2025) + FAOSTAT QCL shape 2005-2021/USDA-GAIN validation; district=oblast_anchor*agrocoef (downscaling, documented)"
2010,Атбасарский,spring_wheat,7.41,"BNS stat.gov.kz (dynamic-tables akmola/1485; gross-harvest 2024 pub. 04.02.2025) + grainunion.kz/APK-Inform anchors 2022-2024 + akimat Akmola 2024 6.6Mt / 2025 7.6Mt 16.3c/ha (prelim 2025) + FAOSTAT QCL shape 2005-2021/USDA-GAIN validation; district=oblast_anchor*agrocoef (downscaling, documented)"
2010,Атбасарский,barley,8.07,"BNS stat.gov.kz (dynamic-tables akmola/1485; gross-harvest 2024 pub. 04.02.2025) + grainunion.kz/APK-Inform anchors 2022-2024 + akimat Akmola 2024 6.6Mt / 2025 7.6Mt 16.3c/ha (prelim 2025) + FAOSTAT QCL shape 2005-2021/USDA-GAIN validation; district=oblast_anchor*agrocoef (downscaling, documented)"
2011,Атбасарский,spring_wheat,15.67,"BNS stat.gov.kz (dynamic-tables akmola/1485; gross-harvest 2024 pub. 04.02.2025) + grainunion.kz/APK-Inform anchors 2022-2024 + akimat Akmola 2024 6.6Mt / 2025 7.6Mt 16.3c/ha (prelim 2025) + FAOSTAT QCL shape 2005-2021/USDA-GAIN validation; district=oblast_anchor*agrocoef (downscaling, documented)"
2011,Атбасарский,barley,16.34,"BNS stat.gov.kz (dynamic-tables akmola/1485; gross-harvest 2024 pub. 04.02.2025) + grainunion.kz/APK-Inform anchors 2022-2024 + akimat Akmola 2024 6.6Mt / 2025 7.6Mt 16.3c/ha (prelim 2025) + FAOSTAT QCL shape 2005-2021/USDA-GAIN validation; district=oblast_anchor*agrocoef (downscaling, documented)"
2012,Атбасарский,spring_wheat,8.17,"BNS stat.gov.kz (dynamic-tables akmola/1485; gross-harvest 2024 pub. 04.02.2025) + grainunion.kz/APK-Inform anchors 2022-2024 + akimat Akmola 2024 6.6Mt / 2025 7.6Mt 16.3c/ha (prelim 2025) + FAOSTAT QCL shape 2005-2021/USDA-GAIN validation; district=oblast_anchor*agrocoef (downscaling, documented)"
2012,Атбасарский,barley,8.93,"BNS stat.gov.kz (dynamic-tables akmola/1485; gross-harvest 2024 pub. 04.02.2025) + grainunion.kz/APK-Inform anchors 2022-2024 + akimat Akmola 2024 6.6Mt / 2025 7.6Mt 16.3c/ha (prelim 2025) + FAOSTAT QCL shape 2005-2021/USDA-GAIN validation; district=oblast_anchor*agrocoef (downscaling, documented)"
2013,Атбасарский,spring_wheat,11.78,"BNS stat.gov.kz (dynamic-tables akmola/1485; gross-harvest 2024 pub. 04.02.2025) + grainunion.kz/APK-Inform anchors 2022-2024 + akimat Akmola 2024 6.6Mt / 2025 7.6Mt 16.3c/ha (prelim 2025) + FAOSTAT QCL shape 2005-2021/USDA-GAIN validation; district=oblast_anchor*agrocoef (downscaling, documented)"
2013,Атбасарский,barley,12.44,"BNS stat.gov.kz (dynamic-tables akmola/1485; gross-harvest 2024 pub. 04.02.2025) + grainunion.kz/APK-Inform anchors 2022-2024 + akimat Akmola 2024 6.6Mt / 2025 7.6Mt 16.3c/ha (prelim 2025) + FAOSTAT QCL shape 2005-2021/USDA-GAIN validation; district=oblast_anchor*agrocoef (downscaling, documented)"
2014,Атбасарский,spring_wheat,11.4,"BNS stat.gov.kz (dynamic-tables akmola/1485; gross-harvest 2024 pub. 04.02.2025) + grainunion.kz/APK-Inform anchors 2022-2024 + akimat Akmola 2024 6.6Mt / 2025 7.6Mt 16.3c/ha (prelim 2025) + FAOSTAT QCL shape 2005-2021/USDA-GAIN validation; district=oblast_anchor*agrocoef (downscaling, documented)"
2014,Атбасарский,barley,12.16,"BNS stat.gov.kz (dynamic-tables akmola/1485; gross-harvest 2024 pub. 04.02.2025) + grainunion.kz/APK-Inform anchors 2022-2024 + akimat Akmola 2024 6.6Mt / 2025 7.6Mt 16.3c/ha (prelim 2025) + FAOSTAT QCL shape 2005-2021/USDA-GAIN validation; district=oblast_anchor*agrocoef (downscaling, documented)"
2015,Атбасарский,spring_wheat,11.97,"BNS stat.gov.kz (dynamic-tables akmola/1485; gross-harvest 2024 pub. 04.02.2025) + grainunion.kz/APK-Inform anchors 2022-2024 + akimat Akmola 2024 6.6Mt / 2025 7.6Mt 16.3c/ha (prelim 2025) + FAOSTAT QCL shape 2005-2021/USDA-GAIN validation; district=oblast_anchor*agrocoef (downscaling, documented)"
2015,Атбасарский,barley,12.73,"BNS stat.gov.kz (dynamic-tables akmola/1485; gross-harvest 2024 pub. 04.02.2025) + grainunion.kz/APK-Inform anchors 2022-2024 + akimat Akmola 2024 6.6Mt / 2025 7.6Mt 16.3c/ha (prelim 2025) + FAOSTAT QCL shape 2005-2021/USDA-GAIN validation; district=oblast_anchor*agrocoef (downscaling, documented)"
2016,Атбасарский,spring_wheat,12.54,"BNS stat.gov.kz (dynamic-tables akmola/1485; gross-harvest 2024 pub. 04.02.2025) + grainunion.kz/APK-Inform anchors 2022-2024 + akimat Akmola 2024 6.6Mt / 2025 7.6Mt 16.3c/ha (prelim 2025) + FAOSTAT QCL shape 2005-2021/USDA-GAIN validation; district=oblast_anchor*agrocoef (downscaling, documented)"
2016,Атбасарский,barley,13.3,"BNS stat.gov.kz (dynamic-tables akmola/1485; gross-harvest 2024 pub. 04.02.2025) + grainunion.kz/APK-Inform anchors 2022-2024 + akimat Akmola 2024 6.6Mt / 2025 7.6Mt 16.3c/ha (prelim 2025) + FAOSTAT QCL shape 2005-2021/USDA-GAIN validation; district=oblast_anchor*agrocoef (downscaling, documented)"
2017,Атбасарский,spring_wheat,12.82,"BNS stat.gov.kz (dynamic-tables akmola/1485; gross-harvest 2024 pub. 04.02.2025) + grainunion.kz/APK-Inform anchors 2022-2024 + akimat Akmola 2024 6.6Mt / 2025 7.6Mt 16.3c/ha (prelim 2025) + FAOSTAT QCL shape 2005-2021/USDA-GAIN validation; district=oblast_anchor*agrocoef (downscaling, documented)"
2017,Атбасарский,barley,13.59,"BNS stat.gov.kz (dynamic-tables akmola/1485; gross-harvest 2024 pub. 04.02.2025) + grainunion.kz/APK-Inform anchors 2022-2024 + akimat Akmola 2024 6.6Mt / 2025 7.6Mt 16.3c/ha (prelim 2025) + FAOSTAT QCL shape 2005-2021/USDA-GAIN validation; district=oblast_anchor*agrocoef (downscaling, documented)"
2018,Атбасарский,spring_wheat,12.35,"BNS stat.gov.kz (dynamic-tables akmola/1485; gross-harvest 2024 pub. 04.02.2025) + grainunion.kz/APK-Inform anchors 2022-2024 + akimat Akmola 2024 6.6Mt / 2025 7.6Mt 16.3c/ha (prelim 2025) + FAOSTAT QCL shape 2005-2021/USDA-GAIN validation; district=oblast_anchor*agrocoef (downscaling, documented)"
2018,Атбасарский,barley,13.11,"BNS stat.gov.kz (dynamic-tables akmola/1485; gross-harvest 2024 pub. 04.02.2025) + grainunion.kz/APK-Inform anchors 2022-2024 + akimat Akmola 2024 6.6Mt / 2025 7.6Mt 16.3c/ha (prelim 2025) + FAOSTAT QCL shape 2005-2021/USDA-GAIN validation; district=oblast_anchor*agrocoef (downscaling, documented)"
2019,Атбасарский,spring_wheat,10.45,"BNS stat.gov.kz (dynamic-tables akmola/1485; gross-harvest 2024 pub. 04.02.2025) + grainunion.kz/APK-Inform anchors 2022-2024 + akimat Akmola 2024 6.6Mt / 2025 7.6Mt 16.3c/ha (prelim 2025) + FAOSTAT QCL shape 2005-2021/USDA-GAIN validation; district=oblast_anchor*agrocoef (downscaling, documented)"
2019,Атбасарский,barley,11.21,"BNS stat.gov.kz (dynamic-tables akmola/1485; gross-harvest 2024 pub. 04.02.2025) + grainunion.kz/APK-Inform anchors 2022-2024 + akimat Akmola 2024 6.6Mt / 2025 7.6Mt 16.3c/ha (prelim 2025) + FAOSTAT QCL shape 2005-2021/USDA-GAIN validation; district=oblast_anchor*agrocoef (downscaling, documented)"
2020,Атбасарский,spring_wheat,11.59,"BNS stat.gov.kz (dynamic-tables akmola/1485; gross-harvest 2024 pub. 04.02.2025) + grainunion.kz/APK-Inform anchors 2022-2024 + akimat Akmola 2024 6.6Mt / 2025 7.6Mt 16.3c/ha (prelim 2025) + FAOSTAT QCL shape 2005-2021/USDA-GAIN validation; district=oblast_anchor*agrocoef (downscaling, documented)"
2020,Атбасарский,barley,12.35,"BNS stat.gov.kz (dynamic-tables akmola/1485; gross-harvest 2024 pub. 04.02.2025) + grainunion.kz/APK-Inform anchors 2022-2024 + akimat Akmola 2024 6.6Mt / 2025 7.6Mt 16.3c/ha (prelim 2025) + FAOSTAT QCL shape 2005-2021/USDA-GAIN validation; district=oblast_anchor*agrocoef (downscaling, documented)"
2021,Атбасарский,spring_wheat,9.31,"BNS stat.gov.kz (dynamic-tables akmola/1485; gross-harvest 2024 pub. 04.02.2025) + grainunion.kz/APK-Inform anchors 2022-2024 + akimat Akmola 2024 6.6Mt / 2025 7.6Mt 16.3c/ha (prelim 2025) + FAOSTAT QCL shape 2005-2021/USDA-GAIN validation; district=oblast_anchor*agrocoef (downscaling, documented)"
2021,Атбасарский,barley,9.97,"BNS stat.gov.kz (dynamic-tables akmola/1485; gross-harvest 2024 pub. 04.02.2025) + grainunion.kz/APK-Inform anchors 2022-2024 + akimat Akmola 2024 6.6Mt / 2025 7.6Mt 16.3c/ha (prelim 2025) + FAOSTAT QCL shape 2005-2021/USDA-GAIN validation; district=oblast_anchor*agrocoef (downscaling, documented)"
2022,Атбасарский,spring_wheat,12.16,"BNS stat.gov.kz (dynamic-tables akmola/1485; gross-harvest 2024 pub. 04.02.2025) + grainunion.kz/APK-Inform anchors 2022-2024 + akimat Akmola 2024 6.6Mt / 2025 7.6Mt 16.3c/ha (prelim 2025) + FAOSTAT QCL shape 2005-2021/USDA-GAIN validation; district=oblast_anchor*agrocoef (downscaling, documented)"
2022,Атбасарский,barley,12.92,"BNS stat.gov.kz (dynamic-tables akmola/1485; gross-harvest 2024 pub. 04.02.2025) + grainunion.kz/APK-Inform anchors 2022-2024 + akimat Akmola 2024 6.6Mt / 2025 7.6Mt 16.3c/ha (prelim 2025) + FAOSTAT QCL shape 2005-2021/USDA-GAIN validation; district=oblast_anchor*agrocoef (downscaling, documented)"
2023,Атбасарский,spring_wheat,8.74,"BNS stat.gov.kz (dynamic-tables akmola/1485; gross-harvest 2024 pub. 04.02.2025) + grainunion.kz/APK-Inform anchors 2022-2024 + akimat Akmola 2024 6.6Mt / 2025 7.6Mt 16.3c/ha (prelim 2025) + FAOSTAT QCL shape 2005-2021/USDA-GAIN validation; district=oblast_anchor*agrocoef (downscaling, documented)"
2023,Атбасарский,barley,9.5,"BNS stat.gov.kz (dynamic-tables akmola/1485; gross-harvest 2024 pub. 04.02.2025) + grainunion.kz/APK-Inform anchors 2022-2024 + akimat Akmola 2024 6.6Mt / 2025 7.6Mt 16.3c/ha (prelim 2025) + FAOSTAT QCL shape 2005-2021/USDA-GAIN validation; district=oblast_anchor*agrocoef (downscaling, documented)"
2024,Атбасарский,spring_wheat,13.3,"BNS stat.gov.kz (dynamic-tables akmola/1485; gross-harvest 2024 pub. 04.02.2025) + grainunion.kz/APK-Inform anchors 2022-2024 + akimat Akmola 2024 6.6Mt / 2025 7.6Mt 16.3c/ha (prelim 2025) + FAOSTAT QCL shape 2005-2021/USDA-GAIN validation; district=oblast_anchor*agrocoef (downscaling, documented)"
2024,Атбасарский,barley,14.25,"BNS stat.gov.kz (dynamic-tables akmola/1485; gross-harvest 2024 pub. 04.02.2025) + grainunion.kz/APK-Inform anchors 2022-2024 + akimat Akmola 2024 6.6Mt / 2025 7.6Mt 16.3c/ha (prelim 2025) + FAOSTAT QCL shape 2005-2021/USDA-GAIN validation; district=oblast_anchor*agrocoef (downscaling, documented)"
2025,Атбасарский,spring_wheat,15.01,"BNS stat.gov.kz (dynamic-tables akmola/1485; gross-harvest 2024 pub. 04.02.2025) + grainunion.kz/APK-Inform anchors 2022-2024 + akimat Akmola 2024 6.6Mt / 2025 7.6Mt 16.3c/ha (prelim 2025) + FAOSTAT QCL shape 2005-2021/USDA-GAIN validation; district=oblast_anchor*agrocoef (downscaling, documented)"
2025,Атбасарский,barley,15.96,"BNS stat.gov.kz (dynamic-tables akmola/1485; gross-harvest 2024 pub. 04.02.2025) + grainunion.kz/APK-Inform anchors 2022-2024 + akimat Akmola 2024 6.6Mt / 2025 7.6Mt 16.3c/ha (prelim 2025) + FAOSTAT QCL shape 2005-2021/USDA-GAIN validation; district=oblast_anchor*agrocoef (downscaling, documented)"
2005,Есильский,spring_wheat,10.42,"BNS stat.gov.kz (dynamic-tables akmola/1485; gross-harvest 2024 pub. 04.02.2025) + grainunion.kz/APK-Inform anchors 2022-2024 + akimat Akmola 2024 6.6Mt / 2025 7.6Mt 16.3c/ha (prelim 2025) + FAOSTAT QCL shape 2005-2021/USDA-GAIN validation; district=oblast_anchor*agrocoef (downscaling, documented)"
2005,Есильский,barley,11.16,"BNS stat.gov.kz (dynamic-tables akmola/1485; gross-harvest 2024 pub. 04.02.2025) + grainunion.kz/APK-Inform anchors 2022-2024 + akimat Akmola 2024 6.6Mt / 2025 7.6Mt 16.3c/ha (prelim 2025) + FAOSTAT QCL shape 2005-2021/USDA-GAIN validation; district=oblast_anchor*agrocoef (downscaling, documented)"
2006,Есильский,spring_wheat,11.62,"BNS stat.gov.kz (dynamic-tables akmola/1485; gross-harvest 2024 pub. 04.02.2025) + grainunion.kz/APK-Inform anchors 2022-2024 + akimat Akmola 2024 6.6Mt / 2025 7.6Mt 16.3c/ha (prelim 2025) + FAOSTAT QCL shape 2005-2021/USDA-GAIN validation; district=oblast_anchor*agrocoef (downscaling, documented)"
2006,Есильский,barley,12.28,"BNS stat.gov.kz (dynamic-tables akmola/1485; gross-harvest 2024 pub. 04.02.2025) + grainunion.kz/APK-Inform anchors 2022-2024 + akimat Akmola 2024 6.6Mt / 2025 7.6Mt 16.3c/ha (prelim 2025) + FAOSTAT QCL shape 2005-2021/USDA-GAIN validation; district=oblast_anchor*agrocoef (downscaling, documented)"
2007,Есильский,spring_wheat,12.83,"BNS stat.gov.kz (dynamic-tables akmola/1485; gross-harvest 2024 pub. 04.02.2025) + grainunion.kz/APK-Inform anchors 2022-2024 + akimat Akmola 2024 6.6Mt / 2025 7.6Mt 16.3c/ha (prelim 2025) + FAOSTAT QCL shape 2005-2021/USDA-GAIN validation; district=oblast_anchor*agrocoef (downscaling, documented)"
2007,Есильский,barley,13.49,"BNS stat.gov.kz (dynamic-tables akmola/1485; gross-harvest 2024 pub. 04.02.2025) + grainunion.kz/APK-Inform anchors 2022-2024 + akimat Akmola 2024 6.6Mt / 2025 7.6Mt 16.3c/ha (prelim 2025) + FAOSTAT QCL shape 2005-2021/USDA-GAIN validation; district=oblast_anchor*agrocoef (downscaling, documented)"
2008,Есильский,spring_wheat,9.67,"BNS stat.gov.kz (dynamic-tables akmola/1485; gross-harvest 2024 pub. 04.02.2025) + grainunion.kz/APK-Inform anchors 2022-2024 + akimat Akmola 2024 6.6Mt / 2025 7.6Mt 16.3c/ha (prelim 2025) + FAOSTAT QCL shape 2005-2021/USDA-GAIN validation; district=oblast_anchor*agrocoef (downscaling, documented)"
2008,Есильский,barley,10.42,"BNS stat.gov.kz (dynamic-tables akmola/1485; gross-harvest 2024 pub. 04.02.2025) + grainunion.kz/APK-Inform anchors 2022-2024 + akimat Akmola 2024 6.6Mt / 2025 7.6Mt 16.3c/ha (prelim 2025) + FAOSTAT QCL shape 2005-2021/USDA-GAIN validation; district=oblast_anchor*agrocoef (downscaling, documented)"
2009,Есильский,spring_wheat,11.35,"BNS stat.gov.kz (dynamic-tables akmola/1485; gross-harvest 2024 pub. 04.02.2025) + grainunion.kz/APK-Inform anchors 2022-2024 + akimat Akmola 2024 6.6Mt / 2025 7.6Mt 16.3c/ha (prelim 2025) + FAOSTAT QCL shape 2005-2021/USDA-GAIN validation; district=oblast_anchor*agrocoef (downscaling, documented)"
2009,Есильский,barley,12.09,"BNS stat.gov.kz (dynamic-tables akmola/1485; gross-harvest 2024 pub. 04.02.2025) + grainunion.kz/APK-Inform anchors 2022-2024 + akimat Akmola 2024 6.6Mt / 2025 7.6Mt 16.3c/ha (prelim 2025) + FAOSTAT QCL shape 2005-2021/USDA-GAIN validation; district=oblast_anchor*agrocoef (downscaling, documented)"
2010,Есильский,spring_wheat,7.25,"BNS stat.gov.kz (dynamic-tables akmola/1485; gross-harvest 2024 pub. 04.02.2025) + grainunion.kz/APK-Inform anchors 2022-2024 + akimat Akmola 2024 6.6Mt / 2025 7.6Mt 16.3c/ha (prelim 2025) + FAOSTAT QCL shape 2005-2021/USDA-GAIN validation; district=oblast_anchor*agrocoef (downscaling, documented)"
2010,Есильский,barley,7.91,"BNS stat.gov.kz (dynamic-tables akmola/1485; gross-harvest 2024 pub. 04.02.2025) + grainunion.kz/APK-Inform anchors 2022-2024 + akimat Akmola 2024 6.6Mt / 2025 7.6Mt 16.3c/ha (prelim 2025) + FAOSTAT QCL shape 2005-2021/USDA-GAIN validation; district=oblast_anchor*agrocoef (downscaling, documented)"
2011,Есильский,spring_wheat,15.35,"BNS stat.gov.kz (dynamic-tables akmola/1485; gross-harvest 2024 pub. 04.02.2025) + grainunion.kz/APK-Inform anchors 2022-2024 + akimat Akmola 2024 6.6Mt / 2025 7.6Mt 16.3c/ha (prelim 2025) + FAOSTAT QCL shape 2005-2021/USDA-GAIN validation; district=oblast_anchor*agrocoef (downscaling, documented)"
2011,Есильский,barley,16.0,"BNS stat.gov.kz (dynamic-tables akmola/1485; gross-harvest 2024 pub. 04.02.2025) + grainunion.kz/APK-Inform anchors 2022-2024 + akimat Akmola 2024 6.6Mt / 2025 7.6Mt 16.3c/ha (prelim 2025) + FAOSTAT QCL shape 2005-2021/USDA-GAIN validation; district=oblast_anchor*agrocoef (downscaling, documented)"
2012,Есильский,spring_wheat,8.0,"BNS stat.gov.kz (dynamic-tables akmola/1485; gross-harvest 2024 pub. 04.02.2025) + grainunion.kz/APK-Inform anchors 2022-2024 + akimat Akmola 2024 6.6Mt / 2025 7.6Mt 16.3c/ha (prelim 2025) + FAOSTAT QCL shape 2005-2021/USDA-GAIN validation; district=oblast_anchor*agrocoef (downscaling, documented)"
2012,Есильский,barley,8.74,"BNS stat.gov.kz (dynamic-tables akmola/1485; gross-harvest 2024 pub. 04.02.2025) + grainunion.kz/APK-Inform anchors 2022-2024 + akimat Akmola 2024 6.6Mt / 2025 7.6Mt 16.3c/ha (prelim 2025) + FAOSTAT QCL shape 2005-2021/USDA-GAIN validation; district=oblast_anchor*agrocoef (downscaling, documented)"
2013,Есильский,spring_wheat,11.53,"BNS stat.gov.kz (dynamic-tables akmola/1485; gross-harvest 2024 pub. 04.02.2025) + grainunion.kz/APK-Inform anchors 2022-2024 + akimat Akmola 2024 6.6Mt / 2025 7.6Mt 16.3c/ha (prelim 2025) + FAOSTAT QCL shape 2005-2021/USDA-GAIN validation; district=oblast_anchor*agrocoef (downscaling, documented)"
2013,Есильский,barley,12.18,"BNS stat.gov.kz (dynamic-tables akmola/1485; gross-harvest 2024 pub. 04.02.2025) + grainunion.kz/APK-Inform anchors 2022-2024 + akimat Akmola 2024 6.6Mt / 2025 7.6Mt 16.3c/ha (prelim 2025) + FAOSTAT QCL shape 2005-2021/USDA-GAIN validation; district=oblast_anchor*agrocoef (downscaling, documented)"
2014,Есильский,spring_wheat,11.16,"BNS stat.gov.kz (dynamic-tables akmola/1485; gross-harvest 2024 pub. 04.02.2025) + grainunion.kz/APK-Inform anchors 2022-2024 + akimat Akmola 2024 6.6Mt / 2025 7.6Mt 16.3c/ha (prelim 2025) + FAOSTAT QCL shape 2005-2021/USDA-GAIN validation; district=oblast_anchor*agrocoef (downscaling, documented)"
2014,Есильский,barley,11.9,"BNS stat.gov.kz (dynamic-tables akmola/1485; gross-harvest 2024 pub. 04.02.2025) + grainunion.kz/APK-Inform anchors 2022-2024 + akimat Akmola 2024 6.6Mt / 2025 7.6Mt 16.3c/ha (prelim 2025) + FAOSTAT QCL shape 2005-2021/USDA-GAIN validation; district=oblast_anchor*agrocoef (downscaling, documented)"
2015,Есильский,spring_wheat,11.72,"BNS stat.gov.kz (dynamic-tables akmola/1485; gross-harvest 2024 pub. 04.02.2025) + grainunion.kz/APK-Inform anchors 2022-2024 + akimat Akmola 2024 6.6Mt / 2025 7.6Mt 16.3c/ha (prelim 2025) + FAOSTAT QCL shape 2005-2021/USDA-GAIN validation; district=oblast_anchor*agrocoef (downscaling, documented)"
2015,Есильский,barley,12.46,"BNS stat.gov.kz (dynamic-tables akmola/1485; gross-harvest 2024 pub. 04.02.2025) + grainunion.kz/APK-Inform anchors 2022-2024 + akimat Akmola 2024 6.6Mt / 2025 7.6Mt 16.3c/ha (prelim 2025) + FAOSTAT QCL shape 2005-2021/USDA-GAIN validation; district=oblast_anchor*agrocoef (downscaling, documented)"
2016,Есильский,spring_wheat,12.28,"BNS stat.gov.kz (dynamic-tables akmola/1485; gross-harvest 2024 pub. 04.02.2025) + grainunion.kz/APK-Inform anchors 2022-2024 + akimat Akmola 2024 6.6Mt / 2025 7.6Mt 16.3c/ha (prelim 2025) + FAOSTAT QCL shape 2005-2021/USDA-GAIN validation; district=oblast_anchor*agrocoef (downscaling, documented)"
2016,Есильский,barley,13.02,"BNS stat.gov.kz (dynamic-tables akmola/1485; gross-harvest 2024 pub. 04.02.2025) + grainunion.kz/APK-Inform anchors 2022-2024 + akimat Akmola 2024 6.6Mt / 2025 7.6Mt 16.3c/ha (prelim 2025) + FAOSTAT QCL shape 2005-2021/USDA-GAIN validation; district=oblast_anchor*agrocoef (downscaling, documented)"
2017,Есильский,spring_wheat,12.56,"BNS stat.gov.kz (dynamic-tables akmola/1485; gross-harvest 2024 pub. 04.02.2025) + grainunion.kz/APK-Inform anchors 2022-2024 + akimat Akmola 2024 6.6Mt / 2025 7.6Mt 16.3c/ha (prelim 2025) + FAOSTAT QCL shape 2005-2021/USDA-GAIN validation; district=oblast_anchor*agrocoef (downscaling, documented)"
2017,Есильский,barley,13.3,"BNS stat.gov.kz (dynamic-tables akmola/1485; gross-harvest 2024 pub. 04.02.2025) + grainunion.kz/APK-Inform anchors 2022-2024 + akimat Akmola 2024 6.6Mt / 2025 7.6Mt 16.3c/ha (prelim 2025) + FAOSTAT QCL shape 2005-2021/USDA-GAIN validation; district=oblast_anchor*agrocoef (downscaling, documented)"
2018,Есильский,spring_wheat,12.09,"BNS stat.gov.kz (dynamic-tables akmola/1485; gross-harvest 2024 pub. 04.02.2025) + grainunion.kz/APK-Inform anchors 2022-2024 + akimat Akmola 2024 6.6Mt / 2025 7.6Mt 16.3c/ha (prelim 2025) + FAOSTAT QCL shape 2005-2021/USDA-GAIN validation; district=oblast_anchor*agrocoef (downscaling, documented)"
2018,Есильский,barley,12.83,"BNS stat.gov.kz (dynamic-tables akmola/1485; gross-harvest 2024 pub. 04.02.2025) + grainunion.kz/APK-Inform anchors 2022-2024 + akimat Akmola 2024 6.6Mt / 2025 7.6Mt 16.3c/ha (prelim 2025) + FAOSTAT QCL shape 2005-2021/USDA-GAIN validation; district=oblast_anchor*agrocoef (downscaling, documented)"
2019,Есильский,spring_wheat,10.23,"BNS stat.gov.kz (dynamic-tables akmola/1485; gross-harvest 2024 pub. 04.02.2025) + grainunion.kz/APK-Inform anchors 2022-2024 + akimat Akmola 2024 6.6Mt / 2025 7.6Mt 16.3c/ha (prelim 2025) + FAOSTAT QCL shape 2005-2021/USDA-GAIN validation; district=oblast_anchor*agrocoef (downscaling, documented)"
2019,Есильский,barley,10.97,"BNS stat.gov.kz (dynamic-tables akmola/1485; gross-harvest 2024 pub. 04.02.2025) + grainunion.kz/APK-Inform anchors 2022-2024 + akimat Akmola 2024 6.6Mt / 2025 7.6Mt 16.3c/ha (prelim 2025) + FAOSTAT QCL shape 2005-2021/USDA-GAIN validation; district=oblast_anchor*agrocoef (downscaling, documented)"
2020,Есильский,spring_wheat,11.35,"BNS stat.gov.kz (dynamic-tables akmola/1485; gross-harvest 2024 pub. 04.02.2025) + grainunion.kz/APK-Inform anchors 2022-2024 + akimat Akmola 2024 6.6Mt / 2025 7.6Mt 16.3c/ha (prelim 2025) + FAOSTAT QCL shape 2005-2021/USDA-GAIN validation; district=oblast_anchor*agrocoef (downscaling, documented)"
2020,Есильский,barley,12.09,"BNS stat.gov.kz (dynamic-tables akmola/1485; gross-harvest 2024 pub. 04.02.2025) + grainunion.kz/APK-Inform anchors 2022-2024 + akimat Akmola 2024 6.6Mt / 2025 7.6Mt 16.3c/ha (prelim 2025) + FAOSTAT QCL shape 2005-2021/USDA-GAIN validation; district=oblast_anchor*agrocoef (downscaling, documented)"
2021,Есильский,spring_wheat,9.11,"BNS stat.gov.kz (dynamic-tables akmola/1485; gross-harvest 2024 pub. 04.02.2025) + grainunion.kz/APK-Inform anchors 2022-2024 + akimat Akmola 2024 6.6Mt / 2025 7.6Mt 16.3c/ha (prelim 2025) + FAOSTAT QCL shape 2005-2021/USDA-GAIN validation; district=oblast_anchor*agrocoef (downscaling, documented)"
2021,Есильский,barley,9.77,"BNS stat.gov.kz (dynamic-tables akmola/1485; gross-harvest 2024 pub. 04.02.2025) + grainunion.kz/APK-Inform anchors 2022-2024 + akimat Akmola 2024 6.6Mt / 2025 7.6Mt 16.3c/ha (prelim 2025) + FAOSTAT QCL shape 2005-2021/USDA-GAIN validation; district=oblast_anchor*agrocoef (downscaling, documented)"
2022,Есильский,spring_wheat,11.9,"BNS stat.gov.kz (dynamic-tables akmola/1485; gross-harvest 2024 pub. 04.02.2025) + grainunion.kz/APK-Inform anchors 2022-2024 + akimat Akmola 2024 6.6Mt / 2025 7.6Mt 16.3c/ha (prelim 2025) + FAOSTAT QCL shape 2005-2021/USDA-GAIN validation; district=oblast_anchor*agrocoef (downscaling, documented)"
2022,Есильский,barley,12.65,"BNS stat.gov.kz (dynamic-tables akmola/1485; gross-harvest 2024 pub. 04.02.2025) + grainunion.kz/APK-Inform anchors 2022-2024 + akimat Akmola 2024 6.6Mt / 2025 7.6Mt 16.3c/ha (prelim 2025) + FAOSTAT QCL shape 2005-2021/USDA-GAIN validation; district=oblast_anchor*agrocoef (downscaling, documented)"
2023,Есильский,spring_wheat,8.56,"BNS stat.gov.kz (dynamic-tables akmola/1485; gross-harvest 2024 pub. 04.02.2025) + grainunion.kz/APK-Inform anchors 2022-2024 + akimat Akmola 2024 6.6Mt / 2025 7.6Mt 16.3c/ha (prelim 2025) + FAOSTAT QCL shape 2005-2021/USDA-GAIN validation; district=oblast_anchor*agrocoef (downscaling, documented)"
2023,Есильский,barley,9.3,"BNS stat.gov.kz (dynamic-tables akmola/1485; gross-harvest 2024 pub. 04.02.2025) + grainunion.kz/APK-Inform anchors 2022-2024 + akimat Akmola 2024 6.6Mt / 2025 7.6Mt 16.3c/ha (prelim 2025) + FAOSTAT QCL shape 2005-2021/USDA-GAIN validation; district=oblast_anchor*agrocoef (downscaling, documented)"
2024,Есильский,spring_wheat,13.02,"BNS stat.gov.kz (dynamic-tables akmola/1485; gross-harvest 2024 pub. 04.02.2025) + grainunion.kz/APK-Inform anchors 2022-2024 + akimat Akmola 2024 6.6Mt / 2025 7.6Mt 16.3c/ha (prelim 2025) + FAOSTAT QCL shape 2005-2021/USDA-GAIN validation; district=oblast_anchor*agrocoef (downscaling, documented)"
2024,Есильский,barley,13.95,"BNS stat.gov.kz (dynamic-tables akmola/1485; gross-harvest 2024 pub. 04.02.2025) + grainunion.kz/APK-Inform anchors 2022-2024 + akimat Akmola 2024 6.6Mt / 2025 7.6Mt 16.3c/ha (prelim 2025) + FAOSTAT QCL shape 2005-2021/USDA-GAIN validation; district=oblast_anchor*agrocoef (downscaling, documented)"
2025,Есильский,spring_wheat,14.69,"BNS stat.gov.kz (dynamic-tables akmola/1485; gross-harvest 2024 pub. 04.02.2025) + grainunion.kz/APK-Inform anchors 2022-2024 + akimat Akmola 2024 6.6Mt / 2025 7.6Mt 16.3c/ha (prelim 2025) + FAOSTAT QCL shape 2005-2021/USDA-GAIN validation; district=oblast_anchor*agrocoef (downscaling, documented)"
2025,Есильский,barley,15.62,"BNS stat.gov.kz (dynamic-tables akmola/1485; gross-harvest 2024 pub. 04.02.2025) + grainunion.kz/APK-Inform anchors 2022-2024 + akimat Akmola 2024 6.6Mt / 2025 7.6Mt 16.3c/ha (prelim 2025) + FAOSTAT QCL shape 2005-2021/USDA-GAIN validation; district=oblast_anchor*agrocoef (downscaling, documented)"
2005,Жаксынский,spring_wheat,10.3,"BNS stat.gov.kz (dynamic-tables akmola/1485; gross-harvest 2024 pub. 04.02.2025) + grainunion.kz/APK-Inform anchors 2022-2024 + akimat Akmola 2024 6.6Mt / 2025 7.6Mt 16.3c/ha (prelim 2025) + FAOSTAT QCL shape 2005-2021/USDA-GAIN validation; district=oblast_anchor*agrocoef (downscaling, documented)"
2005,Жаксынский,barley,11.04,"BNS stat.gov.kz (dynamic-tables akmola/1485; gross-harvest 2024 pub. 04.02.2025) + grainunion.kz/APK-Inform anchors 2022-2024 + akimat Akmola 2024 6.6Mt / 2025 7.6Mt 16.3c/ha (prelim 2025) + FAOSTAT QCL shape 2005-2021/USDA-GAIN validation; district=oblast_anchor*agrocoef (downscaling, documented)"
2006,Жаксынский,spring_wheat,11.5,"BNS stat.gov.kz (dynamic-tables akmola/1485; gross-harvest 2024 pub. 04.02.2025) + grainunion.kz/APK-Inform anchors 2022-2024 + akimat Akmola 2024 6.6Mt / 2025 7.6Mt 16.3c/ha (prelim 2025) + FAOSTAT QCL shape 2005-2021/USDA-GAIN validation; district=oblast_anchor*agrocoef (downscaling, documented)"
2006,Жаксынский,barley,12.14,"BNS stat.gov.kz (dynamic-tables akmola/1485; gross-harvest 2024 pub. 04.02.2025) + grainunion.kz/APK-Inform anchors 2022-2024 + akimat Akmola 2024 6.6Mt / 2025 7.6Mt 16.3c/ha (prelim 2025) + FAOSTAT QCL shape 2005-2021/USDA-GAIN validation; district=oblast_anchor*agrocoef (downscaling, documented)"
2007,Жаксынский,spring_wheat,12.7,"BNS stat.gov.kz (dynamic-tables akmola/1485; gross-harvest 2024 pub. 04.02.2025) + grainunion.kz/APK-Inform anchors 2022-2024 + akimat Akmola 2024 6.6Mt / 2025 7.6Mt 16.3c/ha (prelim 2025) + FAOSTAT QCL shape 2005-2021/USDA-GAIN validation; district=oblast_anchor*agrocoef (downscaling, documented)"
2007,Жаксынский,barley,13.34,"BNS stat.gov.kz (dynamic-tables akmola/1485; gross-harvest 2024 pub. 04.02.2025) + grainunion.kz/APK-Inform anchors 2022-2024 + akimat Akmola 2024 6.6Mt / 2025 7.6Mt 16.3c/ha (prelim 2025) + FAOSTAT QCL shape 2005-2021/USDA-GAIN validation; district=oblast_anchor*agrocoef (downscaling, documented)"
2008,Жаксынский,spring_wheat,9.57,"BNS stat.gov.kz (dynamic-tables akmola/1485; gross-harvest 2024 pub. 04.02.2025) + grainunion.kz/APK-Inform anchors 2022-2024 + akimat Akmola 2024 6.6Mt / 2025 7.6Mt 16.3c/ha (prelim 2025) + FAOSTAT QCL shape 2005-2021/USDA-GAIN validation; district=oblast_anchor*agrocoef (downscaling, documented)"
2008,Жаксынский,barley,10.3,"BNS stat.gov.kz (dynamic-tables akmola/1485; gross-harvest 2024 pub. 04.02.2025) + grainunion.kz/APK-Inform anchors 2022-2024 + akimat Akmola 2024 6.6Mt / 2025 7.6Mt 16.3c/ha (prelim 2025) + FAOSTAT QCL shape 2005-2021/USDA-GAIN validation; district=oblast_anchor*agrocoef (downscaling, documented)"
2009,Жаксынский,spring_wheat,11.22,"BNS stat.gov.kz (dynamic-tables akmola/1485; gross-harvest 2024 pub. 04.02.2025) + grainunion.kz/APK-Inform anchors 2022-2024 + akimat Akmola 2024 6.6Mt / 2025 7.6Mt 16.3c/ha (prelim 2025) + FAOSTAT QCL shape 2005-2021/USDA-GAIN validation; district=oblast_anchor*agrocoef (downscaling, documented)"
2009,Жаксынский,barley,11.96,"BNS stat.gov.kz (dynamic-tables akmola/1485; gross-harvest 2024 pub. 04.02.2025) + grainunion.kz/APK-Inform anchors 2022-2024 + akimat Akmola 2024 6.6Mt / 2025 7.6Mt 16.3c/ha (prelim 2025) + FAOSTAT QCL shape 2005-2021/USDA-GAIN validation; district=oblast_anchor*agrocoef (downscaling, documented)"
2010,Жаксынский,spring_wheat,7.18,"BNS stat.gov.kz (dynamic-tables akmola/1485; gross-harvest 2024 pub. 04.02.2025) + grainunion.kz/APK-Inform anchors 2022-2024 + akimat Akmola 2024 6.6Mt / 2025 7.6Mt 16.3c/ha (prelim 2025) + FAOSTAT QCL shape 2005-2021/USDA-GAIN validation; district=oblast_anchor*agrocoef (downscaling, documented)"
2010,Жаксынский,barley,7.82,"BNS stat.gov.kz (dynamic-tables akmola/1485; gross-harvest 2024 pub. 04.02.2025) + grainunion.kz/APK-Inform anchors 2022-2024 + akimat Akmola 2024 6.6Mt / 2025 7.6Mt 16.3c/ha (prelim 2025) + FAOSTAT QCL shape 2005-2021/USDA-GAIN validation; district=oblast_anchor*agrocoef (downscaling, documented)"
2011,Жаксынский,spring_wheat,15.18,"BNS stat.gov.kz (dynamic-tables akmola/1485; gross-harvest 2024 pub. 04.02.2025) + grainunion.kz/APK-Inform anchors 2022-2024 + akimat Akmola 2024 6.6Mt / 2025 7.6Mt 16.3c/ha (prelim 2025) + FAOSTAT QCL shape 2005-2021/USDA-GAIN validation; district=oblast_anchor*agrocoef (downscaling, documented)"
2011,Жаксынский,barley,15.82,"BNS stat.gov.kz (dynamic-tables akmola/1485; gross-harvest 2024 pub. 04.02.2025) + grainunion.kz/APK-Inform anchors 2022-2024 + akimat Akmola 2024 6.6Mt / 2025 7.6Mt 16.3c/ha (prelim 2025) + FAOSTAT QCL shape 2005-2021/USDA-GAIN validation; district=oblast_anchor*agrocoef (downscaling, documented)"
2012,Жаксынский,spring_wheat,7.91,"BNS stat.gov.kz (dynamic-tables akmola/1485; gross-harvest 2024 pub. 04.02.2025) + grainunion.kz/APK-Inform anchors 2022-2024 + akimat Akmola 2024 6.6Mt / 2025 7.6Mt 16.3c/ha (prelim 2025) + FAOSTAT QCL shape 2005-2021/USDA-GAIN validation; district=oblast_anchor*agrocoef (downscaling, documented)"
2012,Жаксынский,barley,8.65,"BNS stat.gov.kz (dynamic-tables akmola/1485; gross-harvest 2024 pub. 04.02.2025) + grainunion.kz/APK-Inform anchors 2022-2024 + akimat Akmola 2024 6.6Mt / 2025 7.6Mt 16.3c/ha (prelim 2025) + FAOSTAT QCL shape 2005-2021/USDA-GAIN validation; district=oblast_anchor*agrocoef (downscaling, documented)"
2013,Жаксынский,spring_wheat,11.41,"BNS stat.gov.kz (dynamic-tables akmola/1485; gross-harvest 2024 pub. 04.02.2025) + grainunion.kz/APK-Inform anchors 2022-2024 + akimat Akmola 2024 6.6Mt / 2025 7.6Mt 16.3c/ha (prelim 2025) + FAOSTAT QCL shape 2005-2021/USDA-GAIN validation; district=oblast_anchor*agrocoef (downscaling, documented)"
2013,Жаксынский,barley,12.05,"BNS stat.gov.kz (dynamic-tables akmola/1485; gross-harvest 2024 pub. 04.02.2025) + grainunion.kz/APK-Inform anchors 2022-2024 + akimat Akmola 2024 6.6Mt / 2025 7.6Mt 16.3c/ha (prelim 2025) + FAOSTAT QCL shape 2005-2021/USDA-GAIN validation; district=oblast_anchor*agrocoef (downscaling, documented)"
2014,Жаксынский,spring_wheat,11.04,"BNS stat.gov.kz (dynamic-tables akmola/1485; gross-harvest 2024 pub. 04.02.2025) + grainunion.kz/APK-Inform anchors 2022-2024 + akimat Akmola 2024 6.6Mt / 2025 7.6Mt 16.3c/ha (prelim 2025) + FAOSTAT QCL shape 2005-2021/USDA-GAIN validation; district=oblast_anchor*agrocoef (downscaling, documented)"
2014,Жаксынский,barley,11.78,"BNS stat.gov.kz (dynamic-tables akmola/1485; gross-harvest 2024 pub. 04.02.2025) + grainunion.kz/APK-Inform anchors 2022-2024 + akimat Akmola 2024 6.6Mt / 2025 7.6Mt 16.3c/ha (prelim 2025) + FAOSTAT QCL shape 2005-2021/USDA-GAIN validation; district=oblast_anchor*agrocoef (downscaling, documented)"
2015,Жаксынский,spring_wheat,11.59,"BNS stat.gov.kz (dynamic-tables akmola/1485; gross-harvest 2024 pub. 04.02.2025) + grainunion.kz/APK-Inform anchors 2022-2024 + akimat Akmola 2024 6.6Mt / 2025 7.6Mt 16.3c/ha (prelim 2025) + FAOSTAT QCL shape 2005-2021/USDA-GAIN validation; district=oblast_anchor*agrocoef (downscaling, documented)"
2015,Жаксынский,barley,12.33,"BNS stat.gov.kz (dynamic-tables akmola/1485; gross-harvest 2024 pub. 04.02.2025) + grainunion.kz/APK-Inform anchors 2022-2024 + akimat Akmola 2024 6.6Mt / 2025 7.6Mt 16.3c/ha (prelim 2025) + FAOSTAT QCL shape 2005-2021/USDA-GAIN validation; district=oblast_anchor*agrocoef (downscaling, documented)"
2016,Жаксынский,spring_wheat,12.14,"BNS stat.gov.kz (dynamic-tables akmola/1485; gross-harvest 2024 pub. 04.02.2025) + grainunion.kz/APK-Inform anchors 2022-2024 + akimat Akmola 2024 6.6Mt / 2025 7.6Mt 16.3c/ha (prelim 2025) + FAOSTAT QCL shape 2005-2021/USDA-GAIN validation; district=oblast_anchor*agrocoef (downscaling, documented)"
2016,Жаксынский,barley,12.88,"BNS stat.gov.kz (dynamic-tables akmola/1485; gross-harvest 2024 pub. 04.02.2025) + grainunion.kz/APK-Inform anchors 2022-2024 + akimat Akmola 2024 6.6Mt / 2025 7.6Mt 16.3c/ha (prelim 2025) + FAOSTAT QCL shape 2005-2021/USDA-GAIN validation; district=oblast_anchor*agrocoef (downscaling, documented)"
2017,Жаксынский,spring_wheat,12.42,"BNS stat.gov.kz (dynamic-tables akmola/1485; gross-harvest 2024 pub. 04.02.2025) + grainunion.kz/APK-Inform anchors 2022-2024 + akimat Akmola 2024 6.6Mt / 2025 7.6Mt 16.3c/ha (prelim 2025) + FAOSTAT QCL shape 2005-2021/USDA-GAIN validation; district=oblast_anchor*agrocoef (downscaling, documented)"
2017,Жаксынский,barley,13.16,"BNS stat.gov.kz (dynamic-tables akmola/1485; gross-harvest 2024 pub. 04.02.2025) + grainunion.kz/APK-Inform anchors 2022-2024 + akimat Akmola 2024 6.6Mt / 2025 7.6Mt 16.3c/ha (prelim 2025) + FAOSTAT QCL shape 2005-2021/USDA-GAIN validation; district=oblast_anchor*agrocoef (downscaling, documented)"
2018,Жаксынский,spring_wheat,11.96,"BNS stat.gov.kz (dynamic-tables akmola/1485; gross-harvest 2024 pub. 04.02.2025) + grainunion.kz/APK-Inform anchors 2022-2024 + akimat Akmola 2024 6.6Mt / 2025 7.6Mt 16.3c/ha (prelim 2025) + FAOSTAT QCL shape 2005-2021/USDA-GAIN validation; district=oblast_anchor*agrocoef (downscaling, documented)"
2018,Жаксынский,barley,12.7,"BNS stat.gov.kz (dynamic-tables akmola/1485; gross-harvest 2024 pub. 04.02.2025) + grainunion.kz/APK-Inform anchors 2022-2024 + akimat Akmola 2024 6.6Mt / 2025 7.6Mt 16.3c/ha (prelim 2025) + FAOSTAT QCL shape 2005-2021/USDA-GAIN validation; district=oblast_anchor*agrocoef (downscaling, documented)"
2019,Жаксынский,spring_wheat,10.12,"BNS stat.gov.kz (dynamic-tables akmola/1485; gross-harvest 2024 pub. 04.02.2025) + grainunion.kz/APK-Inform anchors 2022-2024 + akimat Akmola 2024 6.6Mt / 2025 7.6Mt 16.3c/ha (prelim 2025) + FAOSTAT QCL shape 2005-2021/USDA-GAIN validation; district=oblast_anchor*agrocoef (downscaling, documented)"
2019,Жаксынский,barley,10.86,"BNS stat.gov.kz (dynamic-tables akmola/1485; gross-harvest 2024 pub. 04.02.2025) + grainunion.kz/APK-Inform anchors 2022-2024 + akimat Akmola 2024 6.6Mt / 2025 7.6Mt 16.3c/ha (prelim 2025) + FAOSTAT QCL shape 2005-2021/USDA-GAIN validation; district=oblast_anchor*agrocoef (downscaling, documented)"
2020,Жаксынский,spring_wheat,11.22,"BNS stat.gov.kz (dynamic-tables akmola/1485; gross-harvest 2024 pub. 04.02.2025) + grainunion.kz/APK-Inform anchors 2022-2024 + akimat Akmola 2024 6.6Mt / 2025 7.6Mt 16.3c/ha (prelim 2025) + FAOSTAT QCL shape 2005-2021/USDA-GAIN validation; district=oblast_anchor*agrocoef (downscaling, documented)"
2020,Жаксынский,barley,11.96,"BNS stat.gov.kz (dynamic-tables akmola/1485; gross-harvest 2024 pub. 04.02.2025) + grainunion.kz/APK-Inform anchors 2022-2024 + akimat Akmola 2024 6.6Mt / 2025 7.6Mt 16.3c/ha (prelim 2025) + FAOSTAT QCL shape 2005-2021/USDA-GAIN validation; district=oblast_anchor*agrocoef (downscaling, documented)"
2021,Жаксынский,spring_wheat,9.02,"BNS stat.gov.kz (dynamic-tables akmola/1485; gross-harvest 2024 pub. 04.02.2025) + grainunion.kz/APK-Inform anchors 2022-2024 + akimat Akmola 2024 6.6Mt / 2025 7.6Mt 16.3c/ha (prelim 2025) + FAOSTAT QCL shape 2005-2021/USDA-GAIN validation; district=oblast_anchor*agrocoef (downscaling, documented)"
2021,Жаксынский,barley,9.66,"BNS stat.gov.kz (dynamic-tables akmola/1485; gross-harvest 2024 pub. 04.02.2025) + grainunion.kz/APK-Inform anchors 2022-2024 + akimat Akmola 2024 6.6Mt / 2025 7.6Mt 16.3c/ha (prelim 2025) + FAOSTAT QCL shape 2005-2021/USDA-GAIN validation; district=oblast_anchor*agrocoef (downscaling, documented)"
2022,Жаксынский,spring_wheat,11.78,"BNS stat.gov.kz (dynamic-tables akmola/1485; gross-harvest 2024 pub. 04.02.2025) + grainunion.kz/APK-Inform anchors 2022-2024 + akimat Akmola 2024 6.6Mt / 2025 7.6Mt 16.3c/ha (prelim 2025) + FAOSTAT QCL shape 2005-2021/USDA-GAIN validation; district=oblast_anchor*agrocoef (downscaling, documented)"
2022,Жаксынский,barley,12.51,"BNS stat.gov.kz (dynamic-tables akmola/1485; gross-harvest 2024 pub. 04.02.2025) + grainunion.kz/APK-Inform anchors 2022-2024 + akimat Akmola 2024 6.6Mt / 2025 7.6Mt 16.3c/ha (prelim 2025) + FAOSTAT QCL shape 2005-2021/USDA-GAIN validation; district=oblast_anchor*agrocoef (downscaling, documented)"
2023,Жаксынский,spring_wheat,8.46,"BNS stat.gov.kz (dynamic-tables akmola/1485; gross-harvest 2024 pub. 04.02.2025) + grainunion.kz/APK-Inform anchors 2022-2024 + akimat Akmola 2024 6.6Mt / 2025 7.6Mt 16.3c/ha (prelim 2025) + FAOSTAT QCL shape 2005-2021/USDA-GAIN validation; district=oblast_anchor*agrocoef (downscaling, documented)"
2023,Жаксынский,barley,9.2,"BNS stat.gov.kz (dynamic-tables akmola/1485; gross-harvest 2024 pub. 04.02.2025) + grainunion.kz/APK-Inform anchors 2022-2024 + akimat Akmola 2024 6.6Mt / 2025 7.6Mt 16.3c/ha (prelim 2025) + FAOSTAT QCL shape 2005-2021/USDA-GAIN validation; district=oblast_anchor*agrocoef (downscaling, documented)"
2024,Жаксынский,spring_wheat,12.88,"BNS stat.gov.kz (dynamic-tables akmola/1485; gross-harvest 2024 pub. 04.02.2025) + grainunion.kz/APK-Inform anchors 2022-2024 + akimat Akmola 2024 6.6Mt / 2025 7.6Mt 16.3c/ha (prelim 2025) + FAOSTAT QCL shape 2005-2021/USDA-GAIN validation; district=oblast_anchor*agrocoef (downscaling, documented)"
2024,Жаксынский,barley,13.8,"BNS stat.gov.kz (dynamic-tables akmola/1485; gross-harvest 2024 pub. 04.02.2025) + grainunion.kz/APK-Inform anchors 2022-2024 + akimat Akmola 2024 6.6Mt / 2025 7.6Mt 16.3c/ha (prelim 2025) + FAOSTAT QCL shape 2005-2021/USDA-GAIN validation; district=oblast_anchor*agrocoef (downscaling, documented)"
2025,Жаксынский,spring_wheat,14.54,"BNS stat.gov.kz (dynamic-tables akmola/1485; gross-harvest 2024 pub. 04.02.2025) + grainunion.kz/APK-Inform anchors 2022-2024 + akimat Akmola 2024 6.6Mt / 2025 7.6Mt 16.3c/ha (prelim 2025) + FAOSTAT QCL shape 2005-2021/USDA-GAIN validation; district=oblast_anchor*agrocoef (downscaling, documented)"
2025,Жаксынский,barley,15.46,"BNS stat.gov.kz (dynamic-tables akmola/1485; gross-harvest 2024 pub. 04.02.2025) + grainunion.kz/APK-Inform anchors 2022-2024 + akimat Akmola 2024 6.6Mt / 2025 7.6Mt 16.3c/ha (prelim 2025) + FAOSTAT QCL shape 2005-2021/USDA-GAIN validation; district=oblast_anchor*agrocoef (downscaling, documented)"
2005,Шортандинский,spring_wheat,11.2,"BNS stat.gov.kz (dynamic-tables akmola/1485; gross-harvest 2024 pub. 04.02.2025) + grainunion.kz/APK-Inform anchors 2022-2024 + akimat Akmola 2024 6.6Mt / 2025 7.6Mt 16.3c/ha (prelim 2025) + FAOSTAT QCL shape 2005-2021/USDA-GAIN validation; district=oblast_anchor*agrocoef (downscaling, documented)"
2005,Шортандинский,barley,12.0,"BNS stat.gov.kz (dynamic-tables akmola/1485; gross-harvest 2024 pub. 04.02.2025) + grainunion.kz/APK-Inform anchors 2022-2024 + akimat Akmola 2024 6.6Mt / 2025 7.6Mt 16.3c/ha (prelim 2025) + FAOSTAT QCL shape 2005-2021/USDA-GAIN validation; district=oblast_anchor*agrocoef (downscaling, documented)"
2006,Шортандинский,spring_wheat,12.5,"BNS stat.gov.kz (dynamic-tables akmola/1485; gross-harvest 2024 pub. 04.02.2025) + grainunion.kz/APK-Inform anchors 2022-2024 + akimat Akmola 2024 6.6Mt / 2025 7.6Mt 16.3c/ha (prelim 2025) + FAOSTAT QCL shape 2005-2021/USDA-GAIN validation; district=oblast_anchor*agrocoef (downscaling, documented)"
2006,Шортандинский,barley,13.2,"BNS stat.gov.kz (dynamic-tables akmola/1485; gross-harvest 2024 pub. 04.02.2025) + grainunion.kz/APK-Inform anchors 2022-2024 + akimat Akmola 2024 6.6Mt / 2025 7.6Mt 16.3c/ha (prelim 2025) + FAOSTAT QCL shape 2005-2021/USDA-GAIN validation; district=oblast_anchor*agrocoef (downscaling, documented)"
2007,Шортандинский,spring_wheat,13.8,"BNS stat.gov.kz (dynamic-tables akmola/1485; gross-harvest 2024 pub. 04.02.2025) + grainunion.kz/APK-Inform anchors 2022-2024 + akimat Akmola 2024 6.6Mt / 2025 7.6Mt 16.3c/ha (prelim 2025) + FAOSTAT QCL shape 2005-2021/USDA-GAIN validation; district=oblast_anchor*agrocoef (downscaling, documented)"
2007,Шортандинский,barley,14.5,"BNS stat.gov.kz (dynamic-tables akmola/1485; gross-harvest 2024 pub. 04.02.2025) + grainunion.kz/APK-Inform anchors 2022-2024 + akimat Akmola 2024 6.6Mt / 2025 7.6Mt 16.3c/ha (prelim 2025) + FAOSTAT QCL shape 2005-2021/USDA-GAIN validation; district=oblast_anchor*agrocoef (downscaling, documented)"
2008,Шортандинский,spring_wheat,10.4,"BNS stat.gov.kz (dynamic-tables akmola/1485; gross-harvest 2024 pub. 04.02.2025) + grainunion.kz/APK-Inform anchors 2022-2024 + akimat Akmola 2024 6.6Mt / 2025 7.6Mt 16.3c/ha (prelim 2025) + FAOSTAT QCL shape 2005-2021/USDA-GAIN validation; district=oblast_anchor*agrocoef (downscaling, documented)"
2008,Шортандинский,barley,11.2,"BNS stat.gov.kz (dynamic-tables akmola/1485; gross-harvest 2024 pub. 04.02.2025) + grainunion.kz/APK-Inform anchors 2022-2024 + akimat Akmola 2024 6.6Mt / 2025 7.6Mt 16.3c/ha (prelim 2025) + FAOSTAT QCL shape 2005-2021/USDA-GAIN validation; district=oblast_anchor*agrocoef (downscaling, documented)"
2009,Шортандинский,spring_wheat,12.2,"BNS stat.gov.kz (dynamic-tables akmola/1485; gross-harvest 2024 pub. 04.02.2025) + grainunion.kz/APK-Inform anchors 2022-2024 + akimat Akmola 2024 6.6Mt / 2025 7.6Mt 16.3c/ha (prelim 2025) + FAOSTAT QCL shape 2005-2021/USDA-GAIN validation; district=oblast_anchor*agrocoef (downscaling, documented)"
2009,Шортандинский,barley,13.0,"BNS stat.gov.kz (dynamic-tables akmola/1485; gross-harvest 2024 pub. 04.02.2025) + grainunion.kz/APK-Inform anchors 2022-2024 + akimat Akmola 2024 6.6Mt / 2025 7.6Mt 16.3c/ha (prelim 2025) + FAOSTAT QCL shape 2005-2021/USDA-GAIN validation; district=oblast_anchor*agrocoef (downscaling, documented)"
2010,Шортандинский,spring_wheat,7.8,"BNS stat.gov.kz (dynamic-tables akmola/1485; gross-harvest 2024 pub. 04.02.2025) + grainunion.kz/APK-Inform anchors 2022-2024 + akimat Akmola 2024 6.6Mt / 2025 7.6Mt 16.3c/ha (prelim 2025) + FAOSTAT QCL shape 2005-2021/USDA-GAIN validation; district=oblast_anchor*agrocoef (downscaling, documented)"
2010,Шортандинский,barley,8.5,"BNS stat.gov.kz (dynamic-tables akmola/1485; gross-harvest 2024 pub. 04.02.2025) + grainunion.kz/APK-Inform anchors 2022-2024 + akimat Akmola 2024 6.6Mt / 2025 7.6Mt 16.3c/ha (prelim 2025) + FAOSTAT QCL shape 2005-2021/USDA-GAIN validation; district=oblast_anchor*agrocoef (downscaling, documented)"
2011,Шортандинский,spring_wheat,16.5,"BNS stat.gov.kz (dynamic-tables akmola/1485; gross-harvest 2024 pub. 04.02.2025) + grainunion.kz/APK-Inform anchors 2022-2024 + akimat Akmola 2024 6.6Mt / 2025 7.6Mt 16.3c/ha (prelim 2025) + FAOSTAT QCL shape 2005-2021/USDA-GAIN validation; district=oblast_anchor*agrocoef (downscaling, documented)"
2011,Шортандинский,barley,17.2,"BNS stat.gov.kz (dynamic-tables akmola/1485; gross-harvest 2024 pub. 04.02.2025) + grainunion.kz/APK-Inform anchors 2022-2024 + akimat Akmola 2024 6.6Mt / 2025 7.6Mt 16.3c/ha (prelim 2025) + FAOSTAT QCL shape 2005-2021/USDA-GAIN validation; district=oblast_anchor*agrocoef (downscaling, documented)"
2012,Шортандинский,spring_wheat,8.6,"BNS stat.gov.kz (dynamic-tables akmola/1485; gross-harvest 2024 pub. 04.02.2025) + grainunion.kz/APK-Inform anchors 2022-2024 + akimat Akmola 2024 6.6Mt / 2025 7.6Mt 16.3c/ha (prelim 2025) + FAOSTAT QCL shape 2005-2021/USDA-GAIN validation; district=oblast_anchor*agrocoef (downscaling, documented)"
2012,Шортандинский,barley,9.4,"BNS stat.gov.kz (dynamic-tables akmola/1485; gross-harvest 2024 pub. 04.02.2025) + grainunion.kz/APK-Inform anchors 2022-2024 + akimat Akmola 2024 6.6Mt / 2025 7.6Mt 16.3c/ha (prelim 2025) + FAOSTAT QCL shape 2005-2021/USDA-GAIN validation; district=oblast_anchor*agrocoef (downscaling, documented)"
2013,Шортандинский,spring_wheat,12.4,"BNS stat.gov.kz (dynamic-tables akmola/1485; gross-harvest 2024 pub. 04.02.2025) + grainunion.kz/APK-Inform anchors 2022-2024 + akimat Akmola 2024 6.6Mt / 2025 7.6Mt 16.3c/ha (prelim 2025) + FAOSTAT QCL shape 2005-2021/USDA-GAIN validation; district=oblast_anchor*agrocoef (downscaling, documented)"
2013,Шортандинский,barley,13.1,"BNS stat.gov.kz (dynamic-tables akmola/1485; gross-harvest 2024 pub. 04.02.2025) + grainunion.kz/APK-Inform anchors 2022-2024 + akimat Akmola 2024 6.6Mt / 2025 7.6Mt 16.3c/ha (prelim 2025) + FAOSTAT QCL shape 2005-2021/USDA-GAIN validation; district=oblast_anchor*agrocoef (downscaling, documented)"
2014,Шортандинский,spring_wheat,12.0,"BNS stat.gov.kz (dynamic-tables akmola/1485; gross-harvest 2024 pub. 04.02.2025) + grainunion.kz/APK-Inform anchors 2022-2024 + akimat Akmola 2024 6.6Mt / 2025 7.6Mt 16.3c/ha (prelim 2025) + FAOSTAT QCL shape 2005-2021/USDA-GAIN validation; district=oblast_anchor*agrocoef (downscaling, documented)"
2014,Шортандинский,barley,12.8,"BNS stat.gov.kz (dynamic-tables akmola/1485; gross-harvest 2024 pub. 04.02.2025) + grainunion.kz/APK-Inform anchors 2022-2024 + akimat Akmola 2024 6.6Mt / 2025 7.6Mt 16.3c/ha (prelim 2025) + FAOSTAT QCL shape 2005-2021/USDA-GAIN validation; district=oblast_anchor*agrocoef (downscaling, documented)"
2015,Шортандинский,spring_wheat,12.6,"BNS stat.gov.kz (dynamic-tables akmola/1485; gross-harvest 2024 pub. 04.02.2025) + grainunion.kz/APK-Inform anchors 2022-2024 + akimat Akmola 2024 6.6Mt / 2025 7.6Mt 16.3c/ha (prelim 2025) + FAOSTAT QCL shape 2005-2021/USDA-GAIN validation; district=oblast_anchor*agrocoef (downscaling, documented)"
2015,Шортандинский,barley,13.4,"BNS stat.gov.kz (dynamic-tables akmola/1485; gross-harvest 2024 pub. 04.02.2025) + grainunion.kz/APK-Inform anchors 2022-2024 + akimat Akmola 2024 6.6Mt / 2025 7.6Mt 16.3c/ha (prelim 2025) + FAOSTAT QCL shape 2005-2021/USDA-GAIN validation; district=oblast_anchor*agrocoef (downscaling, documented)"
2016,Шортандинский,spring_wheat,13.2,"BNS stat.gov.kz (dynamic-tables akmola/1485; gross-harvest 2024 pub. 04.02.2025) + grainunion.kz/APK-Inform anchors 2022-2024 + akimat Akmola 2024 6.6Mt / 2025 7.6Mt 16.3c/ha (prelim 2025) + FAOSTAT QCL shape 2005-2021/USDA-GAIN validation; district=oblast_anchor*agrocoef (downscaling, documented)"
2016,Шортандинский,barley,14.0,"BNS stat.gov.kz (dynamic-tables akmola/1485; gross-harvest 2024 pub. 04.02.2025) + grainunion.kz/APK-Inform anchors 2022-2024 + akimat Akmola 2024 6.6Mt / 2025 7.6Mt 16.3c/ha (prelim 2025) + FAOSTAT QCL shape 2005-2021/USDA-GAIN validation; district=oblast_anchor*agrocoef (downscaling, documented)"
2017,Шортандинский,spring_wheat,13.5,"BNS stat.gov.kz (dynamic-tables akmola/1485; gross-harvest 2024 pub. 04.02.2025) + grainunion.kz/APK-Inform anchors 2022-2024 + akimat Akmola 2024 6.6Mt / 2025 7.6Mt 16.3c/ha (prelim 2025) + FAOSTAT QCL shape 2005-2021/USDA-GAIN validation; district=oblast_anchor*agrocoef (downscaling, documented)"
2017,Шортандинский,barley,14.3,"BNS stat.gov.kz (dynamic-tables akmola/1485; gross-harvest 2024 pub. 04.02.2025) + grainunion.kz/APK-Inform anchors 2022-2024 + akimat Akmola 2024 6.6Mt / 2025 7.6Mt 16.3c/ha (prelim 2025) + FAOSTAT QCL shape 2005-2021/USDA-GAIN validation; district=oblast_anchor*agrocoef (downscaling, documented)"
2018,Шортандинский,spring_wheat,13.0,"BNS stat.gov.kz (dynamic-tables akmola/1485; gross-harvest 2024 pub. 04.02.2025) + grainunion.kz/APK-Inform anchors 2022-2024 + akimat Akmola 2024 6.6Mt / 2025 7.6Mt 16.3c/ha (prelim 2025) + FAOSTAT QCL shape 2005-2021/USDA-GAIN validation; district=oblast_anchor*agrocoef (downscaling, documented)"
2018,Шортандинский,barley,13.8,"BNS stat.gov.kz (dynamic-tables akmola/1485; gross-harvest 2024 pub. 04.02.2025) + grainunion.kz/APK-Inform anchors 2022-2024 + akimat Akmola 2024 6.6Mt / 2025 7.6Mt 16.3c/ha (prelim 2025) + FAOSTAT QCL shape 2005-2021/USDA-GAIN validation; district=oblast_anchor*agrocoef (downscaling, documented)"
2019,Шортандинский,spring_wheat,11.0,"BNS stat.gov.kz (dynamic-tables akmola/1485; gross-harvest 2024 pub. 04.02.2025) + grainunion.kz/APK-Inform anchors 2022-2024 + akimat Akmola 2024 6.6Mt / 2025 7.6Mt 16.3c/ha (prelim 2025) + FAOSTAT QCL shape 2005-2021/USDA-GAIN validation; district=oblast_anchor*agrocoef (downscaling, documented)"
2019,Шортандинский,barley,11.8,"BNS stat.gov.kz (dynamic-tables akmola/1485; gross-harvest 2024 pub. 04.02.2025) + grainunion.kz/APK-Inform anchors 2022-2024 + akimat Akmola 2024 6.6Mt / 2025 7.6Mt 16.3c/ha (prelim 2025) + FAOSTAT QCL shape 2005-2021/USDA-GAIN validation; district=oblast_anchor*agrocoef (downscaling, documented)"
2020,Шортандинский,spring_wheat,12.2,"BNS stat.gov.kz (dynamic-tables akmola/1485; gross-harvest 2024 pub. 04.02.2025) + grainunion.kz/APK-Inform anchors 2022-2024 + akimat Akmola 2024 6.6Mt / 2025 7.6Mt 16.3c/ha (prelim 2025) + FAOSTAT QCL shape 2005-2021/USDA-GAIN validation; district=oblast_anchor*agrocoef (downscaling, documented)"
2020,Шортандинский,barley,13.0,"BNS stat.gov.kz (dynamic-tables akmola/1485; gross-harvest 2024 pub. 04.02.2025) + grainunion.kz/APK-Inform anchors 2022-2024 + akimat Akmola 2024 6.6Mt / 2025 7.6Mt 16.3c/ha (prelim 2025) + FAOSTAT QCL shape 2005-2021/USDA-GAIN validation; district=oblast_anchor*agrocoef (downscaling, documented)"
2021,Шортандинский,spring_wheat,9.8,"BNS stat.gov.kz (dynamic-tables akmola/1485; gross-harvest 2024 pub. 04.02.2025) + grainunion.kz/APK-Inform anchors 2022-2024 + akimat Akmola 2024 6.6Mt / 2025 7.6Mt 16.3c/ha (prelim 2025) + FAOSTAT QCL shape 2005-2021/USDA-GAIN validation; district=oblast_anchor*agrocoef (downscaling, documented)"
2021,Шортандинский,barley,10.5,"BNS stat.gov.kz (dynamic-tables akmola/1485; gross-harvest 2024 pub. 04.02.2025) + grainunion.kz/APK-Inform anchors 2022-2024 + akimat Akmola 2024 6.6Mt / 2025 7.6Mt 16.3c/ha (prelim 2025) + FAOSTAT QCL shape 2005-2021/USDA-GAIN validation; district=oblast_anchor*agrocoef (downscaling, documented)"
2022,Шортандинский,spring_wheat,12.8,"BNS stat.gov.kz (dynamic-tables akmola/1485; gross-harvest 2024 pub. 04.02.2025) + grainunion.kz/APK-Inform anchors 2022-2024 + akimat Akmola 2024 6.6Mt / 2025 7.6Mt 16.3c/ha (prelim 2025) + FAOSTAT QCL shape 2005-2021/USDA-GAIN validation; district=oblast_anchor*agrocoef (downscaling, documented)"
2022,Шортандинский,barley,13.6,"BNS stat.gov.kz (dynamic-tables akmola/1485; gross-harvest 2024 pub. 04.02.2025) + grainunion.kz/APK-Inform anchors 2022-2024 + akimat Akmola 2024 6.6Mt / 2025 7.6Mt 16.3c/ha (prelim 2025) + FAOSTAT QCL shape 2005-2021/USDA-GAIN validation; district=oblast_anchor*agrocoef (downscaling, documented)"
2023,Шортандинский,spring_wheat,9.2,"BNS stat.gov.kz (dynamic-tables akmola/1485; gross-harvest 2024 pub. 04.02.2025) + grainunion.kz/APK-Inform anchors 2022-2024 + akimat Akmola 2024 6.6Mt / 2025 7.6Mt 16.3c/ha (prelim 2025) + FAOSTAT QCL shape 2005-2021/USDA-GAIN validation; district=oblast_anchor*agrocoef (downscaling, documented)"
2023,Шортандинский,barley,10.0,"BNS stat.gov.kz (dynamic-tables akmola/1485; gross-harvest 2024 pub. 04.02.2025) + grainunion.kz/APK-Inform anchors 2022-2024 + akimat Akmola 2024 6.6Mt / 2025 7.6Mt 16.3c/ha (prelim 2025) + FAOSTAT QCL shape 2005-2021/USDA-GAIN validation; district=oblast_anchor*agrocoef (downscaling, documented)"
2024,Шортандинский,spring_wheat,14.0,"BNS stat.gov.kz (dynamic-tables akmola/1485; gross-harvest 2024 pub. 04.02.2025) + grainunion.kz/APK-Inform anchors 2022-2024 + akimat Akmola 2024 6.6Mt / 2025 7.6Mt 16.3c/ha (prelim 2025) + FAOSTAT QCL shape 2005-2021/USDA-GAIN validation; district=oblast_anchor*agrocoef (downscaling, documented)"
2024,Шортандинский,barley,15.0,"BNS stat.gov.kz (dynamic-tables akmola/1485; gross-harvest 2024 pub. 04.02.2025) + grainunion.kz/APK-Inform anchors 2022-2024 + akimat Akmola 2024 6.6Mt / 2025 7.6Mt 16.3c/ha (prelim 2025) + FAOSTAT QCL shape 2005-2021/USDA-GAIN validation; district=oblast_anchor*agrocoef (downscaling, documented)"
2025,Шортандинский,spring_wheat,15.8,"BNS stat.gov.kz (dynamic-tables akmola/1485; gross-harvest 2024 pub. 04.02.2025) + grainunion.kz/APK-Inform anchors 2022-2024 + akimat Akmola 2024 6.6Mt / 2025 7.6Mt 16.3c/ha (prelim 2025) + FAOSTAT QCL shape 2005-2021/USDA-GAIN validation; district=oblast_anchor*agrocoef (downscaling, documented)"
2025,Шортандинский,barley,16.8,"BNS stat.gov.kz (dynamic-tables akmola/1485; gross-harvest 2024 pub. 04.02.2025) + grainunion.kz/APK-Inform anchors 2022-2024 + akimat Akmola 2024 6.6Mt / 2025 7.6Mt 16.3c/ha (prelim 2025) + FAOSTAT QCL shape 2005-2021/USDA-GAIN validation; district=oblast_anchor*agrocoef (downscaling, documented)"
2005,Целиноградский,spring_wheat,10.98,"BNS stat.gov.kz (dynamic-tables akmola/1485; gross-harvest 2024 pub. 04.02.2025) + grainunion.kz/APK-Inform anchors 2022-2024 + akimat Akmola 2024 6.6Mt / 2025 7.6Mt 16.3c/ha (prelim 2025) + FAOSTAT QCL shape 2005-2021/USDA-GAIN validation; district=oblast_anchor*agrocoef (downscaling, documented)"
2005,Целиноградский,barley,11.76,"BNS stat.gov.kz (dynamic-tables akmola/1485; gross-harvest 2024 pub. 04.02.2025) + grainunion.kz/APK-Inform anchors 2022-2024 + akimat Akmola 2024 6.6Mt / 2025 7.6Mt 16.3c/ha (prelim 2025) + FAOSTAT QCL shape 2005-2021/USDA-GAIN validation; district=oblast_anchor*agrocoef (downscaling, documented)"
2006,Целиноградский,spring_wheat,12.25,"BNS stat.gov.kz (dynamic-tables akmola/1485; gross-harvest 2024 pub. 04.02.2025) + grainunion.kz/APK-Inform anchors 2022-2024 + akimat Akmola 2024 6.6Mt / 2025 7.6Mt 16.3c/ha (prelim 2025) + FAOSTAT QCL shape 2005-2021/USDA-GAIN validation; district=oblast_anchor*agrocoef (downscaling, documented)"
2006,Целиноградский,barley,12.94,"BNS stat.gov.kz (dynamic-tables akmola/1485; gross-harvest 2024 pub. 04.02.2025) + grainunion.kz/APK-Inform anchors 2022-2024 + akimat Akmola 2024 6.6Mt / 2025 7.6Mt 16.3c/ha (prelim 2025) + FAOSTAT QCL shape 2005-2021/USDA-GAIN validation; district=oblast_anchor*agrocoef (downscaling, documented)"
2007,Целиноградский,spring_wheat,13.52,"BNS stat.gov.kz (dynamic-tables akmola/1485; gross-harvest 2024 pub. 04.02.2025) + grainunion.kz/APK-Inform anchors 2022-2024 + akimat Akmola 2024 6.6Mt / 2025 7.6Mt 16.3c/ha (prelim 2025) + FAOSTAT QCL shape 2005-2021/USDA-GAIN validation; district=oblast_anchor*agrocoef (downscaling, documented)"
2007,Целиноградский,barley,14.21,"BNS stat.gov.kz (dynamic-tables akmola/1485; gross-harvest 2024 pub. 04.02.2025) + grainunion.kz/APK-Inform anchors 2022-2024 + akimat Akmola 2024 6.6Mt / 2025 7.6Mt 16.3c/ha (prelim 2025) + FAOSTAT QCL shape 2005-2021/USDA-GAIN validation; district=oblast_anchor*agrocoef (downscaling, documented)"
2008,Целиноградский,spring_wheat,10.19,"BNS stat.gov.kz (dynamic-tables akmola/1485; gross-harvest 2024 pub. 04.02.2025) + grainunion.kz/APK-Inform anchors 2022-2024 + akimat Akmola 2024 6.6Mt / 2025 7.6Mt 16.3c/ha (prelim 2025) + FAOSTAT QCL shape 2005-2021/USDA-GAIN validation; district=oblast_anchor*agrocoef (downscaling, documented)"
2008,Целиноградский,barley,10.98,"BNS stat.gov.kz (dynamic-tables akmola/1485; gross-harvest 2024 pub. 04.02.2025) + grainunion.kz/APK-Inform anchors 2022-2024 + akimat Akmola 2024 6.6Mt / 2025 7.6Mt 16.3c/ha (prelim 2025) + FAOSTAT QCL shape 2005-2021/USDA-GAIN validation; district=oblast_anchor*agrocoef (downscaling, documented)"
2009,Целиноградский,spring_wheat,11.96,"BNS stat.gov.kz (dynamic-tables akmola/1485; gross-harvest 2024 pub. 04.02.2025) + grainunion.kz/APK-Inform anchors 2022-2024 + akimat Akmola 2024 6.6Mt / 2025 7.6Mt 16.3c/ha (prelim 2025) + FAOSTAT QCL shape 2005-2021/USDA-GAIN validation; district=oblast_anchor*agrocoef (downscaling, documented)"
2009,Целиноградский,barley,12.74,"BNS stat.gov.kz (dynamic-tables akmola/1485; gross-harvest 2024 pub. 04.02.2025) + grainunion.kz/APK-Inform anchors 2022-2024 + akimat Akmola 2024 6.6Mt / 2025 7.6Mt 16.3c/ha (prelim 2025) + FAOSTAT QCL shape 2005-2021/USDA-GAIN validation; district=oblast_anchor*agrocoef (downscaling, documented)"
2010,Целиноградский,spring_wheat,7.64,"BNS stat.gov.kz (dynamic-tables akmola/1485; gross-harvest 2024 pub. 04.02.2025) + grainunion.kz/APK-Inform anchors 2022-2024 + akimat Akmola 2024 6.6Mt / 2025 7.6Mt 16.3c/ha (prelim 2025) + FAOSTAT QCL shape 2005-2021/USDA-GAIN validation; district=oblast_anchor*agrocoef (downscaling, documented)"
2010,Целиноградский,barley,8.33,"BNS stat.gov.kz (dynamic-tables akmola/1485; gross-harvest 2024 pub. 04.02.2025) + grainunion.kz/APK-Inform anchors 2022-2024 + akimat Akmola 2024 6.6Mt / 2025 7.6Mt 16.3c/ha (prelim 2025) + FAOSTAT QCL shape 2005-2021/USDA-GAIN validation; district=oblast_anchor*agrocoef (downscaling, documented)"
2011,Целиноградский,spring_wheat,16.17,"BNS stat.gov.kz (dynamic-tables akmola/1485; gross-harvest 2024 pub. 04.02.2025) + grainunion.kz/APK-Inform anchors 2022-2024 + akimat Akmola 2024 6.6Mt / 2025 7.6Mt 16.3c/ha (prelim 2025) + FAOSTAT QCL shape 2005-2021/USDA-GAIN validation; district=oblast_anchor*agrocoef (downscaling, documented)"
2011,Целиноградский,barley,16.86,"BNS stat.gov.kz (dynamic-tables akmola/1485; gross-harvest 2024 pub. 04.02.2025) + grainunion.kz/APK-Inform anchors 2022-2024 + akimat Akmola 2024 6.6Mt / 2025 7.6Mt 16.3c/ha (prelim 2025) + FAOSTAT QCL shape 2005-2021/USDA-GAIN validation; district=oblast_anchor*agrocoef (downscaling, documented)"
2012,Целиноградский,spring_wheat,8.43,"BNS stat.gov.kz (dynamic-tables akmola/1485; gross-harvest 2024 pub. 04.02.2025) + grainunion.kz/APK-Inform anchors 2022-2024 + akimat Akmola 2024 6.6Mt / 2025 7.6Mt 16.3c/ha (prelim 2025) + FAOSTAT QCL shape 2005-2021/USDA-GAIN validation; district=oblast_anchor*agrocoef (downscaling, documented)"
2012,Целиноградский,barley,9.21,"BNS stat.gov.kz (dynamic-tables akmola/1485; gross-harvest 2024 pub. 04.02.2025) + grainunion.kz/APK-Inform anchors 2022-2024 + akimat Akmola 2024 6.6Mt / 2025 7.6Mt 16.3c/ha (prelim 2025) + FAOSTAT QCL shape 2005-2021/USDA-GAIN validation; district=oblast_anchor*agrocoef (downscaling, documented)"
2013,Целиноградский,spring_wheat,12.15,"BNS stat.gov.kz (dynamic-tables akmola/1485; gross-harvest 2024 pub. 04.02.2025) + grainunion.kz/APK-Inform anchors 2022-2024 + akimat Akmola 2024 6.6Mt / 2025 7.6Mt 16.3c/ha (prelim 2025) + FAOSTAT QCL shape 2005-2021/USDA-GAIN validation; district=oblast_anchor*agrocoef (downscaling, documented)"
2013,Целиноградский,barley,12.84,"BNS stat.gov.kz (dynamic-tables akmola/1485; gross-harvest 2024 pub. 04.02.2025) + grainunion.kz/APK-Inform anchors 2022-2024 + akimat Akmola 2024 6.6Mt / 2025 7.6Mt 16.3c/ha (prelim 2025) + FAOSTAT QCL shape 2005-2021/USDA-GAIN validation; district=oblast_anchor*agrocoef (downscaling, documented)"
2014,Целиноградский,spring_wheat,11.76,"BNS stat.gov.kz (dynamic-tables akmola/1485; gross-harvest 2024 pub. 04.02.2025) + grainunion.kz/APK-Inform anchors 2022-2024 + akimat Akmola 2024 6.6Mt / 2025 7.6Mt 16.3c/ha (prelim 2025) + FAOSTAT QCL shape 2005-2021/USDA-GAIN validation; district=oblast_anchor*agrocoef (downscaling, documented)"
2014,Целиноградский,barley,12.54,"BNS stat.gov.kz (dynamic-tables akmola/1485; gross-harvest 2024 pub. 04.02.2025) + grainunion.kz/APK-Inform anchors 2022-2024 + akimat Akmola 2024 6.6Mt / 2025 7.6Mt 16.3c/ha (prelim 2025) + FAOSTAT QCL shape 2005-2021/USDA-GAIN validation; district=oblast_anchor*agrocoef (downscaling, documented)"
2015,Целиноградский,spring_wheat,12.35,"BNS stat.gov.kz (dynamic-tables akmola/1485; gross-harvest 2024 pub. 04.02.2025) + grainunion.kz/APK-Inform anchors 2022-2024 + akimat Akmola 2024 6.6Mt / 2025 7.6Mt 16.3c/ha (prelim 2025) + FAOSTAT QCL shape 2005-2021/USDA-GAIN validation; district=oblast_anchor*agrocoef (downscaling, documented)"
2015,Целиноградский,barley,13.13,"BNS stat.gov.kz (dynamic-tables akmola/1485; gross-harvest 2024 pub. 04.02.2025) + grainunion.kz/APK-Inform anchors 2022-2024 + akimat Akmola 2024 6.6Mt / 2025 7.6Mt 16.3c/ha (prelim 2025) + FAOSTAT QCL shape 2005-2021/USDA-GAIN validation; district=oblast_anchor*agrocoef (downscaling, documented)"
2016,Целиноградский,spring_wheat,12.94,"BNS stat.gov.kz (dynamic-tables akmola/1485; gross-harvest 2024 pub. 04.02.2025) + grainunion.kz/APK-Inform anchors 2022-2024 + akimat Akmola 2024 6.6Mt / 2025 7.6Mt 16.3c/ha (prelim 2025) + FAOSTAT QCL shape 2005-2021/USDA-GAIN validation; district=oblast_anchor*agrocoef (downscaling, documented)"
2016,Целиноградский,barley,13.72,"BNS stat.gov.kz (dynamic-tables akmola/1485; gross-harvest 2024 pub. 04.02.2025) + grainunion.kz/APK-Inform anchors 2022-2024 + akimat Akmola 2024 6.6Mt / 2025 7.6Mt 16.3c/ha (prelim 2025) + FAOSTAT QCL shape 2005-2021/USDA-GAIN validation; district=oblast_anchor*agrocoef (downscaling, documented)"
2017,Целиноградский,spring_wheat,13.23,"BNS stat.gov.kz (dynamic-tables akmola/1485; gross-harvest 2024 pub. 04.02.2025) + grainunion.kz/APK-Inform anchors 2022-2024 + akimat Akmola 2024 6.6Mt / 2025 7.6Mt 16.3c/ha (prelim 2025) + FAOSTAT QCL shape 2005-2021/USDA-GAIN validation; district=oblast_anchor*agrocoef (downscaling, documented)"
2017,Целиноградский,barley,14.01,"BNS stat.gov.kz (dynamic-tables akmola/1485; gross-harvest 2024 pub. 04.02.2025) + grainunion.kz/APK-Inform anchors 2022-2024 + akimat Akmola 2024 6.6Mt / 2025 7.6Mt 16.3c/ha (prelim 2025) + FAOSTAT QCL shape 2005-2021/USDA-GAIN validation; district=oblast_anchor*agrocoef (downscaling, documented)"
2018,Целиноградский,spring_wheat,12.74,"BNS stat.gov.kz (dynamic-tables akmola/1485; gross-harvest 2024 pub. 04.02.2025) + grainunion.kz/APK-Inform anchors 2022-2024 + akimat Akmola 2024 6.6Mt / 2025 7.6Mt 16.3c/ha (prelim 2025) + FAOSTAT QCL shape 2005-2021/USDA-GAIN validation; district=oblast_anchor*agrocoef (downscaling, documented)"
2018,Целиноградский,barley,13.52,"BNS stat.gov.kz (dynamic-tables akmola/1485; gross-harvest 2024 pub. 04.02.2025) + grainunion.kz/APK-Inform anchors 2022-2024 + akimat Akmola 2024 6.6Mt / 2025 7.6Mt 16.3c/ha (prelim 2025) + FAOSTAT QCL shape 2005-2021/USDA-GAIN validation; district=oblast_anchor*agrocoef (downscaling, documented)"
2019,Целиноградский,spring_wheat,10.78,"BNS stat.gov.kz (dynamic-tables akmola/1485; gross-harvest 2024 pub. 04.02.2025) + grainunion.kz/APK-Inform anchors 2022-2024 + akimat Akmola 2024 6.6Mt / 2025 7.6Mt 16.3c/ha (prelim 2025) + FAOSTAT QCL shape 2005-2021/USDA-GAIN validation; district=oblast_anchor*agrocoef (downscaling, documented)"
2019,Целиноградский,barley,11.56,"BNS stat.gov.kz (dynamic-tables akmola/1485; gross-harvest 2024 pub. 04.02.2025) + grainunion.kz/APK-Inform anchors 2022-2024 + akimat Akmola 2024 6.6Mt / 2025 7.6Mt 16.3c/ha (prelim 2025) + FAOSTAT QCL shape 2005-2021/USDA-GAIN validation; district=oblast_anchor*agrocoef (downscaling, documented)"
2020,Целиноградский,spring_wheat,11.96,"BNS stat.gov.kz (dynamic-tables akmola/1485; gross-harvest 2024 pub. 04.02.2025) + grainunion.kz/APK-Inform anchors 2022-2024 + akimat Akmola 2024 6.6Mt / 2025 7.6Mt 16.3c/ha (prelim 2025) + FAOSTAT QCL shape 2005-2021/USDA-GAIN validation; district=oblast_anchor*agrocoef (downscaling, documented)"
2020,Целиноградский,barley,12.74,"BNS stat.gov.kz (dynamic-tables akmola/1485; gross-harvest 2024 pub. 04.02.2025) + grainunion.kz/APK-Inform anchors 2022-2024 + akimat Akmola 2024 6.6Mt / 2025 7.6Mt 16.3c/ha (prelim 2025) + FAOSTAT QCL shape 2005-2021/USDA-GAIN validation; district=oblast_anchor*agrocoef (downscaling, documented)"
2021,Целиноградский,spring_wheat,9.6,"BNS stat.gov.kz (dynamic-tables akmola/1485; gross-harvest 2024 pub. 04.02.2025) + grainunion.kz/APK-Inform anchors 2022-2024 + akimat Akmola 2024 6.6Mt / 2025 7.6Mt 16.3c/ha (prelim 2025) + FAOSTAT QCL shape 2005-2021/USDA-GAIN validation; district=oblast_anchor*agrocoef (downscaling, documented)"
2021,Целиноградский,barley,10.29,"BNS stat.gov.kz (dynamic-tables akmola/1485; gross-harvest 2024 pub. 04.02.2025) + grainunion.kz/APK-Inform anchors 2022-2024 + akimat Akmola 2024 6.6Mt / 2025 7.6Mt 16.3c/ha (prelim 2025) + FAOSTAT QCL shape 2005-2021/USDA-GAIN validation; district=oblast_anchor*agrocoef (downscaling, documented)"
2022,Целиноградский,spring_wheat,12.54,"BNS stat.gov.kz (dynamic-tables akmola/1485; gross-harvest 2024 pub. 04.02.2025) + grainunion.kz/APK-Inform anchors 2022-2024 + akimat Akmola 2024 6.6Mt / 2025 7.6Mt 16.3c/ha (prelim 2025) + FAOSTAT QCL shape 2005-2021/USDA-GAIN validation; district=oblast_anchor*agrocoef (downscaling, documented)"
2022,Целиноградский,barley,13.33,"BNS stat.gov.kz (dynamic-tables akmola/1485; gross-harvest 2024 pub. 04.02.2025) + grainunion.kz/APK-Inform anchors 2022-2024 + akimat Akmola 2024 6.6Mt / 2025 7.6Mt 16.3c/ha (prelim 2025) + FAOSTAT QCL shape 2005-2021/USDA-GAIN validation; district=oblast_anchor*agrocoef (downscaling, documented)"
2023,Целиноградский,spring_wheat,9.02,"BNS stat.gov.kz (dynamic-tables akmola/1485; gross-harvest 2024 pub. 04.02.2025) + grainunion.kz/APK-Inform anchors 2022-2024 + akimat Akmola 2024 6.6Mt / 2025 7.6Mt 16.3c/ha (prelim 2025) + FAOSTAT QCL shape 2005-2021/USDA-GAIN validation; district=oblast_anchor*agrocoef (downscaling, documented)"
2023,Целиноградский,barley,9.8,"BNS stat.gov.kz (dynamic-tables akmola/1485; gross-harvest 2024 pub. 04.02.2025) + grainunion.kz/APK-Inform anchors 2022-2024 + akimat Akmola 2024 6.6Mt / 2025 7.6Mt 16.3c/ha (prelim 2025) + FAOSTAT QCL shape 2005-2021/USDA-GAIN validation; district=oblast_anchor*agrocoef (downscaling, documented)"
2024,Целиноградский,spring_wheat,13.72,"BNS stat.gov.kz (dynamic-tables akmola/1485; gross-harvest 2024 pub. 04.02.2025) + grainunion.kz/APK-Inform anchors 2022-2024 + akimat Akmola 2024 6.6Mt / 2025 7.6Mt 16.3c/ha (prelim 2025) + FAOSTAT QCL shape 2005-2021/USDA-GAIN validation; district=oblast_anchor*agrocoef (downscaling, documented)"
2024,Целиноградский,barley,14.7,"BNS stat.gov.kz (dynamic-tables akmola/1485; gross-harvest 2024 pub. 04.02.2025) + grainunion.kz/APK-Inform anchors 2022-2024 + akimat Akmola 2024 6.6Mt / 2025 7.6Mt 16.3c/ha (prelim 2025) + FAOSTAT QCL shape 2005-2021/USDA-GAIN validation; district=oblast_anchor*agrocoef (downscaling, documented)"
2025,Целиноградский,spring_wheat,15.48,"BNS stat.gov.kz (dynamic-tables akmola/1485; gross-harvest 2024 pub. 04.02.2025) + grainunion.kz/APK-Inform anchors 2022-2024 + akimat Akmola 2024 6.6Mt / 2025 7.6Mt 16.3c/ha (prelim 2025) + FAOSTAT QCL shape 2005-2021/USDA-GAIN validation; district=oblast_anchor*agrocoef (downscaling, documented)"
2025,Целиноградский,barley,16.46,"BNS stat.gov.kz (dynamic-tables akmola/1485; gross-harvest 2024 pub. 04.02.2025) + grainunion.kz/APK-Inform anchors 2022-2024 + akimat Akmola 2024 6.6Mt / 2025 7.6Mt 16.3c/ha (prelim 2025) + FAOSTAT QCL shape 2005-2021/USDA-GAIN validation; district=oblast_anchor*agrocoef (downscaling, documented)"
2005,Сандыктауский,spring_wheat,11.54,"BNS stat.gov.kz (dynamic-tables akmola/1485; gross-harvest 2024 pub. 04.02.2025) + grainunion.kz/APK-Inform anchors 2022-2024 + akimat Akmola 2024 6.6Mt / 2025 7.6Mt 16.3c/ha (prelim 2025) + FAOSTAT QCL shape 2005-2021/USDA-GAIN validation; district=oblast_anchor*agrocoef (downscaling, documented)"
2005,Сандыктауский,barley,12.36,"BNS stat.gov.kz (dynamic-tables akmola/1485; gross-harvest 2024 pub. 04.02.2025) + grainunion.kz/APK-Inform anchors 2022-2024 + akimat Akmola 2024 6.6Mt / 2025 7.6Mt 16.3c/ha (prelim 2025) + FAOSTAT QCL shape 2005-2021/USDA-GAIN validation; district=oblast_anchor*agrocoef (downscaling, documented)"
2006,Сандыктауский,spring_wheat,12.88,"BNS stat.gov.kz (dynamic-tables akmola/1485; gross-harvest 2024 pub. 04.02.2025) + grainunion.kz/APK-Inform anchors 2022-2024 + akimat Akmola 2024 6.6Mt / 2025 7.6Mt 16.3c/ha (prelim 2025) + FAOSTAT QCL shape 2005-2021/USDA-GAIN validation; district=oblast_anchor*agrocoef (downscaling, documented)"
2006,Сандыктауский,barley,13.6,"BNS stat.gov.kz (dynamic-tables akmola/1485; gross-harvest 2024 pub. 04.02.2025) + grainunion.kz/APK-Inform anchors 2022-2024 + akimat Akmola 2024 6.6Mt / 2025 7.6Mt 16.3c/ha (prelim 2025) + FAOSTAT QCL shape 2005-2021/USDA-GAIN validation; district=oblast_anchor*agrocoef (downscaling, documented)"
2007,Сандыктауский,spring_wheat,14.21,"BNS stat.gov.kz (dynamic-tables akmola/1485; gross-harvest 2024 pub. 04.02.2025) + grainunion.kz/APK-Inform anchors 2022-2024 + akimat Akmola 2024 6.6Mt / 2025 7.6Mt 16.3c/ha (prelim 2025) + FAOSTAT QCL shape 2005-2021/USDA-GAIN validation; district=oblast_anchor*agrocoef (downscaling, documented)"
2007,Сандыктауский,barley,14.94,"BNS stat.gov.kz (dynamic-tables akmola/1485; gross-harvest 2024 pub. 04.02.2025) + grainunion.kz/APK-Inform anchors 2022-2024 + akimat Akmola 2024 6.6Mt / 2025 7.6Mt 16.3c/ha (prelim 2025) + FAOSTAT QCL shape 2005-2021/USDA-GAIN validation; district=oblast_anchor*agrocoef (downscaling, documented)"
2008,Сандыктауский,spring_wheat,10.71,"BNS stat.gov.kz (dynamic-tables akmola/1485; gross-harvest 2024 pub. 04.02.2025) + grainunion.kz/APK-Inform anchors 2022-2024 + akimat Akmola 2024 6.6Mt / 2025 7.6Mt 16.3c/ha (prelim 2025) + FAOSTAT QCL shape 2005-2021/USDA-GAIN validation; district=oblast_anchor*agrocoef (downscaling, documented)"
2008,Сандыктауский,barley,11.54,"BNS stat.gov.kz (dynamic-tables akmola/1485; gross-harvest 2024 pub. 04.02.2025) + grainunion.kz/APK-Inform anchors 2022-2024 + akimat Akmola 2024 6.6Mt / 2025 7.6Mt 16.3c/ha (prelim 2025) + FAOSTAT QCL shape 2005-2021/USDA-GAIN validation; district=oblast_anchor*agrocoef (downscaling, documented)"
2009,Сандыктауский,spring_wheat,12.57,"BNS stat.gov.kz (dynamic-tables akmola/1485; gross-harvest 2024 pub. 04.02.2025) + grainunion.kz/APK-Inform anchors 2022-2024 + akimat Akmola 2024 6.6Mt / 2025 7.6Mt 16.3c/ha (prelim 2025) + FAOSTAT QCL shape 2005-2021/USDA-GAIN validation; district=oblast_anchor*agrocoef (downscaling, documented)"
2009,Сандыктауский,barley,13.39,"BNS stat.gov.kz (dynamic-tables akmola/1485; gross-harvest 2024 pub. 04.02.2025) + grainunion.kz/APK-Inform anchors 2022-2024 + akimat Akmola 2024 6.6Mt / 2025 7.6Mt 16.3c/ha (prelim 2025) + FAOSTAT QCL shape 2005-2021/USDA-GAIN validation; district=oblast_anchor*agrocoef (downscaling, documented)"
2010,Сандыктауский,spring_wheat,8.03,"BNS stat.gov.kz (dynamic-tables akmola/1485; gross-harvest 2024 pub. 04.02.2025) + grainunion.kz/APK-Inform anchors 2022-2024 + akimat Akmola 2024 6.6Mt / 2025 7.6Mt 16.3c/ha (prelim 2025) + FAOSTAT QCL shape 2005-2021/USDA-GAIN validation; district=oblast_anchor*agrocoef (downscaling, documented)"
2010,Сандыктауский,barley,8.76,"BNS stat.gov.kz (dynamic-tables akmola/1485; gross-harvest 2024 pub. 04.02.2025) + grainunion.kz/APK-Inform anchors 2022-2024 + akimat Akmola 2024 6.6Mt / 2025 7.6Mt 16.3c/ha (prelim 2025) + FAOSTAT QCL shape 2005-2021/USDA-GAIN validation; district=oblast_anchor*agrocoef (downscaling, documented)"
2011,Сандыктауский,spring_wheat,17.0,"BNS stat.gov.kz (dynamic-tables akmola/1485; gross-harvest 2024 pub. 04.02.2025) + grainunion.kz/APK-Inform anchors 2022-2024 + akimat Akmola 2024 6.6Mt / 2025 7.6Mt 16.3c/ha (prelim 2025) + FAOSTAT QCL shape 2005-2021/USDA-GAIN validation; district=oblast_anchor*agrocoef (downscaling, documented)"
2011,Сандыктауский,barley,17.72,"BNS stat.gov.kz (dynamic-tables akmola/1485; gross-harvest 2024 pub. 04.02.2025) + grainunion.kz/APK-Inform anchors 2022-2024 + akimat Akmola 2024 6.6Mt / 2025 7.6Mt 16.3c/ha (prelim 2025) + FAOSTAT QCL shape 2005-2021/USDA-GAIN validation; district=oblast_anchor*agrocoef (downscaling, documented)"
2012,Сандыктауский,spring_wheat,8.86,"BNS stat.gov.kz (dynamic-tables akmola/1485; gross-harvest 2024 pub. 04.02.2025) + grainunion.kz/APK-Inform anchors 2022-2024 + akimat Akmola 2024 6.6Mt / 2025 7.6Mt 16.3c/ha (prelim 2025) + FAOSTAT QCL shape 2005-2021/USDA-GAIN validation; district=oblast_anchor*agrocoef (downscaling, documented)"
2012,Сандыктауский,barley,9.68,"BNS stat.gov.kz (dynamic-tables akmola/1485; gross-harvest 2024 pub. 04.02.2025) + grainunion.kz/APK-Inform anchors 2022-2024 + akimat Akmola 2024 6.6Mt / 2025 7.6Mt 16.3c/ha (prelim 2025) + FAOSTAT QCL shape 2005-2021/USDA-GAIN validation; district=oblast_anchor*agrocoef (downscaling, documented)"
2013,Сандыктауский,spring_wheat,12.77,"BNS stat.gov.kz (dynamic-tables akmola/1485; gross-harvest 2024 pub. 04.02.2025) + grainunion.kz/APK-Inform anchors 2022-2024 + akimat Akmola 2024 6.6Mt / 2025 7.6Mt 16.3c/ha (prelim 2025) + FAOSTAT QCL shape 2005-2021/USDA-GAIN validation; district=oblast_anchor*agrocoef (downscaling, documented)"
2013,Сандыктауский,barley,13.49,"BNS stat.gov.kz (dynamic-tables akmola/1485; gross-harvest 2024 pub. 04.02.2025) + grainunion.kz/APK-Inform anchors 2022-2024 + akimat Akmola 2024 6.6Mt / 2025 7.6Mt 16.3c/ha (prelim 2025) + FAOSTAT QCL shape 2005-2021/USDA-GAIN validation; district=oblast_anchor*agrocoef (downscaling, documented)"
2014,Сандыктауский,spring_wheat,12.36,"BNS stat.gov.kz (dynamic-tables akmola/1485; gross-harvest 2024 pub. 04.02.2025) + grainunion.kz/APK-Inform anchors 2022-2024 + akimat Akmola 2024 6.6Mt / 2025 7.6Mt 16.3c/ha (prelim 2025) + FAOSTAT QCL shape 2005-2021/USDA-GAIN validation; district=oblast_anchor*agrocoef (downscaling, documented)"
2014,Сандыктауский,barley,13.18,"BNS stat.gov.kz (dynamic-tables akmola/1485; gross-harvest 2024 pub. 04.02.2025) + grainunion.kz/APK-Inform anchors 2022-2024 + akimat Akmola 2024 6.6Mt / 2025 7.6Mt 16.3c/ha (prelim 2025) + FAOSTAT QCL shape 2005-2021/USDA-GAIN validation; district=oblast_anchor*agrocoef (downscaling, documented)"
2015,Сандыктауский,spring_wheat,12.98,"BNS stat.gov.kz (dynamic-tables akmola/1485; gross-harvest 2024 pub. 04.02.2025) + grainunion.kz/APK-Inform anchors 2022-2024 + akimat Akmola 2024 6.6Mt / 2025 7.6Mt 16.3c/ha (prelim 2025) + FAOSTAT QCL shape 2005-2021/USDA-GAIN validation; district=oblast_anchor*agrocoef (downscaling, documented)"
2015,Сандыктауский,barley,13.8,"BNS stat.gov.kz (dynamic-tables akmola/1485; gross-harvest 2024 pub. 04.02.2025) + grainunion.kz/APK-Inform anchors 2022-2024 + akimat Akmola 2024 6.6Mt / 2025 7.6Mt 16.3c/ha (prelim 2025) + FAOSTAT QCL shape 2005-2021/USDA-GAIN validation; district=oblast_anchor*agrocoef (downscaling, documented)"
2016,Сандыктауский,spring_wheat,13.6,"BNS stat.gov.kz (dynamic-tables akmola/1485; gross-harvest 2024 pub. 04.02.2025) + grainunion.kz/APK-Inform anchors 2022-2024 + akimat Akmola 2024 6.6Mt / 2025 7.6Mt 16.3c/ha (prelim 2025) + FAOSTAT QCL shape 2005-2021/USDA-GAIN validation; district=oblast_anchor*agrocoef (downscaling, documented)"
2016,Сандыктауский,barley,14.42,"BNS stat.gov.kz (dynamic-tables akmola/1485; gross-harvest 2024 pub. 04.02.2025) + grainunion.kz/APK-Inform anchors 2022-2024 + akimat Akmola 2024 6.6Mt / 2025 7.6Mt 16.3c/ha (prelim 2025) + FAOSTAT QCL shape 2005-2021/USDA-GAIN validation; district=oblast_anchor*agrocoef (downscaling, documented)"
2017,Сандыктауский,spring_wheat,13.91,"BNS stat.gov.kz (dynamic-tables akmola/1485; gross-harvest 2024 pub. 04.02.2025) + grainunion.kz/APK-Inform anchors 2022-2024 + akimat Akmola 2024 6.6Mt / 2025 7.6Mt 16.3c/ha (prelim 2025) + FAOSTAT QCL shape 2005-2021/USDA-GAIN validation; district=oblast_anchor*agrocoef (downscaling, documented)"
2017,Сандыктауский,barley,14.73,"BNS stat.gov.kz (dynamic-tables akmola/1485; gross-harvest 2024 pub. 04.02.2025) + grainunion.kz/APK-Inform anchors 2022-2024 + akimat Akmola 2024 6.6Mt / 2025 7.6Mt 16.3c/ha (prelim 2025) + FAOSTAT QCL shape 2005-2021/USDA-GAIN validation; district=oblast_anchor*agrocoef (downscaling, documented)"
2018,Сандыктауский,spring_wheat,13.39,"BNS stat.gov.kz (dynamic-tables akmola/1485; gross-harvest 2024 pub. 04.02.2025) + grainunion.kz/APK-Inform anchors 2022-2024 + akimat Akmola 2024 6.6Mt / 2025 7.6Mt 16.3c/ha (prelim 2025) + FAOSTAT QCL shape 2005-2021/USDA-GAIN validation; district=oblast_anchor*agrocoef (downscaling, documented)"
2018,Сандыктауский,barley,14.21,"BNS stat.gov.kz (dynamic-tables akmola/1485; gross-harvest 2024 pub. 04.02.2025) + grainunion.kz/APK-Inform anchors 2022-2024 + akimat Akmola 2024 6.6Mt / 2025 7.6Mt 16.3c/ha (prelim 2025) + FAOSTAT QCL shape 2005-2021/USDA-GAIN validation; district=oblast_anchor*agrocoef (downscaling, documented)"
2019,Сандыктауский,spring_wheat,11.33,"BNS stat.gov.kz (dynamic-tables akmola/1485; gross-harvest 2024 pub. 04.02.2025) + grainunion.kz/APK-Inform anchors 2022-2024 + akimat Akmola 2024 6.6Mt / 2025 7.6Mt 16.3c/ha (prelim 2025) + FAOSTAT QCL shape 2005-2021/USDA-GAIN validation; district=oblast_anchor*agrocoef (downscaling, documented)"
2019,Сандыктауский,barley,12.15,"BNS stat.gov.kz (dynamic-tables akmola/1485; gross-harvest 2024 pub. 04.02.2025) + grainunion.kz/APK-Inform anchors 2022-2024 + akimat Akmola 2024 6.6Mt / 2025 7.6Mt 16.3c/ha (prelim 2025) + FAOSTAT QCL shape 2005-2021/USDA-GAIN validation; district=oblast_anchor*agrocoef (downscaling, documented)"
2020,Сандыктауский,spring_wheat,12.57,"BNS stat.gov.kz (dynamic-tables akmola/1485; gross-harvest 2024 pub. 04.02.2025) + grainunion.kz/APK-Inform anchors 2022-2024 + akimat Akmola 2024 6.6Mt / 2025 7.6Mt 16.3c/ha (prelim 2025) + FAOSTAT QCL shape 2005-2021/USDA-GAIN validation; district=oblast_anchor*agrocoef (downscaling, documented)"
2020,Сандыктауский,barley,13.39,"BNS stat.gov.kz (dynamic-tables akmola/1485; gross-harvest 2024 pub. 04.02.2025) + grainunion.kz/APK-Inform anchors 2022-2024 + akimat Akmola 2024 6.6Mt / 2025 7.6Mt 16.3c/ha (prelim 2025) + FAOSTAT QCL shape 2005-2021/USDA-GAIN validation; district=oblast_anchor*agrocoef (downscaling, documented)"
2021,Сандыктауский,spring_wheat,10.09,"BNS stat.gov.kz (dynamic-tables akmola/1485; gross-harvest 2024 pub. 04.02.2025) + grainunion.kz/APK-Inform anchors 2022-2024 + akimat Akmola 2024 6.6Mt / 2025 7.6Mt 16.3c/ha (prelim 2025) + FAOSTAT QCL shape 2005-2021/USDA-GAIN validation; district=oblast_anchor*agrocoef (downscaling, documented)"
2021,Сандыктауский,barley,10.81,"BNS stat.gov.kz (dynamic-tables akmola/1485; gross-harvest 2024 pub. 04.02.2025) + grainunion.kz/APK-Inform anchors 2022-2024 + akimat Akmola 2024 6.6Mt / 2025 7.6Mt 16.3c/ha (prelim 2025) + FAOSTAT QCL shape 2005-2021/USDA-GAIN validation; district=oblast_anchor*agrocoef (downscaling, documented)"
2022,Сандыктауский,spring_wheat,13.18,"BNS stat.gov.kz (dynamic-tables akmola/1485; gross-harvest 2024 pub. 04.02.2025) + grainunion.kz/APK-Inform anchors 2022-2024 + akimat Akmola 2024 6.6Mt / 2025 7.6Mt 16.3c/ha (prelim 2025) + FAOSTAT QCL shape 2005-2021/USDA-GAIN validation; district=oblast_anchor*agrocoef (downscaling, documented)"
2022,Сандыктауский,barley,14.01,"BNS stat.gov.kz (dynamic-tables akmola/1485; gross-harvest 2024 pub. 04.02.2025) + grainunion.kz/APK-Inform anchors 2022-2024 + akimat Akmola 2024 6.6Mt / 2025 7.6Mt 16.3c/ha (prelim 2025) + FAOSTAT QCL shape 2005-2021/USDA-GAIN validation; district=oblast_anchor*agrocoef (downscaling, documented)"
2023,Сандыктауский,spring_wheat,9.48,"BNS stat.gov.kz (dynamic-tables akmola/1485; gross-harvest 2024 pub. 04.02.2025) + grainunion.kz/APK-Inform anchors 2022-2024 + akimat Akmola 2024 6.6Mt / 2025 7.6Mt 16.3c/ha (prelim 2025) + FAOSTAT QCL shape 2005-2021/USDA-GAIN validation; district=oblast_anchor*agrocoef (downscaling, documented)"
2023,Сандыктауский,barley,10.3,"BNS stat.gov.kz (dynamic-tables akmola/1485; gross-harvest 2024 pub. 04.02.2025) + grainunion.kz/APK-Inform anchors 2022-2024 + akimat Akmola 2024 6.6Mt / 2025 7.6Mt 16.3c/ha (prelim 2025) + FAOSTAT QCL shape 2005-2021/USDA-GAIN validation; district=oblast_anchor*agrocoef (downscaling, documented)"
2024,Сандыктауский,spring_wheat,14.42,"BNS stat.gov.kz (dynamic-tables akmola/1485; gross-harvest 2024 pub. 04.02.2025) + grainunion.kz/APK-Inform anchors 2022-2024 + akimat Akmola 2024 6.6Mt / 2025 7.6Mt 16.3c/ha (prelim 2025) + FAOSTAT QCL shape 2005-2021/USDA-GAIN validation; district=oblast_anchor*agrocoef (downscaling, documented)"
2024,Сандыктауский,barley,15.45,"BNS stat.gov.kz (dynamic-tables akmola/1485; gross-harvest 2024 pub. 04.02.2025) + grainunion.kz/APK-Inform anchors 2022-2024 + akimat Akmola 2024 6.6Mt / 2025 7.6Mt 16.3c/ha (prelim 2025) + FAOSTAT QCL shape 2005-2021/USDA-GAIN validation; district=oblast_anchor*agrocoef (downscaling, documented)"
2025,Сандыктауский,spring_wheat,16.27,"BNS stat.gov.kz (dynamic-tables akmola/1485; gross-harvest 2024 pub. 04.02.2025) + grainunion.kz/APK-Inform anchors 2022-2024 + akimat Akmola 2024 6.6Mt / 2025 7.6Mt 16.3c/ha (prelim 2025) + FAOSTAT QCL shape 2005-2021/USDA-GAIN validation; district=oblast_anchor*agrocoef (downscaling, documented)"
2025,Сандыктауский,barley,17.3,"BNS stat.gov.kz (dynamic-tables akmola/1485; gross-harvest 2024 pub. 04.02.2025) + grainunion.kz/APK-Inform anchors 2022-2024 + akimat Akmola 2024 6.6Mt / 2025 7.6Mt 16.3c/ha (prelim 2025) + FAOSTAT QCL shape 2005-2021/USDA-GAIN validation; district=oblast_anchor*agrocoef (downscaling, documented)"
2005,Буландынский,spring_wheat,11.65,"BNS stat.gov.kz (dynamic-tables akmola/1485; gross-harvest 2024 pub. 04.02.2025) + grainunion.kz/APK-Inform anchors 2022-2024 + akimat Akmola 2024 6.6Mt / 2025 7.6Mt 16.3c/ha (prelim 2025) + FAOSTAT QCL shape 2005-2021/USDA-GAIN validation; district=oblast_anchor*agrocoef (downscaling, documented)"
2005,Буландынский,barley,12.48,"BNS stat.gov.kz (dynamic-tables akmola/1485; gross-harvest 2024 pub. 04.02.2025) + grainunion.kz/APK-Inform anchors 2022-2024 + akimat Akmola 2024 6.6Mt / 2025 7.6Mt 16.3c/ha (prelim 2025) + FAOSTAT QCL shape 2005-2021/USDA-GAIN validation; district=oblast_anchor*agrocoef (downscaling, documented)"
2006,Буландынский,spring_wheat,13.0,"BNS stat.gov.kz (dynamic-tables akmola/1485; gross-harvest 2024 pub. 04.02.2025) + grainunion.kz/APK-Inform anchors 2022-2024 + akimat Akmola 2024 6.6Mt / 2025 7.6Mt 16.3c/ha (prelim 2025) + FAOSTAT QCL shape 2005-2021/USDA-GAIN validation; district=oblast_anchor*agrocoef (downscaling, documented)"
2006,Буландынский,barley,13.73,"BNS stat.gov.kz (dynamic-tables akmola/1485; gross-harvest 2024 pub. 04.02.2025) + grainunion.kz/APK-Inform anchors 2022-2024 + akimat Akmola 2024 6.6Mt / 2025 7.6Mt 16.3c/ha (prelim 2025) + FAOSTAT QCL shape 2005-2021/USDA-GAIN validation; district=oblast_anchor*agrocoef (downscaling, documented)"
2007,Буландынский,spring_wheat,14.35,"BNS stat.gov.kz (dynamic-tables akmola/1485; gross-harvest 2024 pub. 04.02.2025) + grainunion.kz/APK-Inform anchors 2022-2024 + akimat Akmola 2024 6.6Mt / 2025 7.6Mt 16.3c/ha (prelim 2025) + FAOSTAT QCL shape 2005-2021/USDA-GAIN validation; district=oblast_anchor*agrocoef (downscaling, documented)"
2007,Буландынский,barley,15.08,"BNS stat.gov.kz (dynamic-tables akmola/1485; gross-harvest 2024 pub. 04.02.2025) + grainunion.kz/APK-Inform anchors 2022-2024 + akimat Akmola 2024 6.6Mt / 2025 7.6Mt 16.3c/ha (prelim 2025) + FAOSTAT QCL shape 2005-2021/USDA-GAIN validation; district=oblast_anchor*agrocoef (downscaling, documented)"
2008,Буландынский,spring_wheat,10.82,"BNS stat.gov.kz (dynamic-tables akmola/1485; gross-harvest 2024 pub. 04.02.2025) + grainunion.kz/APK-Inform anchors 2022-2024 + akimat Akmola 2024 6.6Mt / 2025 7.6Mt 16.3c/ha (prelim 2025) + FAOSTAT QCL shape 2005-2021/USDA-GAIN validation; district=oblast_anchor*agrocoef (downscaling, documented)"
2008,Буландынский,barley,11.65,"BNS stat.gov.kz (dynamic-tables akmola/1485; gross-harvest 2024 pub. 04.02.2025) + grainunion.kz/APK-Inform anchors 2022-2024 + akimat Akmola 2024 6.6Mt / 2025 7.6Mt 16.3c/ha (prelim 2025) + FAOSTAT QCL shape 2005-2021/USDA-GAIN validation; district=oblast_anchor*agrocoef (downscaling, documented)"
2009,Буландынский,spring_wheat,12.69,"BNS stat.gov.kz (dynamic-tables akmola/1485; gross-harvest 2024 pub. 04.02.2025) + grainunion.kz/APK-Inform anchors 2022-2024 + akimat Akmola 2024 6.6Mt / 2025 7.6Mt 16.3c/ha (prelim 2025) + FAOSTAT QCL shape 2005-2021/USDA-GAIN validation; district=oblast_anchor*agrocoef (downscaling, documented)"
2009,Буландынский,barley,13.52,"BNS stat.gov.kz (dynamic-tables akmola/1485; gross-harvest 2024 pub. 04.02.2025) + grainunion.kz/APK-Inform anchors 2022-2024 + akimat Akmola 2024 6.6Mt / 2025 7.6Mt 16.3c/ha (prelim 2025) + FAOSTAT QCL shape 2005-2021/USDA-GAIN validation; district=oblast_anchor*agrocoef (downscaling, documented)"
2010,Буландынский,spring_wheat,8.11,"BNS stat.gov.kz (dynamic-tables akmola/1485; gross-harvest 2024 pub. 04.02.2025) + grainunion.kz/APK-Inform anchors 2022-2024 + akimat Akmola 2024 6.6Mt / 2025 7.6Mt 16.3c/ha (prelim 2025) + FAOSTAT QCL shape 2005-2021/USDA-GAIN validation; district=oblast_anchor*agrocoef (downscaling, documented)"
2010,Буландынский,barley,8.84,"BNS stat.gov.kz (dynamic-tables akmola/1485; gross-harvest 2024 pub. 04.02.2025) + grainunion.kz/APK-Inform anchors 2022-2024 + akimat Akmola 2024 6.6Mt / 2025 7.6Mt 16.3c/ha (prelim 2025) + FAOSTAT QCL shape 2005-2021/USDA-GAIN validation; district=oblast_anchor*agrocoef (downscaling, documented)"
2011,Буландынский,spring_wheat,17.16,"BNS stat.gov.kz (dynamic-tables akmola/1485; gross-harvest 2024 pub. 04.02.2025) + grainunion.kz/APK-Inform anchors 2022-2024 + akimat Akmola 2024 6.6Mt / 2025 7.6Mt 16.3c/ha (prelim 2025) + FAOSTAT QCL shape 2005-2021/USDA-GAIN validation; district=oblast_anchor*agrocoef (downscaling, documented)"
2011,Буландынский,barley,17.89,"BNS stat.gov.kz (dynamic-tables akmola/1485; gross-harvest 2024 pub. 04.02.2025) + grainunion.kz/APK-Inform anchors 2022-2024 + akimat Akmola 2024 6.6Mt / 2025 7.6Mt 16.3c/ha (prelim 2025) + FAOSTAT QCL shape 2005-2021/USDA-GAIN validation; district=oblast_anchor*agrocoef (downscaling, documented)"
2012,Буландынский,spring_wheat,8.94,"BNS stat.gov.kz (dynamic-tables akmola/1485; gross-harvest 2024 pub. 04.02.2025) + grainunion.kz/APK-Inform anchors 2022-2024 + akimat Akmola 2024 6.6Mt / 2025 7.6Mt 16.3c/ha (prelim 2025) + FAOSTAT QCL shape 2005-2021/USDA-GAIN validation; district=oblast_anchor*agrocoef (downscaling, documented)"
2012,Буландынский,barley,9.78,"BNS stat.gov.kz (dynamic-tables akmola/1485; gross-harvest 2024 pub. 04.02.2025) + grainunion.kz/APK-Inform anchors 2022-2024 + akimat Akmola 2024 6.6Mt / 2025 7.6Mt 16.3c/ha (prelim 2025) + FAOSTAT QCL shape 2005-2021/USDA-GAIN validation; district=oblast_anchor*agrocoef (downscaling, documented)"
2013,Буландынский,spring_wheat,12.9,"BNS stat.gov.kz (dynamic-tables akmola/1485; gross-harvest 2024 pub. 04.02.2025) + grainunion.kz/APK-Inform anchors 2022-2024 + akimat Akmola 2024 6.6Mt / 2025 7.6Mt 16.3c/ha (prelim 2025) + FAOSTAT QCL shape 2005-2021/USDA-GAIN validation; district=oblast_anchor*agrocoef (downscaling, documented)"
2013,Буландынский,barley,13.62,"BNS stat.gov.kz (dynamic-tables akmola/1485; gross-harvest 2024 pub. 04.02.2025) + grainunion.kz/APK-Inform anchors 2022-2024 + akimat Akmola 2024 6.6Mt / 2025 7.6Mt 16.3c/ha (prelim 2025) + FAOSTAT QCL shape 2005-2021/USDA-GAIN validation; district=oblast_anchor*agrocoef (downscaling, documented)"
2014,Буландынский,spring_wheat,12.48,"BNS stat.gov.kz (dynamic-tables akmola/1485; gross-harvest 2024 pub. 04.02.2025) + grainunion.kz/APK-Inform anchors 2022-2024 + akimat Akmola 2024 6.6Mt / 2025 7.6Mt 16.3c/ha (prelim 2025) + FAOSTAT QCL shape 2005-2021/USDA-GAIN validation; district=oblast_anchor*agrocoef (downscaling, documented)"
2014,Буландынский,barley,13.31,"BNS stat.gov.kz (dynamic-tables akmola/1485; gross-harvest 2024 pub. 04.02.2025) + grainunion.kz/APK-Inform anchors 2022-2024 + akimat Akmola 2024 6.6Mt / 2025 7.6Mt 16.3c/ha (prelim 2025) + FAOSTAT QCL shape 2005-2021/USDA-GAIN validation; district=oblast_anchor*agrocoef (downscaling, documented)"
2015,Буландынский,spring_wheat,13.1,"BNS stat.gov.kz (dynamic-tables akmola/1485; gross-harvest 2024 pub. 04.02.2025) + grainunion.kz/APK-Inform anchors 2022-2024 + akimat Akmola 2024 6.6Mt / 2025 7.6Mt 16.3c/ha (prelim 2025) + FAOSTAT QCL shape 2005-2021/USDA-GAIN validation; district=oblast_anchor*agrocoef (downscaling, documented)"
2015,Буландынский,barley,13.94,"BNS stat.gov.kz (dynamic-tables akmola/1485; gross-harvest 2024 pub. 04.02.2025) + grainunion.kz/APK-Inform anchors 2022-2024 + akimat Akmola 2024 6.6Mt / 2025 7.6Mt 16.3c/ha (prelim 2025) + FAOSTAT QCL shape 2005-2021/USDA-GAIN validation; district=oblast_anchor*agrocoef (downscaling, documented)"
2016,Буландынский,spring_wheat,13.73,"BNS stat.gov.kz (dynamic-tables akmola/1485; gross-harvest 2024 pub. 04.02.2025) + grainunion.kz/APK-Inform anchors 2022-2024 + akimat Akmola 2024 6.6Mt / 2025 7.6Mt 16.3c/ha (prelim 2025) + FAOSTAT QCL shape 2005-2021/USDA-GAIN validation; district=oblast_anchor*agrocoef (downscaling, documented)"
2016,Буландынский,barley,14.56,"BNS stat.gov.kz (dynamic-tables akmola/1485; gross-harvest 2024 pub. 04.02.2025) + grainunion.kz/APK-Inform anchors 2022-2024 + akimat Akmola 2024 6.6Mt / 2025 7.6Mt 16.3c/ha (prelim 2025) + FAOSTAT QCL shape 2005-2021/USDA-GAIN validation; district=oblast_anchor*agrocoef (downscaling, documented)"
2017,Буландынский,spring_wheat,14.04,"BNS stat.gov.kz (dynamic-tables akmola/1485; gross-harvest 2024 pub. 04.02.2025) + grainunion.kz/APK-Inform anchors 2022-2024 + akimat Akmola 2024 6.6Mt / 2025 7.6Mt 16.3c/ha (prelim 2025) + FAOSTAT QCL shape 2005-2021/USDA-GAIN validation; district=oblast_anchor*agrocoef (downscaling, documented)"
2017,Буландынский,barley,14.87,"BNS stat.gov.kz (dynamic-tables akmola/1485; gross-harvest 2024 pub. 04.02.2025) + grainunion.kz/APK-Inform anchors 2022-2024 + akimat Akmola 2024 6.6Mt / 2025 7.6Mt 16.3c/ha (prelim 2025) + FAOSTAT QCL shape 2005-2021/USDA-GAIN validation; district=oblast_anchor*agrocoef (downscaling, documented)"
2018,Буландынский,spring_wheat,13.52,"BNS stat.gov.kz (dynamic-tables akmola/1485; gross-harvest 2024 pub. 04.02.2025) + grainunion.kz/APK-Inform anchors 2022-2024 + akimat Akmola 2024 6.6Mt / 2025 7.6Mt 16.3c/ha (prelim 2025) + FAOSTAT QCL shape 2005-2021/USDA-GAIN validation; district=oblast_anchor*agrocoef (downscaling, documented)"
2018,Буландынский,barley,14.35,"BNS stat.gov.kz (dynamic-tables akmola/1485; gross-harvest 2024 pub. 04.02.2025) + grainunion.kz/APK-Inform anchors 2022-2024 + akimat Akmola 2024 6.6Mt / 2025 7.6Mt 16.3c/ha (prelim 2025) + FAOSTAT QCL shape 2005-2021/USDA-GAIN validation; district=oblast_anchor*agrocoef (downscaling, documented)"
2019,Буландынский,spring_wheat,11.44,"BNS stat.gov.kz (dynamic-tables akmola/1485; gross-harvest 2024 pub. 04.02.2025) + grainunion.kz/APK-Inform anchors 2022-2024 + akimat Akmola 2024 6.6Mt / 2025 7.6Mt 16.3c/ha (prelim 2025) + FAOSTAT QCL shape 2005-2021/USDA-GAIN validation; district=oblast_anchor*agrocoef (downscaling, documented)"
2019,Буландынский,barley,12.27,"BNS stat.gov.kz (dynamic-tables akmola/1485; gross-harvest 2024 pub. 04.02.2025) + grainunion.kz/APK-Inform anchors 2022-2024 + akimat Akmola 2024 6.6Mt / 2025 7.6Mt 16.3c/ha (prelim 2025) + FAOSTAT QCL shape 2005-2021/USDA-GAIN validation; district=oblast_anchor*agrocoef (downscaling, documented)"
2020,Буландынский,spring_wheat,12.69,"BNS stat.gov.kz (dynamic-tables akmola/1485; gross-harvest 2024 pub. 04.02.2025) + grainunion.kz/APK-Inform anchors 2022-2024 + akimat Akmola 2024 6.6Mt / 2025 7.6Mt 16.3c/ha (prelim 2025) + FAOSTAT QCL shape 2005-2021/USDA-GAIN validation; district=oblast_anchor*agrocoef (downscaling, documented)"
2020,Буландынский,barley,13.52,"BNS stat.gov.kz (dynamic-tables akmola/1485; gross-harvest 2024 pub. 04.02.2025) + grainunion.kz/APK-Inform anchors 2022-2024 + akimat Akmola 2024 6.6Mt / 2025 7.6Mt 16.3c/ha (prelim 2025) + FAOSTAT QCL shape 2005-2021/USDA-GAIN validation; district=oblast_anchor*agrocoef (downscaling, documented)"
2021,Буландынский,spring_wheat,10.19,"BNS stat.gov.kz (dynamic-tables akmola/1485; gross-harvest 2024 pub. 04.02.2025) + grainunion.kz/APK-Inform anchors 2022-2024 + akimat Akmola 2024 6.6Mt / 2025 7.6Mt 16.3c/ha (prelim 2025) + FAOSTAT QCL shape 2005-2021/USDA-GAIN validation; district=oblast_anchor*agrocoef (downscaling, documented)"
2021,Буландынский,barley,10.92,"BNS stat.gov.kz (dynamic-tables akmola/1485; gross-harvest 2024 pub. 04.02.2025) + grainunion.kz/APK-Inform anchors 2022-2024 + akimat Akmola 2024 6.6Mt / 2025 7.6Mt 16.3c/ha (prelim 2025) + FAOSTAT QCL shape 2005-2021/USDA-GAIN validation; district=oblast_anchor*agrocoef (downscaling, documented)"
2022,Буландынский,spring_wheat,13.31,"BNS stat.gov.kz (dynamic-tables akmola/1485; gross-harvest 2024 pub. 04.02.2025) + grainunion.kz/APK-Inform anchors 2022-2024 + akimat Akmola 2024 6.6Mt / 2025 7.6Mt 16.3c/ha (prelim 2025) + FAOSTAT QCL shape 2005-2021/USDA-GAIN validation; district=oblast_anchor*agrocoef (downscaling, documented)"
2022,Буландынский,barley,14.14,"BNS stat.gov.kz (dynamic-tables akmola/1485; gross-harvest 2024 pub. 04.02.2025) + grainunion.kz/APK-Inform anchors 2022-2024 + akimat Akmola 2024 6.6Mt / 2025 7.6Mt 16.3c/ha (prelim 2025) + FAOSTAT QCL shape 2005-2021/USDA-GAIN validation; district=oblast_anchor*agrocoef (downscaling, documented)"
2023,Буландынский,spring_wheat,9.57,"BNS stat.gov.kz (dynamic-tables akmola/1485; gross-harvest 2024 pub. 04.02.2025) + grainunion.kz/APK-Inform anchors 2022-2024 + akimat Akmola 2024 6.6Mt / 2025 7.6Mt 16.3c/ha (prelim 2025) + FAOSTAT QCL shape 2005-2021/USDA-GAIN validation; district=oblast_anchor*agrocoef (downscaling, documented)"
2023,Буландынский,barley,10.4,"BNS stat.gov.kz (dynamic-tables akmola/1485; gross-harvest 2024 pub. 04.02.2025) + grainunion.kz/APK-Inform anchors 2022-2024 + akimat Akmola 2024 6.6Mt / 2025 7.6Mt 16.3c/ha (prelim 2025) + FAOSTAT QCL shape 2005-2021/USDA-GAIN validation; district=oblast_anchor*agrocoef (downscaling, documented)"
2024,Буландынский,spring_wheat,14.56,"BNS stat.gov.kz (dynamic-tables akmola/1485; gross-harvest 2024 pub. 04.02.2025) + grainunion.kz/APK-Inform anchors 2022-2024 + akimat Akmola 2024 6.6Mt / 2025 7.6Mt 16.3c/ha (prelim 2025) + FAOSTAT QCL shape 2005-2021/USDA-GAIN validation; district=oblast_anchor*agrocoef (downscaling, documented)"
2024,Буландынский,barley,15.6,"BNS stat.gov.kz (dynamic-tables akmola/1485; gross-harvest 2024 pub. 04.02.2025) + grainunion.kz/APK-Inform anchors 2022-2024 + akimat Akmola 2024 6.6Mt / 2025 7.6Mt 16.3c/ha (prelim 2025) + FAOSTAT QCL shape 2005-2021/USDA-GAIN validation; district=oblast_anchor*agrocoef (downscaling, documented)"
2025,Буландынский,spring_wheat,16.43,"BNS stat.gov.kz (dynamic-tables akmola/1485; gross-harvest 2024 pub. 04.02.2025) + grainunion.kz/APK-Inform anchors 2022-2024 + akimat Akmola 2024 6.6Mt / 2025 7.6Mt 16.3c/ha (prelim 2025) + FAOSTAT QCL shape 2005-2021/USDA-GAIN validation; district=oblast_anchor*agrocoef (downscaling, documented)"
2025,Буландынский,barley,17.47,"BNS stat.gov.kz (dynamic-tables akmola/1485; gross-harvest 2024 pub. 04.02.2025) + grainunion.kz/APK-Inform anchors 2022-2024 + akimat Akmola 2024 6.6Mt / 2025 7.6Mt 16.3c/ha (prelim 2025) + FAOSTAT QCL shape 2005-2021/USDA-GAIN validation; district=oblast_anchor*agrocoef (downscaling, documented)"
2005,Кокшетау,spring_wheat,11.42,"BNS stat.gov.kz (dynamic-tables akmola/1485; gross-harvest 2024 pub. 04.02.2025) + grainunion.kz/APK-Inform anchors 2022-2024 + akimat Akmola 2024 6.6Mt / 2025 7.6Mt 16.3c/ha (prelim 2025) + FAOSTAT QCL shape 2005-2021/USDA-GAIN validation; district=oblast_anchor*agrocoef (downscaling, documented)"
2005,Кокшетау,barley,12.24,"BNS stat.gov.kz (dynamic-tables akmola/1485; gross-harvest 2024 pub. 04.02.2025) + grainunion.kz/APK-Inform anchors 2022-2024 + akimat Akmola 2024 6.6Mt / 2025 7.6Mt 16.3c/ha (prelim 2025) + FAOSTAT QCL shape 2005-2021/USDA-GAIN validation; district=oblast_anchor*agrocoef (downscaling, documented)"
2006,Кокшетау,spring_wheat,12.75,"BNS stat.gov.kz (dynamic-tables akmola/1485; gross-harvest 2024 pub. 04.02.2025) + grainunion.kz/APK-Inform anchors 2022-2024 + akimat Akmola 2024 6.6Mt / 2025 7.6Mt 16.3c/ha (prelim 2025) + FAOSTAT QCL shape 2005-2021/USDA-GAIN validation; district=oblast_anchor*agrocoef (downscaling, documented)"
2006,Кокшетау,barley,13.46,"BNS stat.gov.kz (dynamic-tables akmola/1485; gross-harvest 2024 pub. 04.02.2025) + grainunion.kz/APK-Inform anchors 2022-2024 + akimat Akmola 2024 6.6Mt / 2025 7.6Mt 16.3c/ha (prelim 2025) + FAOSTAT QCL shape 2005-2021/USDA-GAIN validation; district=oblast_anchor*agrocoef (downscaling, documented)"
2007,Кокшетау,spring_wheat,14.08,"BNS stat.gov.kz (dynamic-tables akmola/1485; gross-harvest 2024 pub. 04.02.2025) + grainunion.kz/APK-Inform anchors 2022-2024 + akimat Akmola 2024 6.6Mt / 2025 7.6Mt 16.3c/ha (prelim 2025) + FAOSTAT QCL shape 2005-2021/USDA-GAIN validation; district=oblast_anchor*agrocoef (downscaling, documented)"
2007,Кокшетау,barley,14.79,"BNS stat.gov.kz (dynamic-tables akmola/1485; gross-harvest 2024 pub. 04.02.2025) + grainunion.kz/APK-Inform anchors 2022-2024 + akimat Akmola 2024 6.6Mt / 2025 7.6Mt 16.3c/ha (prelim 2025) + FAOSTAT QCL shape 2005-2021/USDA-GAIN validation; district=oblast_anchor*agrocoef (downscaling, documented)"
2008,Кокшетау,spring_wheat,10.61,"BNS stat.gov.kz (dynamic-tables akmola/1485; gross-harvest 2024 pub. 04.02.2025) + grainunion.kz/APK-Inform anchors 2022-2024 + akimat Akmola 2024 6.6Mt / 2025 7.6Mt 16.3c/ha (prelim 2025) + FAOSTAT QCL shape 2005-2021/USDA-GAIN validation; district=oblast_anchor*agrocoef (downscaling, documented)"
2008,Кокшетау,barley,11.42,"BNS stat.gov.kz (dynamic-tables akmola/1485; gross-harvest 2024 pub. 04.02.2025) + grainunion.kz/APK-Inform anchors 2022-2024 + akimat Akmola 2024 6.6Mt / 2025 7.6Mt 16.3c/ha (prelim 2025) + FAOSTAT QCL shape 2005-2021/USDA-GAIN validation; district=oblast_anchor*agrocoef (downscaling, documented)"
2009,Кокшетау,spring_wheat,12.44,"BNS stat.gov.kz (dynamic-tables akmola/1485; gross-harvest 2024 pub. 04.02.2025) + grainunion.kz/APK-Inform anchors 2022-2024 + akimat Akmola 2024 6.6Mt / 2025 7.6Mt 16.3c/ha (prelim 2025) + FAOSTAT QCL shape 2005-2021/USDA-GAIN validation; district=oblast_anchor*agrocoef (downscaling, documented)"
2009,Кокшетау,barley,13.26,"BNS stat.gov.kz (dynamic-tables akmola/1485; gross-harvest 2024 pub. 04.02.2025) + grainunion.kz/APK-Inform anchors 2022-2024 + akimat Akmola 2024 6.6Mt / 2025 7.6Mt 16.3c/ha (prelim 2025) + FAOSTAT QCL shape 2005-2021/USDA-GAIN validation; district=oblast_anchor*agrocoef (downscaling, documented)"
2010,Кокшетау,spring_wheat,7.96,"BNS stat.gov.kz (dynamic-tables akmola/1485; gross-harvest 2024 pub. 04.02.2025) + grainunion.kz/APK-Inform anchors 2022-2024 + akimat Akmola 2024 6.6Mt / 2025 7.6Mt 16.3c/ha (prelim 2025) + FAOSTAT QCL shape 2005-2021/USDA-GAIN validation; district=oblast_anchor*agrocoef (downscaling, documented)"
2010,Кокшетау,barley,8.67,"BNS stat.gov.kz (dynamic-tables akmola/1485; gross-harvest 2024 pub. 04.02.2025) + grainunion.kz/APK-Inform anchors 2022-2024 + akimat Akmola 2024 6.6Mt / 2025 7.6Mt 16.3c/ha (prelim 2025) + FAOSTAT QCL shape 2005-2021/USDA-GAIN validation; district=oblast_anchor*agrocoef (downscaling, documented)"
2011,Кокшетау,spring_wheat,16.83,"BNS stat.gov.kz (dynamic-tables akmola/1485; gross-harvest 2024 pub. 04.02.2025) + grainunion.kz/APK-Inform anchors 2022-2024 + akimat Akmola 2024 6.6Mt / 2025 7.6Mt 16.3c/ha (prelim 2025) + FAOSTAT QCL shape 2005-2021/USDA-GAIN validation; district=oblast_anchor*agrocoef (downscaling, documented)"
2011,Кокшетау,barley,17.54,"BNS stat.gov.kz (dynamic-tables akmola/1485; gross-harvest 2024 pub. 04.02.2025) + grainunion.kz/APK-Inform anchors 2022-2024 + akimat Akmola 2024 6.6Mt / 2025 7.6Mt 16.3c/ha (prelim 2025) + FAOSTAT QCL shape 2005-2021/USDA-GAIN validation; district=oblast_anchor*agrocoef (downscaling, documented)"
2012,Кокшетау,spring_wheat,8.77,"BNS stat.gov.kz (dynamic-tables akmola/1485; gross-harvest 2024 pub. 04.02.2025) + grainunion.kz/APK-Inform anchors 2022-2024 + akimat Akmola 2024 6.6Mt / 2025 7.6Mt 16.3c/ha (prelim 2025) + FAOSTAT QCL shape 2005-2021/USDA-GAIN validation; district=oblast_anchor*agrocoef (downscaling, documented)"
2012,Кокшетау,barley,9.59,"BNS stat.gov.kz (dynamic-tables akmola/1485; gross-harvest 2024 pub. 04.02.2025) + grainunion.kz/APK-Inform anchors 2022-2024 + akimat Akmola 2024 6.6Mt / 2025 7.6Mt 16.3c/ha (prelim 2025) + FAOSTAT QCL shape 2005-2021/USDA-GAIN validation; district=oblast_anchor*agrocoef (downscaling, documented)"
2013,Кокшетау,spring_wheat,12.65,"BNS stat.gov.kz (dynamic-tables akmola/1485; gross-harvest 2024 pub. 04.02.2025) + grainunion.kz/APK-Inform anchors 2022-2024 + akimat Akmola 2024 6.6Mt / 2025 7.6Mt 16.3c/ha (prelim 2025) + FAOSTAT QCL shape 2005-2021/USDA-GAIN validation; district=oblast_anchor*agrocoef (downscaling, documented)"
2013,Кокшетау,barley,13.36,"BNS stat.gov.kz (dynamic-tables akmola/1485; gross-harvest 2024 pub. 04.02.2025) + grainunion.kz/APK-Inform anchors 2022-2024 + akimat Akmola 2024 6.6Mt / 2025 7.6Mt 16.3c/ha (prelim 2025) + FAOSTAT QCL shape 2005-2021/USDA-GAIN validation; district=oblast_anchor*agrocoef (downscaling, documented)"
2014,Кокшетау,spring_wheat,12.24,"BNS stat.gov.kz (dynamic-tables akmola/1485; gross-harvest 2024 pub. 04.02.2025) + grainunion.kz/APK-Inform anchors 2022-2024 + akimat Akmola 2024 6.6Mt / 2025 7.6Mt 16.3c/ha (prelim 2025) + FAOSTAT QCL shape 2005-2021/USDA-GAIN validation; district=oblast_anchor*agrocoef (downscaling, documented)"
2014,Кокшетау,barley,13.06,"BNS stat.gov.kz (dynamic-tables akmola/1485; gross-harvest 2024 pub. 04.02.2025) + grainunion.kz/APK-Inform anchors 2022-2024 + akimat Akmola 2024 6.6Mt / 2025 7.6Mt 16.3c/ha (prelim 2025) + FAOSTAT QCL shape 2005-2021/USDA-GAIN validation; district=oblast_anchor*agrocoef (downscaling, documented)"
2015,Кокшетау,spring_wheat,12.85,"BNS stat.gov.kz (dynamic-tables akmola/1485; gross-harvest 2024 pub. 04.02.2025) + grainunion.kz/APK-Inform anchors 2022-2024 + akimat Akmola 2024 6.6Mt / 2025 7.6Mt 16.3c/ha (prelim 2025) + FAOSTAT QCL shape 2005-2021/USDA-GAIN validation; district=oblast_anchor*agrocoef (downscaling, documented)"
2015,Кокшетау,barley,13.67,"BNS stat.gov.kz (dynamic-tables akmola/1485; gross-harvest 2024 pub. 04.02.2025) + grainunion.kz/APK-Inform anchors 2022-2024 + akimat Akmola 2024 6.6Mt / 2025 7.6Mt 16.3c/ha (prelim 2025) + FAOSTAT QCL shape 2005-2021/USDA-GAIN validation; district=oblast_anchor*agrocoef (downscaling, documented)"
2016,Кокшетау,spring_wheat,13.46,"BNS stat.gov.kz (dynamic-tables akmola/1485; gross-harvest 2024 pub. 04.02.2025) + grainunion.kz/APK-Inform anchors 2022-2024 + akimat Akmola 2024 6.6Mt / 2025 7.6Mt 16.3c/ha (prelim 2025) + FAOSTAT QCL shape 2005-2021/USDA-GAIN validation; district=oblast_anchor*agrocoef (downscaling, documented)"
2016,Кокшетау,barley,14.28,"BNS stat.gov.kz (dynamic-tables akmola/1485; gross-harvest 2024 pub. 04.02.2025) + grainunion.kz/APK-Inform anchors 2022-2024 + akimat Akmola 2024 6.6Mt / 2025 7.6Mt 16.3c/ha (prelim 2025) + FAOSTAT QCL shape 2005-2021/USDA-GAIN validation; district=oblast_anchor*agrocoef (downscaling, documented)"
2017,Кокшетау,spring_wheat,13.77,"BNS stat.gov.kz (dynamic-tables akmola/1485; gross-harvest 2024 pub. 04.02.2025) + grainunion.kz/APK-Inform anchors 2022-2024 + akimat Akmola 2024 6.6Mt / 2025 7.6Mt 16.3c/ha (prelim 2025) + FAOSTAT QCL shape 2005-2021/USDA-GAIN validation; district=oblast_anchor*agrocoef (downscaling, documented)"
2017,Кокшетау,barley,14.59,"BNS stat.gov.kz (dynamic-tables akmola/1485; gross-harvest 2024 pub. 04.02.2025) + grainunion.kz/APK-Inform anchors 2022-2024 + akimat Akmola 2024 6.6Mt / 2025 7.6Mt 16.3c/ha (prelim 2025) + FAOSTAT QCL shape 2005-2021/USDA-GAIN validation; district=oblast_anchor*agrocoef (downscaling, documented)"
2018,Кокшетау,spring_wheat,13.26,"BNS stat.gov.kz (dynamic-tables akmola/1485; gross-harvest 2024 pub. 04.02.2025) + grainunion.kz/APK-Inform anchors 2022-2024 + akimat Akmola 2024 6.6Mt / 2025 7.6Mt 16.3c/ha (prelim 2025) + FAOSTAT QCL shape 2005-2021/USDA-GAIN validation; district=oblast_anchor*agrocoef (downscaling, documented)"
2018,Кокшетау,barley,14.08,"BNS stat.gov.kz (dynamic-tables akmola/1485; gross-harvest 2024 pub. 04.02.2025) + grainunion.kz/APK-Inform anchors 2022-2024 + akimat Akmola 2024 6.6Mt / 2025 7.6Mt 16.3c/ha (prelim 2025) + FAOSTAT QCL shape 2005-2021/USDA-GAIN validation; district=oblast_anchor*agrocoef (downscaling, documented)"
2019,Кокшетау,spring_wheat,11.22,"BNS stat.gov.kz (dynamic-tables akmola/1485; gross-harvest 2024 pub. 04.02.2025) + grainunion.kz/APK-Inform anchors 2022-2024 + akimat Akmola 2024 6.6Mt / 2025 7.6Mt 16.3c/ha (prelim 2025) + FAOSTAT QCL shape 2005-2021/USDA-GAIN validation; district=oblast_anchor*agrocoef (downscaling, documented)"
2019,Кокшетау,barley,12.04,"BNS stat.gov.kz (dynamic-tables akmola/1485; gross-harvest 2024 pub. 04.02.2025) + grainunion.kz/APK-Inform anchors 2022-2024 + akimat Akmola 2024 6.6Mt / 2025 7.6Mt 16.3c/ha (prelim 2025) + FAOSTAT QCL shape 2005-2021/USDA-GAIN validation; district=oblast_anchor*agrocoef (downscaling, documented)"
2020,Кокшетау,spring_wheat,12.44,"BNS stat.gov.kz (dynamic-tables akmola/1485; gross-harvest 2024 pub. 04.02.2025) + grainunion.kz/APK-Inform anchors 2022-2024 + akimat Akmola 2024 6.6Mt / 2025 7.6Mt 16.3c/ha (prelim 2025) + FAOSTAT QCL shape 2005-2021/USDA-GAIN validation; district=oblast_anchor*agrocoef (downscaling, documented)"
2020,Кокшетау,barley,13.26,"BNS stat.gov.kz (dynamic-tables akmola/1485; gross-harvest 2024 pub. 04.02.2025) + grainunion.kz/APK-Inform anchors 2022-2024 + akimat Akmola 2024 6.6Mt / 2025 7.6Mt 16.3c/ha (prelim 2025) + FAOSTAT QCL shape 2005-2021/USDA-GAIN validation; district=oblast_anchor*agrocoef (downscaling, documented)"
2021,Кокшетау,spring_wheat,10.0,"BNS stat.gov.kz (dynamic-tables akmola/1485; gross-harvest 2024 pub. 04.02.2025) + grainunion.kz/APK-Inform anchors 2022-2024 + akimat Akmola 2024 6.6Mt / 2025 7.6Mt 16.3c/ha (prelim 2025) + FAOSTAT QCL shape 2005-2021/USDA-GAIN validation; district=oblast_anchor*agrocoef (downscaling, documented)"
2021,Кокшетау,barley,10.71,"BNS stat.gov.kz (dynamic-tables akmola/1485; gross-harvest 2024 pub. 04.02.2025) + grainunion.kz/APK-Inform anchors 2022-2024 + akimat Akmola 2024 6.6Mt / 2025 7.6Mt 16.3c/ha (prelim 2025) + FAOSTAT QCL shape 2005-2021/USDA-GAIN validation; district=oblast_anchor*agrocoef (downscaling, documented)"
2022,Кокшетау,spring_wheat,13.06,"BNS stat.gov.kz (dynamic-tables akmola/1485; gross-harvest 2024 pub. 04.02.2025) + grainunion.kz/APK-Inform anchors 2022-2024 + akimat Akmola 2024 6.6Mt / 2025 7.6Mt 16.3c/ha (prelim 2025) + FAOSTAT QCL shape 2005-2021/USDA-GAIN validation; district=oblast_anchor*agrocoef (downscaling, documented)"
2022,Кокшетау,barley,13.87,"BNS stat.gov.kz (dynamic-tables akmola/1485; gross-harvest 2024 pub. 04.02.2025) + grainunion.kz/APK-Inform anchors 2022-2024 + akimat Akmola 2024 6.6Mt / 2025 7.6Mt 16.3c/ha (prelim 2025) + FAOSTAT QCL shape 2005-2021/USDA-GAIN validation; district=oblast_anchor*agrocoef (downscaling, documented)"
2023,Кокшетау,spring_wheat,9.38,"BNS stat.gov.kz (dynamic-tables akmola/1485; gross-harvest 2024 pub. 04.02.2025) + grainunion.kz/APK-Inform anchors 2022-2024 + akimat Akmola 2024 6.6Mt / 2025 7.6Mt 16.3c/ha (prelim 2025) + FAOSTAT QCL shape 2005-2021/USDA-GAIN validation; district=oblast_anchor*agrocoef (downscaling, documented)"
2023,Кокшетау,barley,10.2,"BNS stat.gov.kz (dynamic-tables akmola/1485; gross-harvest 2024 pub. 04.02.2025) + grainunion.kz/APK-Inform anchors 2022-2024 + akimat Akmola 2024 6.6Mt / 2025 7.6Mt 16.3c/ha (prelim 2025) + FAOSTAT QCL shape 2005-2021/USDA-GAIN validation; district=oblast_anchor*agrocoef (downscaling, documented)"
2024,Кокшетау,spring_wheat,14.28,"BNS stat.gov.kz (dynamic-tables akmola/1485; gross-harvest 2024 pub. 04.02.2025) + grainunion.kz/APK-Inform anchors 2022-2024 + akimat Akmola 2024 6.6Mt / 2025 7.6Mt 16.3c/ha (prelim 2025) + FAOSTAT QCL shape 2005-2021/USDA-GAIN validation; district=oblast_anchor*agrocoef (downscaling, documented)"
2024,Кокшетау,barley,15.3,"BNS stat.gov.kz (dynamic-tables akmola/1485; gross-harvest 2024 pub. 04.02.2025) + grainunion.kz/APK-Inform anchors 2022-2024 + akimat Akmola 2024 6.6Mt / 2025 7.6Mt 16.3c/ha (prelim 2025) + FAOSTAT QCL shape 2005-2021/USDA-GAIN validation; district=oblast_anchor*agrocoef (downscaling, documented)"
2025,Кокшетау,spring_wheat,16.12,"BNS stat.gov.kz (dynamic-tables akmola/1485; gross-harvest 2024 pub. 04.02.2025) + grainunion.kz/APK-Inform anchors 2022-2024 + akimat Akmola 2024 6.6Mt / 2025 7.6Mt 16.3c/ha (prelim 2025) + FAOSTAT QCL shape 2005-2021/USDA-GAIN validation; district=oblast_anchor*agrocoef (downscaling, documented)"
2025,Кокшетау,barley,17.14,"BNS stat.gov.kz (dynamic-tables akmola/1485; gross-harvest 2024 pub. 04.02.2025) + grainunion.kz/APK-Inform anchors 2022-2024 + akimat Akmola 2024 6.6Mt / 2025 7.6Mt 16.3c/ha (prelim 2025) + FAOSTAT QCL shape 2005-2021/USDA-GAIN validation; district=oblast_anchor*agrocoef (downscaling, documented)"
